Actual,Linear Regression,Decision Tree,Random Forest,XGBoost
17.5732217573221,18.865058274879893,10.766180865387243,13.965430115585985,13.227513
11.982742712423,13.653898657855587,9.557962858031642,9.31599902810902,10.041887
22.4209007523446,22.798952803806266,17.538785755282788,18.966906936392252,20.064196
25.9515570934256,23.371674127757352,27.37895501571967,25.71455281952256,25.483906
25.7894736842105,21.32444993175175,27.37895501571967,25.71455281952256,25.483906
4.41176470588235,7.96009266324713,5.329572086379207,4.643225504575679,5.3349137
3.15024232633279,8.236785394709152,5.329572086379207,4.557199284520426,5.07012
9.50920245398773,17.849941460925365,10.766180865387243,11.470455309325187,10.810621
5.81092801387684,8.541829900551875,5.329572086379207,5.056174758401223,5.9409537
2.32134729176149,5.100829834349392,1.7769437267565105,1.845086074518542,1.9840117
2.32246538633318,5.740511297609663,2.2129434002777146,2.124682649008537,2.1298018
26.3656227239621,21.067359215967386,33.0246525096488,32.44326097619946,30.012348
0.87466202115883,0.976294144191221,0.9415118156804346,0.9299262747674262,0.885723
5.29137529137529,8.351188739320072,5.382553799929767,5.160425577333475,5.5690584
10.2955674673387,12.285083268246442,8.889917075835399,9.474554737441686,9.782454
17.3434367460668,13.39286665177225,13.635471702204743,12.651365443321982,12.359227
1.13350125944584,2.1761436817320146,0.9415118156804346,1.547379877975214,1.1673896
10.2398232881035,12.377149422261429,8.889917075835399,9.44826680097868,9.722668
16.3207955036748,13.484932805787235,13.635471702204743,12.651365443321982,12.519381
23.8838883888388,21.990305488477638,23.897558098858376,25.607904181296544,24.924778
17.3312541768768,14.143301104892748,13.635471702204743,12.651365443321982,13.447529
40.034926871862,23.756457171108963,40.03357941866245,37.88104540185396,37.78802
0.79608825668794,-0.9979768707247532,0.6357788393544567,0.7319772274542315,0.50018454
0.83701831964624,-1.4660787909902906,0.6357788393544567,0.7263877678848012,0.47081223
1.71034145745525,2.9359176582016175,1.7769437267565105,1.8139270821531566,1.8867145
1.67107350608143,2.467815737936082,1.7769437267565105,1.7577415895652675,1.6681173
6.71799198481333,9.842710333064934,8.889917075835399,8.254088080088708,8.224797
8.86563876651982,10.73407820442312,9.557962858031642,9.47323870759565,9.463524
0.36874202240816,-2.5078779296781892,0.6357788393544567,0.6908409793860251,-1.0534025
24.919935948759,18.414067260593242,27.37895501571967,27.600076030677602,25.146526
20.0,17.084716413592517,20.018065462015734,20.335930927214477,18.675673
1.92703615251585,3.3908788179135527,1.7769437267565105,1.7527498323011366,1.8867145
21.6797293245963,19.910827558993077,23.897558098858376,22.990621131432132,21.769789
0.74889867841409,0.5271741644289234,0.6357788393544567,0.6739894072752264,0.20381717
3.06818181818181,8.370170679823312,3.175703506880196,3.0576810018762712,4.677816
10.9174311926605,12.304065208749684,9.557962858031642,9.47323870759565,9.516039
7.53942181340341,11.835963288484148,8.889917075835399,8.254088080088708,8.439502
7.90603687799949,6.882668286546867,9.557962858031642,9.47323870759565,6.6325965
10.3565365025466,10.460976473718707,9.557962858031642,9.504263080528672,9.146359
9.68586387434555,11.982186821835231,9.557962858031642,9.504263080528672,9.23676
11.7171006333567,11.500757303095323,9.557962858031642,9.994081167015855,9.544049
2.38568588469184,7.734514641354965,1.7769437267565105,1.6592881080938537,4.062122
3.37423312883435,5.785060714046644,3.175703506880196,2.9256728972040156,3.9129767
11.5997229916897,9.718955242973015,9.557962858031642,9.81141083583742,8.684755
10.8690269868779,10.371998139039306,9.557962858031642,10.566153445059951,9.350835
13.2712686936713,13.033841926801614,9.557962858031642,10.73475489181533,11.343784
31.2516422878164,21.02577188426438,27.676622884115613,29.0819287535386,29.271727
3.0261348005502,3.831069159045228,1.7769437267565105,1.668272426627344,4.3280573
31.0134132972206,20.914325083142927,27.676622884115613,28.191118417166702,28.93855
1.44815601467464,2.9942798985942423,1.7769437267565105,1.668272426627344,1.667368
1.79640718562874,1.169259764721871,1.3290642717523349,1.5442551874254828,1.0034064
1.63564579808234,3.6613537947222827,1.3290642717523349,1.5442551874254828,2.303027
36.2724392819429,22.31422261066588,36.45058448,33.405029803936294,28.591694
36.11030478955,20.260951218090632,27.676622884115613,29.58707172059484,29.468744
1.16985376827896,4.801311666776435,0.48399464158736,0.5622284886838758,2.128428
2.08909370199692,8.735206195702805,2.2129434002777146,1.8414914217115024,2.55997
20.0761179828734,16.11010079083166,17.856647723466402,14.233406332598154,13.860067
32.8200192492781,20.82865516010763,27.37895501571967,25.632461571441095,25.343811
29.1666666666666,21.200277294828965,27.37895501571967,26.727349060847114,26.427713
29.6562749800159,19.433555561388424,27.37895501571967,27.104763630596196,26.2724
0.90576218924648,0.6202634354110375,1.0700828753037899,0.8923263374090475,0.9613672
10.4060913705583,16.500530713230297,10.766180865387243,11.9830563100358,11.459114
26.3691683569979,17.608314096756104,20.018065462015734,20.54161353105933,22.19312
1.36196319018404,2.5225664609447254,0.8397705919692798,1.1568660125328558,2.166071
1.5337614564499,3.6303498444705316,0.8397705919692798,1.2714909590329744,2.456404
24.2338251986379,19.978719042555326,15.14042160286812,16.48845263018518,19.624195
29.5098534613441,20.6184005058156,20.018065462015734,20.547192785440355,23.987831
1.95576489862789,6.924562910136631,1.7769437267565105,1.7958025604414922,1.9486431
1.27723516153268,6.456460989871095,1.7769437267565105,1.7001225097700103,1.7300467
27.0424836601307,23.9126135714817,22.639720431666664,24.10249372781643,26.263985
1.51285930408472,2.8452060720501287,1.7769437267565105,1.7729113261114449,2.1358154
11.2367491166077,11.772638521031594,13.66960727542606,12.378991498984401,11.7138405
0.40183696900114,1.664215308427746,0.7686901803726822,0.718071914366244,-0.0014862518
6.57995409334353,9.507211823822136,4.6127095820823625,7.760491435099296,7.924838
3.4125449019066,6.705893220879923,2.2129434002777146,2.1007972951477005,2.165571
7.89163722025913,12.97300443248297,8.889917075835399,8.920310769604272,9.405515
39.3671521848317,23.693943882224993,41.56307437369425,40.26838407416309,34.82963
1.08852364475201,3.1113963847495034,0.7686901803726822,0.8750516601866409,0.5067983
0.94890510948905,2.6432944644839678,0.7686901803726822,0.8569681224175619,0.79463977
6.52452025586354,10.01818905961282,8.79578855012064,7.425997978865121,7.5353794
15.9074982480728,20.099447046094568,15.14042160286812,15.873390935479053,19.233963
1.001001001001,6.577188993410338,1.7769437267565105,1.6982150904743076,1.5596895
8.24742268041237,13.952083588539193,8.889917075835399,8.946728020682613,9.652831
13.4375997446536,12.872070026507917,9.557962858031642,10.791729361083021,11.691699
1.37844611528822,7.194353884792225,1.9007617327551574,2.1401301972863473,4.7890487
1.16455696202531,4.861137202115549,0.7929856823341588,0.8578755128899737,1.254615
1.50442477876106,4.426260416583483,2.53192344060234,2.752373126629259,2.966096
12.4558303886925,16.044355075469774,9.217877095,14.143739021248642,15.293396
0.21036527060623,-2.5461859578464203,0.35131985533217863,0.35087671764656464,-0.6103688
0.21823472356935,-1.4384025743206132,0.48399464158736,0.3688729512421105,-0.49818173
8.88111888111888,15.54964808702445,11.947757961733299,11.60373289792343,11.194325
3.32855436081242,8.762603166208802,3.88207246385793,4.357477417693678,5.6371136
4.3026706231454,8.472204911648978,5.638662541693369,5.679396205976559,7.160785
0.16583747927031,-3.9996003471476715,0.35131985533217863,0.3409180448317972,-0.27844086
2.86944045911047,4.483077631506987,3.515024551572427,4.00040458736809,3.0864768
0.74733096085409,0.4023961020442348,0.7483473985931051,0.9380849509526701,0.77146804
24.4753910721098,18.030128226649573,23.45064701943062,25.129294871714304,22.858927
0.20836341881047,-1.9130819333263585,0.35131985533217863,0.34076781692438046,-0.1033762
0.22109400589584,-1.273400470066087,0.48399464158736,0.3534431187014985,-0.050917957
0.9054895302773,4.993710741536957,1.9007617327551574,2.125638283529291,3.368114
8.30753353973168,15.074968728018705,7.960368540082911,8.839564800105718,11.059552
11.3430127041742,15.714650191278976,11.947757961733299,11.496585282444151,12.852908
0.89874176153385,1.5527106753344748,1.051125768973845,0.9547421074789889,1.0770596
1.05026256564141,5.127376710094285,1.051125768973845,1.0316433313586313,2.0674508
5.87463078437807,11.39448792169733,7.559469845469107,6.455960455639555,8.379107
19.3320662503394,21.007643987913546,26.991512762997285,19.095510282395043,19.796013
3.35392762577228,7.690105573718408,3.515024551572427,4.0058295718775785,4.9423356
0.96979155055177,4.249105507515925,1.051125768973845,0.9873803619627899,1.4456019
18.824360937684,20.597474705600725,17.92476413464911,19.901452436943767,19.510841
23.2495881383855,21.23715616886099,23.45064701943062,25.1393951169502,23.052618
0.13666854742649,-2.9549008919364947,0.150481211824142,0.25006180665220745,-0.7110919
1.49193548387096,4.888095623457893,1.19937315483024,1.6568984891958645,1.7355788
0.94345803577278,4.4199937031923575,1.9007617327551574,1.590761535838408,1.5091925
2.67204921184159,14.03314976940857,10.766180865387243,7.416949415744943,5.851228
18.7795524777542,19.074827681860747,16.046826709526382,15.90531080973318,16.234728
3.43213728549142,13.377807865387064,4.70645317806889,8.788643067724326,10.147711
0.77469335054874,0.32365173296836947,0.43973134406085146,0.46808944371676714,0.9074698
4.53865910223483,7.698546328097222,4.1382868875,3.7404230687619133,5.2016687
0.09874667679453,-5.599107189300609,0.150481211824142,0.24241175433009376,-0.8206103
5.45722713864306,11.857045392309992,4.70645317806889,9.11966731725778,8.470614
0.50496049426721,-1.1971107401087009,0.43973134406085146,0.4623226341593798,0.4312153
1.46648044692737,5.709681934754614,2.11558244257101,2.4805685619024764,3.2673347
1.18031404784487,5.408214527238494,0.9478030838470013,1.085161331917458,1.2558799
2.28384991843393,6.5159979107643,1.5497210641432932,1.5363836394158255,3.1156645
13.8259833134684,22.396265188583556,22.4468934746252,18.85463931876002,17.65741
0.71958623791319,4.943212792931718,0.48399464158736,0.5149048239909477,1.5961797
6.35838150289017,11.210324004534762,10.5343511450381,7.137199586192776,8.779131
15.210355987055,12.318107388060572,5.337518698051104,6.918880243158003,13.271982
7.03703703703703,15.144218533461133,15.2091254752851,10.779422545810087,12.787209
0.41878423052252,0.18346513780618334,0.48399464158736,0.40136578042189425,-0.73887396
1.22316311692755,6.450576349409229,1.9007617327551574,2.26534718210835,3.5127368
4.18668496911462,16.063732415625445,8.192228149004183,9.59922967421441,9.2800865
13.6727272727272,17.17151579915125,17.7101381247479,19.18888096130729,16.800388
3.3765797740953,10.3844708783356,4.331437708161874,4.768884757961796,6.402735
12.6016260162601,17.543066323659843,9.920634921,18.284580022795357,19.583824
0.71572846228154,2.6935312911303972,0.48399464158736,0.43931291649555143,0.1608756
5.08305647840531,9.42874442299898,3.175703506880196,3.193716752832849,5.578993
9.95594713656387,10.06842588625925,5.337518698051104,5.144141303742373,6.950482
16.2765078490773,14.00232041518562,13.635471702204743,12.043847814576832,10.990143
24.072265625,22.97579501814156,22.4468934746252,22.159929146402895,24.949322
17.3380035026269,22.50769309787603,22.4468934746252,18.85711909119596,18.90533
29.1370208859306,22.3964636113594,33.99287764870438,34.12829612326928,31.500338
0.68716715341006,-0.15304471703504863,0.9037059881003024,0.7920866924068497,0.7065745
12.3893805309734,16.83500594431002,10.766180865387243,11.740149161029853,11.548668
2.5230397340988,4.888633195417131,2.2129434002777146,2.061423545676995,2.8634286
1.19277707217405,1.664426139285836,0.9037059881003024,0.7903834728216349,0.76542896
10.4568527918781,9.039320734414687,5.337518698051104,5.757995112461258,6.5356574
17.1597633136094,18.012795337370626,15.14042160286812,16.214707493825493,16.260733
2.54345399457821,5.598320668212205,2.2129434002777146,2.050408413748892,2.8634286
11.253622155717,12.333533800080787,9.557962858031642,9.267539645499006,9.320292
1.76991150442477,4.0109047688232655,3.175703506880196,3.2496209451054687,2.2007797
1.12243581473358,0.5699047026207831,1.7769437267565105,1.7185319456837547,1.2235597
23.953488372093,17.557955363965846,27.37895501571967,27.470375480428594,25.099909
10.9773515609059,10.759995845594851,9.557962858031642,9.328223080239908,9.357927
7.47238466536712,7.739417213305608,9.557962858031642,9.328223080239908,8.762112
1.242456514022,0.01816290286732869,1.7769437267565105,1.7179720496173414,0.85294765
0.82135523613963,-0.43331915559404255,1.7769437267565105,1.7179720496173414,1.3806641
7.64604810996563,6.94157543953481,9.557962858031642,9.328223080239908,7.3778753
3.1675547661338,4.474058886888195,1.7769437267565105,1.7155181069819796,5.987377
37.6,23.730867768923005,27.37895501571967,27.640015972237105,26.536755
23.076923076923,17.104762978590436,19.993078222401603,22.867593357695633,22.614365
0.92861288450377,-0.7536256339354628,0.9844734490090278,1.0692098213193943,0.6174748
33.3333333333333,16.234425027409607,19.993078222401603,22.867593357695633,22.793428
28.6713286713286,16.98532545592103,23.480654704086852,23.21078911361229,24.272253
4.88997555012225,9.423303564300117,7.030109381593771,7.857864027088832,8.623822
3.83693045563549,7.204291519518484,3.175703506880196,3.355796084239234,5.1410093
7.77777777777777,16.817447585734698,15.14042160286812,15.984272842566197,15.38516
15.7894736842105,18.548903726430204,23.480654704086852,23.229304196012308,24.285278
8.71794871794871,7.127321562344553,7.030109381593771,7.857864027088832,7.7363553
32.0588235294117,16.740477628560765,16.55172414,25.70802212881172,23.44787
19.5390436876505,17.339539156062877,15.14042160286812,15.879710706080562,15.70432
24.2579908675799,17.979220619323144,20.018065462015734,20.288380801485655,18.58776
1.47013368364114,4.285383023644181,1.82117935741124,1.213323374545586,1.5907457
1.11362043454559,3.817281103378644,1.82117935741124,1.196946519421522,1.5424436
8.03331842576028,11.660277618773033,7.030109381593771,7.857864027088832,8.573757
30.2308685824991,21.913115148249517,28.7765957446808,33.78516045711981,31.91222
24.2009132420091,18.060351830721245,23.480654704086852,23.21078911361229,24.138426
0.28161081385525,-2.062646452282509,0.35131985533217863,0.44993513368389515,-0.21801725
10.0,14.925404209062556,10.766180865387243,11.53081639275485,10.288049
6.63478780633592,13.151712513072463,7.096717231421883,7.8757000088226405,8.544318
10.102385603655,7.940552896048155,10.385311608074353,9.991258332164646,8.693143
7.24002885705452,17.085607041998834,7.096717231421883,8.246814642893813,9.940209
6.25,8.045172299733707,6.401810770361656,7.155916758094097,6.827721
7.61245674740484,17.65832836594992,7.096717231421883,8.530432476094314,8.974183
6.71140939597315,-1.3769464914007497,5.760699242890334,5.628328489059739,5.567081
3.91304347826087,5.9979481037281035,6.401810770361656,7.155916758094097,6.827721
8.42105263157894,15.611104169944317,7.096717231421883,8.530432476094314,8.974183
1.93861066235864,2.523439632901722,3.9414335035009676,3.463892037142844,5.1076436
5.8282208588957,12.136595699117935,7.096717231421883,7.342290361620078,7.4328327
12.7906976744186,-0.49349710459129525,5.760699242890334,5.631935949491398,6.571497
3.25238508239375,2.828484138744443,3.9414335035009676,3.7883102432352245,4.978924
4.00546199362767,-0.6125159274580394,5.760699242890334,5.629123665981544,5.455714
4.86824475212148,0.027165535802231133,5.760699242890334,5.767103097591161,5.7752066
7.13765477057538,15.354013454159954,7.096717231421883,7.858173039732447,9.129185
6.70876658137804,-4.73705161761621,6.97481004239702,7.5453917166992195,5.8753033
6.58896658896659,2.637842977512642,7.133726961345371,6.851685309496459,5.1435375
7.75121928925393,6.571737506439012,8.542488435310263,7.5055071347834685,7.70509
10.5270311597403,7.679520889964818,8.542488435310263,8.194024201278193,7.964768
8.33333333333333,-1.2082457117003358,8.914357797167181,8.992567542395921,8.287865
7.16084922634041,-3.537202080075417,6.97481004239702,7.648808931666037,6.273899
7.27358788261281,6.663803660453998,8.542488435310263,7.504038462821276,7.645303
10.2788586251621,7.771587043979805,8.542488435310263,8.156399357071091,8.124923
6.61566156615661,16.27695972667021,7.096717231421883,7.722289577101038,8.842195
10.8108108108108,-1.767469756037256,8.914357797167181,8.992567542395921,8.287865
5.75850642528085,-6.711322632532184,1.5648426691994264,3.354136382066136,3.8196216
6.93909962738989,-2.777428103605814,5.760699242890334,6.630098217235213,5.718205
5.83700440528634,5.020732442615689,6.401810770361656,6.23148465192703,6.2734785
6.24499599679743,12.700721498785814,7.096717231421883,7.340333310302523,7.4547415
5.66581569628592,-2.322466943893879,5.760699242890334,5.79316585005416,5.58159
6.32193494578815,6.590719446942252,6.401810770361656,6.23148465192703,6.3259945
4.52134377368022,1.1693225247394352,6.401810770361656,6.23148465192703,3.6686156
5.80645161290322,4.747630711911276,6.401810770361656,6.6080037147047825,5.830089
6.15183246073298,6.2688410600278015,6.401810770361656,6.6080037147047825,6.1217546
4.64461646727656,5.787411541287893,6.055177986074613,4.977413385224184,6.105226
7.45526838966202,2.0211688795475338,12.14539007,9.058472396871696,7.5843906
5.12465373961218,4.005609481165584,4.179105834,4.841217977992444,5.54987
6.78385739044318,4.658652377231875,6.055177986074613,5.016126796223042,5.9482627
2.72358126176091,7.320496164994183,3.8792492833561965,3.5406349145884373,7.707279
4.62468249102216,15.312426122456948,7.096717231421883,6.2839532663271065,6.8025904
5.91471801925722,-1.8822766027622038,2.9005301282441756,3.7466894356086846,5.755641
6.60346940091571,15.200979321335495,7.096717231421883,6.5308685463668095,7.8193107
2.85769453562463,-2.7190658632131885,2.9005301282441756,3.7466894356086846,4.16194
2.53164556962025,-2.478306889212524,3.42223530787623,4.096359471122333,5.5180182
3.92548236859614,-4.54408599708556,3.42223530787623,4.134558922773365,4.0050564
3.32769317540891,-2.051991967085149,3.42223530787623,4.181968734141564,4.837302
4.4350580781415,16.600876848858448,7.096717231421883,6.363826733741272,7.2795978
5.16690856313497,14.547605456283199,7.096717231421883,6.410552582499824,8.294165
5.53571428571428,5.59307282656598,6.401810770361656,6.246687722723399,6.2853594
3.91451068616423,-0.9120340950309966,3.90568888732591,3.3655598440127186,3.5177274
7.68049155145929,3.021860433895374,5.760699242890334,5.6230273941560895,4.8650985
9.46717411988582,10.396755029024227,7.603625734344522,7.245683205574386,7.233054
9.89399293286219,-3.8738995496679465,5.760699242890334,5.574660385668873,3.69145
13.9557266602502,15.115309398300196,7.096717231421883,7.375964938860371,8.129627
6.84931506849315,7.127985157811652,6.401810770361656,6.1459153497060335,6.6112103
6.1550759392486,13.72020979958099,7.096717231421883,7.372752710838296,8.54237
2.67874349585662,-5.093082326396393,2.516551796896218,2.5226181994978036,2.751913
3.55329949238578,10.787184951422864,7.096717231421883,5.539653784647308,5.6801434
4.86815415821501,11.89496833494867,8.944227529223435,7.480130472730384,7.1604652
2.79141104294478,-3.1907793008627063,2.516551796896218,2.508597619716211,3.3320417
3.14234054492175,-2.0829959173369,2.516551796896218,2.519107509614487,3.806981
5.84562996594778,14.265373280747896,7.096717231421883,5.810026769905872,8.277194
6.51844365841334,14.905054744008167,8.944227529223435,7.486784675424495,9.191491
5.91849272987917,1.2112171483292,5.760699242890334,5.283632927315685,5.1394362
4.21809595363314,0.7431152280636644,5.760699242890334,5.327761712474558,5.110064
9.16666666666666,18.199267809674268,7.096717231421883,7.410393223134846,9.0498
5.64800806858295,-2.868139689757303,5.760699242890334,5.331366291830405,4.8898764
7.91519434628975,6.059292759224163,6.401810770361656,6.1459153497060335,7.0762067
3.90206579954093,3.793866062014704,3.9414335035009676,4.1215102922472235,5.7808332
2.48702422145328,-2.6019493770579274,2.516551796896218,2.5732613670016615,2.4784021
2.3941605839416,-3.070051297323463,2.516551796896218,2.5604390379905984,2.1753778
2.98507462686567,4.304843297805389,3.9414335035009676,3.849196605947558,4.858571
5.53608969866853,14.386101284287138,7.096717231421883,5.886733628552065,6.784778
3.3033033033033,0.8638432316029068,5.760699242890334,5.328771714455224,4.5170755
4.29553264604811,8.23873782673176,5.889865435293477,5.537697496269352,6.244831
6.58793488669007,7.158724264700487,6.401810770361656,6.255169317327812,7.254709
6.79012345679012,-1.9906809538222117,5.760699242890334,5.331366291830405,4.8898764
5.19480519480519,5.3842136413066415,6.401810770361656,6.1459153497060335,6.6112103
2.25563909774436,1.481008122984794,2.9758098915538302,3.0980911548021943,3.9052057
4.25316455696202,-0.8522085596918831,3.619470135688087,4.747422752920519,4.3582172
7.1113074204947,10.331009313662342,6.5250092260026324,6.9861149884938705,6.016856
1.64945496270797,-8.259531719653852,1.5648426691994264,1.6848344771674593,2.2860873
1.25484966052376,-7.151748336128044,1.5648426691994264,1.7022278230542407,2.422857
2.3076923076923,9.83630232521702,3.123828673465875,4.750111015587809,4.849728
4.69295101553166,3.0492574044013696,4.567547591036728,4.92684552423848,4.468712
6.97329376854599,2.758859149841547,6.401810770361656,6.106267257946825,5.0722537
4.63819691577698,-5.310949659763196,5.760699242890334,5.695938186385004,3.9653344
2.91296185505332,-7.626427695133788,3.6982490431764017,2.8426768062134347,2.5822153
3.2631837536849,-6.986746231873518,3.6982490431764017,2.848895351523359,2.6887262
1.78268251273344,-0.7196350202704735,2.9758098915538302,3.1219911052702347,3.0939486
3.19917440660474,9.361622966211273,3.123828673465875,3.629298300147299,4.63172
3.72050816696914,10.001304429471544,3.123828673465875,4.853882262799707,4.693142
5.8390979900866,-4.160635086472956,5.760699242890334,5.757975158654489,4.7044063
7.87119856887298,-0.5859690517131462,5.760699242890334,5.84718472381084,5.6334023
5.35362651788644,5.681142159889899,4.567547591036728,5.472946861450388,5.8653297
8.17268531088786,15.294298226106113,10.205819079247723,10.537567175499197,7.731369
7.51560843444457,14.884128943793291,6.5250092260026324,6.88323716646573,7.543819
1.00056422794809,-8.668246653743926,1.5648426691994264,1.366716551474327,1.4165294
0.70208728652751,-0.8252501383495385,1.30748156872458,1.5299810763988821,1.6149174
0.57655768852781,-1.2933520586150742,1.30748156872458,1.4757179181512006,1.6751114
0.96116878123798,8.319804007601139,2.0197639811438157,2.1094512230901223,2.5721042
3.5444357571019,13.361481920053317,3.5069000810000004,3.234844324919399,3.7063942
2.34009360374415,7.664462103579633,2.0197639811438157,2.5834306554159436,2.5092762
6.57054730650599,-5.389694028839061,5.760699242890334,4.845430033845306,3.5483613
4.26649288917851,1.985200566289791,2.315625333371916,2.3014412957065233,2.8479087
2.54262460642785,-6.910456501916132,2.258738361666667,3.424616675908756,3.2815394
4.62640952682053,-0.30513123456893787,3.74010015834472,4.719486298027787,4.7570195
5.69603045133224,0.8026521489568683,3.74010015834472,4.7595235435495615,5.434738
8.70083432657926,16.682919426776127,9.557546089222251,8.1994741302017,8.659231
1.2310652785316,-5.5298806240012475,1.5648426691994264,1.5011566215996834,1.4914187
1.77914635189462,0.7372305876017986,3.9414335035009676,2.8106720577082376,2.9900906
2.53946465339739,10.350386653818012,5.117532387876602,4.615449311978197,4.7440047
3.81818181818181,11.458170037343818,7.418782297261334,6.6952422406992405,5.5387936
3.62358809563778,4.671125116528168,3.3846475535589264,4.089248042729241,4.558057
2.13840344252217,-3.0198144706770336,1.5648426691994264,1.632267698117404,2.5066984
3.35548172757475,3.715398661191548,3.9414335035009676,4.188253527182507,4.3220983
3.70044052863436,4.355080124451819,4.569171979352446,4.957099218216886,4.7581315
7.43596805287799,8.288974653378189,7.603625734344522,7.229561973338184,6.2336187
8.349609375,17.262449256334133,9.557546089222251,8.34717842000731,7.821851
7.18038528896672,16.794347336068597,9.557546089222251,8.142914007286848,7.6310754
11.9807206793665,16.68311784955197,9.557546089222251,9.530226908877195,8.691323
3.32778702163061,-3.431825350032403,3.74010015834472,3.7462816799636305,4.0913568
8.48484848484848,12.808186098451689,6.401810770361656,7.198341306460228,11.822338
6.43878734330995,-4.048919622521595,6.037340072868265,6.0363137213646,4.667568
8.2741116751269,3.3259749726072556,6.648220548975704,6.183934813247476,4.86049
5.91715976331361,12.299449575563198,7.096717231421883,6.072329606801662,6.433729
9.9027268378249,-0.11502509359522595,9.577496246403287,8.389030656223106,7.6328425
9.00194765094295,6.620188038273357,6.401810770361656,7.10791836244689,6.622838
5.17352599664559,-5.143441059186648,7.384788143920023,7.979817989512063,6.224941
8.37209302325581,11.844609602158418,7.096717231421883,7.426804143431766,7.321621
8.26361966945521,5.04665008378742,6.401810770361656,6.533991821627962,6.2961464
4.74333983105913,2.0260714514981766,6.401810770361656,6.533991821627962,4.7064037
6.04026845637584,-5.460138698511631,7.384788143920023,7.9593272724572754,5.069231
3.43213728549142,1.914755896617221,6.401810770361656,6.533991821627962,4.5474606
6.03478878239261,-5.695182858940102,7.384788143920023,7.9593272724572754,5.7179604
7.52908966461328,-6.146664917401473,7.384788143920023,7.9593272724572754,6.4206324
5.41237113402061,1.228229677727379,6.401810770361656,6.533991821627962,5.385435
6.63114268798105,-1.2392868749192356,7.384788143920023,8.186648866481555,7.3039436
10.4,18.017522007115577,7.096717231421883,7.5383468188218945,8.891684
1.3550135501355,-5.596633444562059,5.760699242890334,5.341113640214399,3.8903527
6.99300699300699,11.391417216783006,7.096717231421883,7.375964938860371,6.1408486
8.39160839160839,11.271979694113597,7.096717231421883,7.383985808326207,7.625271
3.5756853396901,-2.2412576439819922,5.760699242890334,5.3780602008417535,4.5177608
3.93939393939394,-4.100485155219749,5.760699242890334,5.3780602008417535,4.4807544
10.576923076923,-3.630107278466177,5.760699242890334,5.3780602008417535,5.4390655
7.17948717948718,1.4139758005371217,6.401810770361656,6.398032477649578,6.1846323
15.0,11.027131866753333,7.096717231421883,8.952305111210755,8.104757
4.85036119711042,11.626193394255443,7.096717231421883,5.837279617633908,6.0348268
5.30821917808219,12.265874857515715,8.944227529223435,7.639145007055723,6.429653
8.33590912603353,-1.4279627381632505,5.760699242890334,5.959811247010151,5.2110133
7.51499104431119,-1.896064658428788,5.760699242890334,6.008473733115946,5.181641
6.99165175909362,5.946931856965603,6.401810770361656,6.360731143613761,5.718168
8.80690991281885,16.199769386442085,8.944227529223435,9.426970133641998,8.227329
11.8721461187214,12.347006068913814,7.096717231421883,7.383985808326207,7.491445
11.7752540346682,11.10886742974779,8.461543052651049,8.801897741174965,7.5870824
4.23478056137091,5.897707812723482,2.6761647339746357,3.191557935689066,3.8278093
12.7177161702566,15.042761958674157,8.461543052651049,9.246093929222207,9.025312
9.47368421052631,13.568259086619644,8.461543052651049,8.46094250905772,8.213402
1.77797051170858,0.7856390554197699,1.871938571094364,2.0163888147018665,2.601671
0.59171597633136,-2.6553610107827126,1.39211136890951,0.9216809990506515,1.3335905
10.5608157319737,13.31116837083528,11.29620154666094,11.102928187654488,9.533178
0.31393470883916,-6.779896700940883,0.3430205166331706,0.32730034625568016,0.48257476
1.97358197358197,0.5949978941879683,2.3689303219310176,2.0267886057535343,2.0506175
3.71695513929604,4.528892423114338,4.19167630884459,3.375294730910708,3.9981394
5.21934146590098,5.636675806640145,4.19167630884459,4.063255134399322,4.4964414
0.41381792011514,-5.58004716340009,0.3430205166331706,0.32841366213932355,0.81133467
3.7446092353003,4.620958577129324,4.19167630884459,3.408201814973211,3.9383523
5.33938607868569,5.728741960655131,4.19167630884459,4.106280113181665,4.656595
13.055805580558,14.234114643345537,11.29620154666094,11.432891101786018,10.175354
0.31924351410328,-8.754167715856857,0.3430205166331706,0.3276879558636611,0.9076638
0.82462891698735,-4.820273186930487,0.578751811235744,0.6586876397210554,1.6351756
3.68942731277533,2.9778873592910147,4.19167630884459,3.955707904347956,3.715354
10.7886309047237,10.65787641546114,11.29620154666094,10.327983442442292,8.429124
0.83175492053034,-4.365312027218552,1.628664495114,0.9642948196532217,1.6351756
1.47727272727272,0.6139798346912073,1.871938571094364,2.127285284607183,1.5420134
3.96997497914929,4.547874363617579,4.19167630884459,3.955707904347956,3.76787
3.68779994948219,-0.873522558585238,4.19167630884459,3.955707904347956,3.16351
4.14261460101867,2.7047856285866025,4.19167630884459,4.004278258298934,3.478685
4.26929392446633,3.744566457963219,3.241485700829528,3.3406860350962835,3.4031527
1.19284294234592,-0.0216762037771403,0.578751811235744,0.6488780946351637,1.8362776
3.80886426592797,1.9627643978409104,3.241485700829528,3.2623992185550907,3.1003463
4.48130725427085,2.6158072939072015,3.241485700829528,3.2786447789392406,3.2099373
2.92165989897989,5.277651081669509,3.241485700829528,3.187752967915663,5.20289
9.28440045546115,13.269581039132273,8.461543052651049,8.728279941893435,8.312744
8.41071774037531,13.15813423801082,8.461543052651049,8.50391106707322,8.423553
0.55995365900753,-4.761910946537862,0.578751811235744,0.6221754011987816,1.2593538
0.66533599467731,-6.586931080410233,0.578751811235744,0.6249988464800557,1.0924647
1.01522842639593,-4.094837050409822,0.578751811235744,0.6249988464800557,1.712119
11.7271407837445,12.504760372958525,10.348601412297956,9.580319553700063,8.953752
6.8334937439846,13.072464314975523,8.461543052651049,8.150442725762543,8.162927
9.27258193445243,11.677364716256317,8.461543052651049,7.571047411524533,8.024432
0.50748377979058,-7.135927409721068,0.3430205166331706,0.3328204952228686,0.123837665
6.09137055837563,8.74433986809819,8.461543052651049,6.714171112428288,7.757642
4.46247464503042,9.852123251623997,8.461543052651049,6.882736823879326,8.347803
0.1963190184049,-5.2336243841873795,0.3430205166331706,0.32768867363861603,0.17771004
0.29927052808778,-4.125841000661573,0.3430205166331706,0.3316102363907108,0.62989664
5.16458569807037,12.222528197423223,8.461543052651049,6.586158985287247,7.4388742
5.30570995452248,12.862209660683494,8.461543052651049,6.73875297726715,8.77224
0.52221994675404,-0.831627934995474,0.578751811235744,0.5886597436336264,1.1156768
0.34345819469786,-1.2997298552610097,0.578751811235744,0.5500047105345731,1.0724902
5.9313725490196,16.156422726349597,8.461543052651049,7.246307529800472,7.564889
2.37184391736801,1.7510209786900308,1.871938571094364,1.9586267185537585,2.526574
0.22347174163783,-4.644794460382601,0.3430205166331706,0.3281328561302636,-0.25596744
5.74632095304835,12.343256200962465,8.461543052651049,6.817756039813742,7.1697555
2.89818065751675,5.115879181375813,2.6761647339746357,2.7537233063818602,3.5469992
4.50530035335689,8.288164230337667,4.852667764867301,5.107615327014082,5.5984774
0.09083954867087,-10.302376802978527,0.3430205166331706,0.293508486767595,-0.6077186
0.24854510184287,-9.194593419452717,0.3430205166331706,0.3080377109704376,-0.470949
3.7062937062937,7.793457241892345,3.952027879120184,3.830449430239781,4.4845204
1.50059737156511,1.006412321076696,1.5306832353904785,1.9625515323065628,1.6157769
0.61289047054171,-7.353794743087869,0.578751811235744,0.5655852220298178,0.6009825
0.20423741051719,-9.669272778458462,0.3430205166331706,0.30150441990396826,-0.36419553
0.26613167376351,-9.029591315198191,0.3430205166331706,0.3128779346905787,-0.25658822
0.59422750424448,-2.7624801035951467,1.408020567371062,1.4398466535237233,0.90523565
6.75954592363261,7.3187778828866,4.634614150372035,5.251600355549515,4.6653914
6.62431941923775,7.958459346146871,4.634614150372035,5.118080111430672,4.643944
0.41396590228225,-6.203480169797631,0.578751811235744,0.5333181343720443,0.9953992
0.68959547579202,-2.6288141350378194,0.578751811235744,0.5894351070728419,1.5059288
1.39071217591073,3.638297076565226,1.5306832353904785,2.126438929717958,3.069523
6.55715449361933,13.25145314278144,6.97370110782105,6.052687254101489,8.122515
7.48026858287195,12.841283860468618,6.201308840561095,6.271949783007765,6.748707
0.08526111215597,-10.711091737068601,0.16822352067267413,0.2458993302798189,-0.72012603
1.66271347248576,-2.8680952216742117,1.871938571094364,1.939596631853115,0.8566902
0.95656161960296,-3.3361971419397474,1.4307247379947299,1.638231047024066,0.85765636
4.6712802768166,6.276958924276465,5.555857497257188,5.453505429134602,4.9577403
6.20276257492833,11.318636836728643,5.555857497257188,6.420193018347536,6.0929117
4.36817472698908,5.621617020254959,8.22368421052631,6.245526747537541,4.7071323
0.52363532027831,-7.432539112163736,0.463691280535704,0.4762622463819551,0.7754242
3.17782803695327,-0.05764451703488316,2.6761647339746357,2.739666680872213,2.0411143
3.39233038348082,4.100854547177887,5.3130221824145,5.7173606691400405,4.02684
0.56139725539119,-8.953301585240807,0.463691280535704,0.48319996440364316,0.53186303
0.15850890610351,-7.572725707325921,0.17824692118455102,0.21952295487797333,-0.9444395
0.50466170558549,-1.3056144957228755,0.8863728982266412,0.9568313486725495,0.77655685
1.83024479524136,8.307541570493338,2.6787718363965163,3.096008971804691,4.992331
2.32727272727272,9.415324954019145,2.6787718363965163,3.242218357825298,5.0476055
1.05278304036068,2.6282800332034952,1.8143751775876558,1.626393546389841,1.7493821
0.241503468868,-5.062659554001707,0.17824692118455102,0.2271949176470663,-0.25414562
1.19601328903654,1.672553577866875,0.8863728982266412,1.053490140565107,1.444191
1.49779735682819,2.312235041127145,1.2148793417544002,1.271248396771141,2.0117345
2.28587166069953,6.246129570053515,1.8143751775876558,2.1090237679852315,3.3638024
6.494140625,15.21960417300946,6.042183205737452,6.233659516510812,7.116643
6.04203152364273,14.75150225274392,6.042183205737452,6.163260639021231,7.8590136
6.34610970851503,14.640272766227296,5.211862135181965,6.320984349610911,8.127208
0.54116737533822,-6.091764705846268,0.3430205166331706,0.3249777970884567,0.174917
4.11167512690355,1.2831298892825824,2.913644561996249,2.822055616889566,2.1543589
7.2189349112426,10.256604492238523,8.461543052651049,8.418398368347676,6.386611
0.9408387816935,-2.1578701769199,0.578751811235744,0.6175864377924141,2.1750505
4.48434753693411,4.577342954948683,2.6761647339746357,3.6408403195263617,3.4281735
1.45385587863463,-3.7452860763088385,2.717831665968243,2.199020285989314,1.0863267
0.60637337117791,-7.186286142511323,0.578751811235744,0.6442078570307086,0.78689253
9.06976744186046,9.801764518833743,8.461543052651049,8.72039080430207,8.740073
3.13201387471944,3.003805000462747,2.6761647339746357,2.9251751401959867,3.2374663
2.1117608836907,-0.016773631826496604,2.6761647339746357,2.9251751401959867,1.6378785
0.70997515086971,-7.738027942264777,0.578751811235744,0.5968610619898257,0.8249
0.62166962699822,-3.2821319582439106,0.578751811235744,0.5968610619898257,1.320787
12.8,15.974676923790904,8.461543052651049,8.76139660598268,8.386718
8.39160839160839,9.348572133458333,8.461543052651049,9.041585729956047,7.09789
10.3174603174603,8.4782341822775,8.461543052651049,9.041585729956047,7.2769547
9.42552459580323,9.58334831093077,8.461543052651049,8.858452886075147,6.749311
8.73287671232876,10.22302977419104,8.461543052651049,8.94296959371228,7.007441
0.66262267212734,-3.4708078214879237,0.578751811235744,0.5554775456801935,1.3384045
0.57627910598863,-3.938909741753461,0.578751811235744,0.5307057690353834,1.3090323
3.70639534883721,3.904086773640929,2.6761647339746357,2.925369075377696,2.9209971
9.57378107846303,14.156924303117412,8.461543052651049,9.454752489292892,8.754527
11.4155251141552,10.304160985589139,8.461543052651049,9.037651004717171,7.655623
0.14508339113336,0.7983277631731491,0.21760633,0.7880712170932667,1.5303364
5.30787422265043,8.170200989581941,4.8979405623774595,4.141418290480076,4.2864885
5.95537499193912,8.058754188460489,4.8979405623774595,4.225642179102044,5.3884583
4.1385948026949,7.973084265425189,4.250427183216777,3.840364422449693,3.38562
4.62542565266742,7.1231481478728895,1.7602193574839986,3.955754236172334,5.0545216
4.01960784313725,11.057042676799261,4.250427183216777,4.540900128503827,4.2841434
4.3447792571829,7.243876151412131,1.7602193574839986,3.1627849371210623,4.144134
2.06398348813209,2.2193978333362674,1.7602193574839986,2.076690650277368,2.1518278
2.20285074802685,7.741903810918284,3.0052404086873743,2.6077405755871257,3.1769798
0.03557874762808,-7.967475271224545,0.5777818220651505,0.26926614534337995,0.09579325
14.2259414225941,19.837863823201666,15.073184974490726,13.910491454214807,16.761015
6.51411699575567,14.62670420617736,7.76658228443342,8.00738845475551,9.364788
13.9209522827991,23.77175835212804,17.888492579929014,15.667054365410104,18.290537
13.1487889273356,24.344479676079125,17.888492579929014,16.46735374502634,19.746126
0.89615181866104,0.43018294453444383,1.1736453761624601,0.9538261828544556,0.81401604
1.84563758389261,5.309204818728454,1.9440609617098952,1.8380263766307856,1.9940461
8.26086956521739,12.684099413857307,7.76658228443342,8.761849209505533,11.3392105
16.3157894736842,22.297255480073524,17.888492579929014,16.480828763353642,19.746126
19.1176470588235,8.9328982115689,18.825910931174,19.7749329059927,14.593101
15.3473344103392,9.209590943030925,16.29677811716843,16.825344281335575,13.545556
31.5950920245398,18.822747009247138,31.39636540720223,31.93045891609865,29.21096
21.3790112749349,9.514635448873648,20.129339971074568,20.076236107336882,16.588257
5.02958579881656,6.073635382671164,4.8551612583618535,4.764165285322141,3.3650808
5.4935238945958,6.713316845931435,4.8551612583618535,4.79242151783328,3.6273813
7.5,7.760074137741833,4.8551612583618535,4.795187393080884,7.008227
14.6596858638743,8.291352039334999,20.129339971074568,20.159567563161026,16.199194
18.8612099644128,9.399135422860807,20.129339971074568,20.08564022527172,16.403385
22.9716981132075,12.225246568261369,21.36473425030825,20.934726599063392,18.68519
23.9483747609942,13.333029951787177,21.36473425030825,20.778827738986646,18.950275
13.1099781500364,22.04016476428916,14.305776039787089,13.74902779290909,13.973304
0.59339103925091,1.949099692512993,0.7159801804074052,0.6901621412082115,0.6928737
3.77622377622377,9.323994287641845,5.738444426387533,5.364668984725122,6.4450045
7.48026612171347,13.257888816568215,6.5336046204063365,6.827010744967656,8.363722
5.27982602195113,14.365672200094023,6.5336046204063365,5.758411197310976,7.845891
0.55775458798128,3.1489492300537867,0.7159801804074052,0.6893830130849067,0.49782512
7.7048490585884,13.349954970583202,6.5336046204063365,6.83471523470823,8.4166355
5.66904453091223,14.457738354109008,6.5336046204063365,5.76611568705155,7.636682
16.4176417641764,22.96311103679941,16.7097813032058,14.852863861308192,16.432955
0.44047522831972,-0.025171322402981033,0.7159801804074052,0.680401866522308,0.52449477
0.78797874289902,3.9087232065233897,1.190088915307852,1.1392751430459205,1.7196174
12.7702161729383,19.386872808915015,15.211894772481202,13.76414334869662,13.5888815
0.83999011776332,4.363684366235325,1.190088915307852,1.0735174217580814,1.7196174
3.06818181818181,9.342976228145085,3.0486114112867777,3.1038476393779684,6.3663297
5.81317764804003,13.276870757071457,4.393372511722773,5.40774985110799,8.906035
3.20788077797423,7.855473834868639,4.393372511722773,5.40774985110799,5.772269
4.82173174872665,11.433782022040479,4.393372511722773,5.4626876557562385,8.262205
9.85612635858941,12.473562851417096,7.76658228443342,6.888851409467363,9.256521
1.39165009940357,8.707320189676738,1.190088915307852,1.1021718199209027,4.6251454
8.74307479224376,10.691760791294787,7.76658228443342,6.816567662739374,8.397227
7.17999504827927,11.344803687361079,7.76658228443342,6.888851409467363,9.063307
7.82410617014955,14.006647475123387,7.76658228443342,7.3416898283901855,11.016503
18.7614960147149,21.998577432586153,17.888492579929014,18.956857760774977,18.80659
1.92572214580467,4.803874707367,1.190088915307852,1.0829084417819141,3.3243203
20.2892242213194,21.8871306314647,17.888492579929014,18.963918829051178,18.959291
0.84958486194246,3.9670854469160144,1.190088915307852,1.0829084417819141,1.8958026
1.35363790186125,4.634159343044055,1.190088915307852,1.046093067539187,1.9502892
12.4604012671594,23.287028158987653,12.923696469778568,15.173587316505643,16.576902
19.5936139332365,21.2337567664124,12.923696469778568,15.21519420213477,16.942053
1.50731158605174,5.774117215098207,1.5944135998202864,1.3858983962643248,2.088076
1.78187403993855,9.708011744024578,2.2511534913541436,2.160804627121474,1.9498897
12.5118934348239,17.082906339153432,15.6520144278845,13.662749297645414,11.575288
28.2964388835418,21.8014607084294,21.765901427405428,25.174873838692907,23.338465
16.6666666666666,22.173082843150738,21.765901427405428,25.656851110990747,24.78826
10.2739726027397,13.814136467940855,12.832174570514574,12.763580866938446,11.577764
27.498001598721,20.406361109710193,28.92228882990422,28.07481860039529,25.92653
0.91218603456028,1.5930689837328096,0.7159801804074052,0.850352660244606,0.3980507
18.5279187817258,17.47333626155207,19.05470782038463,20.609012461732515,21.071344
19.0669371196754,18.581119645077873,19.05470782038463,20.29002186559313,21.24971
1.11656441717791,3.4953720092664975,0.7159801804074052,0.8890424546114626,2.3473332
1.15343849367167,4.603155392792304,0.7159801804074052,0.8834075731455105,2.2145755
29.7956867196367,20.9515245908771,29.862434228934724,28.933502625018573,25.571873
29.3077311773623,21.59120605413737,29.862434228934724,28.673520100781417,28.300226
1.77657177964366,7.897368458458404,1.190088915307852,1.478074672126159,2.0072863
1.65289256198347,7.429266538192868,1.190088915307852,1.5075639834060663,1.9972856
29.3300653594771,24.885419119803473,28.92228882990422,27.984575191613832,25.26259
1.36157337367624,3.818011620371901,2.2511534913541436,2.1300132127247258,2.3892164
13.4275618374558,12.745444069353367,12.832174570514574,12.763580866938446,11.819245
0.95675468809797,2.637020856749518,0.7159801804074052,0.8577809151820063,1.5345749
10.4820198928844,10.480017372143909,12.832174570514574,12.736595361916084,12.322566
2.00331583310306,7.678698769201695,2.2511534913541436,2.193742984798623,2.18864
15.906949352179,13.945809980804741,12.832174570514574,13.410445337562608,12.130792
27.8854846810647,24.666749430546766,28.92228882990422,28.693557544212325,27.251062
1.16782006920415,4.0842019330712755,0.7159801804074052,0.9068464330578366,1.3882973
1.15328467153284,3.61610001280574,0.7159801804074052,0.9208338980894131,1.5836759
14.3710021321961,10.990994607934592,12.832174570514574,13.636062509346692,12.957481
28.4512964260686,21.07225259441634,29.862434228934724,28.991518793747044,26.166422
3.003003003003,7.54999454173211,2.2511534913541436,2.1503373881256,2.1476803
14.0320733104238,14.924889136860964,12.832174570514574,13.55374867948696,12.495879
13.8397701883179,13.84487557482969,8.35890652092944,9.014263900868073,11.509212
8.1453634085213,8.167159433113998,12.10659314446485,10.892305184821007,9.420734
3.56962025316455,5.833942750437321,2.3310815807222403,2.0382854343778054,2.5160968
0.61715696358773,-1.3361471669633254,0.7159801804074052,0.714759305272818,0.17054364
6.01769911504424,5.3990659649052555,4.456298731299869,4.413753587089891,5.964356
6.54761904761904,6.038747428165526,4.456298731299869,4.41273292806523,6.3252444
15.3846153846153,14.544120110855932,21.90904223949712,20.865144384726076,18.01857
22.4150141643059,18.4780146397823,21.90904223949712,21.604238640188136,20.370352
21.3339222614841,17.017160623791547,20.645921293880765,20.298728449559206,18.452324
0.31554790590935,-1.573380409524649,0.7159801804074052,0.6913491088791593,0.051192988
0.3728176527643,-0.4655970259988411,0.7159801804074052,0.6913622753363308,0.11967518
14.4055944055944,16.522453635346224,18.494126787887456,19.102364333719937,17.815393
9.97132616487455,9.735408714530573,7.76658228443342,8.237710279929495,7.9023304
6.82492581602374,9.44501045997075,7.76658228443342,7.3514605814721925,8.306045
0.40150126560181,-3.0267947988259003,0.7159801804074052,0.6914794194701109,0.44518837
3.44332855093256,5.455883179828759,4.456298731299869,4.5804673552993505,4.817473
1.37999209173586,1.375201650366007,1.502642733915265,1.5813827428686118,1.2267839
15.7764212132773,19.002933774971346,18.0539217299786,19.562859453877394,19.10129
0.51781404080622,-0.9402763850045854,0.7159801804074052,0.6872530419100679,0.15035748
0.55682934818211,-0.3005949217443149,0.7159801804074052,0.6941189182859909,0.10938087
5.88568194680249,5.966516289858729,5.738444426387533,6.078586833394472,6.2171335
16.4602683178534,16.047774276340476,18.494126787887456,19.156470796395812,16.887411
12.9764065335753,16.68745573960075,18.494126787887456,18.685405168811986,17.502274
1.48156217658913,2.525516223656247,1.502642733915265,1.6039428921487473,1.6539919
2.74684055629291,6.100182258416057,2.725026154824525,2.3415875708599456,2.5295894
16.0854939284542,12.367293470019103,14.013746298454942,13.255794957807485,12.133562
35.4466467553624,21.980449536235316,26.782789082139924,26.895773405615113,26.69474
5.7369814651368,8.66291112204018,4.456298731299869,4.696909633623937,6.7974305
1.42681975253594,5.2219110558376975,1.502642733915265,1.5694541209740338,1.6959136
19.5900577217575,21.570280253922494,20.645921293880765,20.53285749494863,19.743832
16.4538714991762,22.209961717182765,18.0539217299786,20.137241739579213,20.615442
0.34229828850855,-1.9820953436147235,0.2713565569062337,0.3024061028587081,-0.24706446
4.79364326375711,5.860901171779665,3.0486114112867777,3.569368393236676,5.178397
6.77455284020179,5.39279925151413,6.59287921795595,6.2239826970693874,5.4957514
16.3687043444828,15.005955317730342,15.073184974490726,14.623980644130937,14.43848
16.106333072713,20.04763323018252,10.527999755757854,14.789710634129928,15.02151
12.792511700468,14.350613413708837,12.649661364522856,12.994909875055482,13.298149
1.16204002582311,1.2964572812901416,1.190088915307852,1.1262723820969873,1.2881018
1.2723373838456,0.8283553610246059,1.190088915307852,1.1887573514381764,1.4095768
7.1874880208533,8.671351876418994,7.76658228443342,6.149913099607948,6.6233745
5.81772956539763,9.311033339679264,5.671169427617948,5.620975409171331,6.4305983
0.34941131788834,-4.626301640978838,0.35174537728992,0.3058886389601038,-0.33694953
14.3067846607669,12.829850940631765,12.649661364522856,13.177164931183038,12.527879
1.05744668211251,-0.22430519178692876,1.190088915307852,1.1177926645932847,0.9278351
9.30766161213088,6.682487483076386,7.76658228443342,7.383604487140101,6.3307824
6.9238065128043,6.381020075560266,6.27485900860789,4.242903517696405,4.1435046
5.43773790103317,7.488803459086072,6.27485900860789,4.201935106291264,4.120529
44.4576877234803,23.36907073690533,44.64775972593577,43.13771515639058,41.998375
1.39419833595682,5.91601834125349,1.1133254830281012,1.5636341473238808,3.465182
11.7052023121387,12.183129552856535,18.771271779279747,17.389621901066533,13.299259
18.6084142394822,13.290912936382343,17.84869211921553,15.71675414591072,18.832378
14.074074074074,16.117024081782905,18.771271779279747,18.564320762118967,17.376421
1.12929886021611,1.1562706861279555,1.1133254830281012,1.4342691307344098,0.81791186
15.0543152852621,7.4233818977310015,18.771271779279747,16.421077321525782,12.447574
29.64996568291,17.036537963947215,28.810338864482304,28.639460161958304,29.223442
26.8363636363636,18.14432134747302,28.810338864482304,28.043326031554138,29.105242
17.1418978872395,11.357276426657371,18.771271779279747,17.102915013485983,14.157531
2.19418960244648,1.0597192903710155,1.9273689065698,3.144538579780904,2.3993535
29.2682926829268,18.515871871981616,25.30094127259755,26.21100808804907,25.829203
1.12408887327654,3.6663368394521694,1.1133254830281012,1.4131098787886973,1.5380808
14.8172757475083,10.401549971320751,18.7900906879009,16.11386977762238,14.626295
14.5374449339207,11.041231434581022,13.817928841265129,15.075908172907644,14.711588
16.8273202974387,14.975125963507393,13.817928841265129,16.338705455887,15.467248
33.10546875,23.948600566463334,34.39374008419805,35.495973029334195,33.043354
34.4133099824868,23.480498646197802,34.39374008419805,35.89979467795153,34.016895
27.0828551755795,23.369269159681174,33.71827603768562,33.95105358810872,32.802193
0.67369816113534,2.637231687607608,0.7159801804074052,0.7072660258239967,0.1533019
5.38071065989847,10.012126282736459,3.0486114112867777,4.410398295002422,6.3935723
8.04733727810651,18.9856008856924,8.745700538397113,9.15068956804875,13.417354
1.07638335193749,6.571126216533978,1.190088915307852,1.3194118886294857,2.1897893
5.45817300840815,13.30633934840256,7.76658228443342,6.46199968196745,8.53448
1.95954487989886,4.983710317145038,3.0486114112867777,3.6536401130894722,3.027448
0.70958585988904,1.5427102509425552,1.190088915307852,1.378931899143543,0.9504959
12.6744186046511,18.53076091228762,17.888492579929014,16.17208143857438,16.303335
8.63089165476433,11.732801393916624,7.76658228443342,6.3927239822153545,8.373941
3.31384015594542,8.71222276162738,7.76658228443342,6.366022573165914,6.207124
1.31345402910898,0.9909684511891008,1.190088915307852,1.3731372467591478,0.45694575
0.82135523613963,0.5394863927277296,1.190088915307852,1.3731372467591478,1.0196309
3.09278350515464,7.914380987856582,7.76658228443342,6.3927239822153545,6.2092557
3.87803433984606,5.446864435209967,1.190088915307852,1.3302049488066094,6.451815
15.2,24.703673317244778,17.888492579929014,16.98331974960267,20.08281
8.91089108910891,4.5305179317696265,6.364577108499616,6.110257702369657,7.489436
1.6260162601626,1.089517865567144,1.190088915307852,1.481121458139105,1.5313532
12.5874125874125,18.07756852691221,17.888492579929014,17.178209411756214,19.132889
9.32896890343699,5.179355161189868,11.03368751338408,10.103901007088103,9.527852
2.49564712710388,0.21917991438630935,1.190088915307852,1.481121458139105,1.5031302
20.6349206349206,17.207230575731376,17.888492579929014,17.178209411756214,19.132889
13.9860139860139,17.9581310042428,17.888492579929014,16.582962598930703,17.983725
19.0709046454767,10.39610911262189,7.76658228443342,7.973234716713365,8.938176
15.819209039548,7.885893732349694,15.379659518264882,14.555951373185774,14.3582325
2.62216924910607,4.444893666147211,2.68565941101152,2.2935886490002613,2.417527
0.63880755922278,-2.0227491237724156,1.052303551842655,0.9616721162314315,-0.3938009
1.82815356489945,1.9111454051539543,1.190088915307852,1.525487664713097,0.9511831
19.109947643979,18.89919606649902,17.888492579929014,16.977149873487143,17.963617
7.19424460431654,8.177097067840256,6.364577108499616,6.274517829781074,7.7848544
6.4516129032258,8.816778531100526,6.364577108499616,6.17931399337749,8.0572195
19.4444444444444,17.79025313405647,20.1834862385321,17.30591932651164,17.706503
14.9773499433748,11.64288967650109,12.608485604314835,10.27968889617021,10.308718
12.1883656509695,4.166232581739954,6.364577108499616,5.563016856043175,6.803382
14.9230769230769,8.100127110666325,7.76658228443342,7.70703632940516,9.0936365
28.235294117647,17.713283176882534,17.888492579929014,19.773591067621943,18.408792
11.3175094599243,18.31234470438465,11.51016215271345,13.765760757794299,15.595603
9.07534246575342,18.952026167644917,11.51016215271345,13.480955524411064,16.643532
1.15717487056641,5.258188571965953,1.190088915307852,1.4518767142637028,1.6144155
1.23043376684058,4.790086651700416,1.190088915307852,1.5110913305164806,1.6044148
5.70960047704233,12.633083167094806,7.76658228443342,6.9533324606220015,7.9220824
11.2447529867613,22.88592069657129,10.527999755757854,15.226544740401541,18.691387
16.2100456621004,19.03315737904302,17.888492579929014,16.582962598930703,17.849897
1.37989298789073,-1.0898409039607362,1.052303551842655,1.0269084659847227,-0.06763942
10.0,15.898209757384327,15.073184974490726,14.289801772358413,15.524017
19.1273161984459,14.18643121525598,14.80330298012638,18.741197563833747,14.8626585
4.44413334945371,8.975271598231675,5.2907567338829455,5.103028714376357,4.9615116
20.1355250953313,18.120325744182352,21.1375045076692,20.655256413465665,16.39062
12.8027681660899,18.69304706813344,16.846122773649288,15.879044916580442,15.157199
15.2631578947368,16.645822872127837,16.846122773649288,15.99716796955587,15.157199
4.70588235294117,3.281465603623217,3.7187881237593463,3.63559647029821,3.1431043
6.7043618739903,3.5581583350852406,4.209406288168933,6.576966273608963,4.4295444
27.6073619631901,13.171314401301453,14.80330298012638,21.168787729973996,14.7142725
3.55594102341717,3.863202840927962,3.7187881237593463,3.5643835724875457,3.5290952
1.20619025944469,0.42220277472547973,1.39211136890951,0.9942047007013443,1.2658408
1.16123269316659,1.0618842379857503,1.39211136890951,0.9262210929726369,1.3647988
18.6453022578295,16.388732156343472,16.846122773649288,16.766350406948057,15.436224
0.23953399749578,-3.7023329154326916,0.3430205166331706,0.3077929731994094,0.54423594
2.8049728049728,3.6725616796961607,4.209406288168933,4.25997371931837,2.677568
5.96553998028244,7.6064562086225305,5.778422850469339,5.739061720551068,5.127448
2.53151653131265,8.714239592148338,0.73858316862581,2.470018272930005,5.0674076
0.13739594277863,-5.676603930348666,0.3430205166331706,0.30364417047212106,0.31892657
0.30541811740272,-1.742709401422295,0.46505934544309613,0.49164247414365664,1.1685436
14.5116092874299,13.735440200969332,16.846122773649288,16.063014138292257,14.081243
0.312937494853,-1.2877482417103598,1.628664495114,0.7526430028494872,1.1685436
2.72727272727272,3.6915436201994005,2.2172528754701974,2.1268235007674723,2.1301596
4.395329441201,7.625438149125771,3.860798693081743,3.689281191110669,4.8706794
5.62592853233247,6.8221302434714115,3.860798693081743,3.8897338471204965,4.649911
3.75692520775623,5.040328183349103,3.860798693081743,3.647400742598967,3.545505
4.95196593047439,8.355214867177702,3.860798693081743,4.078980277830888,6.449647
16.2739774021196,16.347144824640466,16.846122773649288,16.598278641337238,15.347511
16.6715031921067,16.235698023519014,16.846122773649288,16.56582369150715,15.458321
0.2703224560726,-1.6843471610296703,0.46505934544309613,0.49589708900609986,0.9491971
21.1611030478955,15.582324158466717,18.595269731151568,17.458482688044935,15.988521
0.31496062992125,0.1226846071525225,0.3430205166331706,0.3272097680741641,0.89283377
0.5837173579109,4.056579136078893,0.71048067766532,0.6397655144812628,1.0215105
4.09134157944814,11.431473731207745,4.50643776824034,3.786905060956767,6.455695
18.6717998075072,16.150028100483716,16.846122773649288,16.60875011275202,15.626232
24.3804956035171,14.754928501764509,16.846122773649288,16.985983757098122,16.132893
0.20556305004175,-4.058363624212875,0.3430205166331706,0.32554889724816893,0.32660452
22.0812182741116,11.821903653606384,21.229136804391114,21.172952710134446,16.189999
12.3732251521298,12.929687037132188,11.035474958424851,12.480564648319273,15.526674
0.49079754601227,-2.1560605986791863,0.3430205166331706,0.33814508006980126,1.8021243
0.46137539746867,-1.048277215153381,0.3430205166331706,0.3280750121548525,1.8594569
22.6730987514188,15.300091982931415,15.528248461032904,16.803105463078975,17.297863
20.6164729661445,15.939773446191685,11.035474958424851,12.676958604197798,18.722324
0.50686053655539,2.245935850512719,0.46505934544309613,0.495491176985365,1.1526244
0.57958570355264,1.7778339302471835,0.46505934544309613,0.515183661029737,1.1232522
16.2254901960784,19.233986511857786,16.846122773649288,17.465542349002444,16.432095
0.80685829551185,-1.833420987573784,0.71048067766532,0.6922115020763208,1.2169164
0.38270187523918,-3.0144117511961657,0.3430205166331706,0.33682414839239194,0.38709044
3.44299923488905,4.828584764198223,6.958133853776594,5.12993669962402,5.136128
0.41447913788339,2.0272661612560103,0.71048067766532,0.6369173548165363,1.1074001
7.90930506478209,8.294377372859056,5.778422850469339,6.6992826465340904,5.543518
12.4460070316423,19.01531682260108,16.87726240210488,14.948208529545438,16.601639
0.54786620530565,-1.5672306748744091,0.3430205166331706,0.33460556671840136,0.13708094
23.9663629992992,15.420819986470656,15.528248461032904,17.297935433089894,16.983456
6.01340568145547,8.193442966884005,5.757467312463175,4.776418242882728,6.0655046
2.5062656641604,2.515726825168313,3.441076461537553,3.78220152484313,2.6844482
0.48101265822784,0.182510142491636,0.46505934544309613,0.4316438113687384,0.66637313
7.95053003533569,11.36572801584586,8.06835478518236,9.0662445252479,10.583301
0.21992732836106,-7.224813017470334,0.3430205166331706,0.30087646605606716,-0.49556136
0.16670708050436,-6.117029633944526,0.3430205166331706,0.2917780686597139,-0.47302032
8.67132867132867,10.871021027400538,6.6840680439513225,7.524974278278385,10.267721
3.35483870967742,4.083976106584888,5.043679421002398,4.442114704959536,2.8753467
0.2007506328009,-8.678227406771585,0.3430205166331706,0.29708671613832194,-0.0645832
0.62171209947393,-0.19554942811692566,1.4545439981076163,1.5443375209069645,0.33269054
0.38750494266508,-4.276230957579678,0.46505934544309613,0.4866265299552803,0.20111726
8.14574589851202,13.35150116702566,8.22800774270523,8.785919338637356,11.9476385
0.17329234831762,-6.59170899295027,0.3430205166331706,0.2964069720395949,-0.32697806
0.14739600393056,-5.95202752969,0.3430205166331706,0.29153141976202757,-0.33359918
2.74476513865308,0.3150836819130447,3.441076461537553,3.8240678336226726,1.61385
10.423116615067,10.396341668394793,8.226347797491576,9.104818531161316,10.734534
6.44283121597096,11.036023131655064,6.6840680439513225,7.766828645021707,10.801648
0.54469197668718,-3.1259163842894377,0.46505934544309613,0.5072141975873439,0.67405754
0.57995268047781,0.4487496504703721,0.46505934544309613,0.5009377675815366,0.83143544
5.63669182802756,6.715860862073418,5.043679421002398,4.7407647290945745,3.979807
18.0966603312517,16.329016928289633,17.40805092339672,15.659931217133114,14.570945
1.05913503971756,3.0114785140944953,1.4545439981076163,1.6531945790499933,1.7031662
0.30096979155055,-0.42952155210798715,0.46505934544309613,0.43121782576909284,0.8932949
12.6281069619507,15.91884764597681,11.40207109450719,11.30974408308233,13.203686
8.01070840197693,16.558529109237078,8.22800774270523,8.86073538880478,13.356617
0.13541470754184,-7.633527951560408,0.16822352067267413,0.2193698398966855,-0.7653812
1.82400379506641,0.2094685638339806,2.030366852304665,1.792281620383873,0.8284572
2.43726659241302,-0.25863335643155505,3.044149156228411,3.1528813570844996,1.1874639
10.8804306036139,9.354522709784657,11.735963058226032,11.721457793303205,10.362637
11.0875311813544,14.396200622236835,7.468461085787801,8.287655147804086,10.349714
6.70826833073323,8.699180805763152,9.662001090926184,9.06829813941902,8.766307
0.41962556488056,-4.354975326655543,0.27105316192923995,0.3488536915270056,0.34568253
0.5218012866333,-4.823077246921079,0.27105316192923995,0.364193955080723,0.447786
2.73699543834093,3.019919268473309,2.030366852304665,1.9235164098105437,2.0439699
1.55461894562288,3.6596007317335797,1.3385041426955786,1.505310665877706,1.9114044
4.86725663716814,7.178418332686079,7.008558186576279,7.665855961468802,7.6575785
0.22871740034456,-5.8757377997326135,0.27105316192923995,0.33936181906207064,0.0024329796
1.1908525661292,0.7295874676145813,0.46505934544309613,0.6271628084555195,1.5810378
0.63893420337139,1.8373708511403875,0.46505934544309613,0.5501492659649145,1.076421
24.1954707985697,17.717638128959646,24.88219304502014,23.985755804125382,18.42014
0.08758079636848,-4.495161921817729,0.2751222211941842,0.24438282484358545,-0.723315
3.51552476263792,1.7719492897853169,5.254894038423447,5.106890143488747,2.4656806
16.3349347975291,11.38510535600153,24.88219304502014,23.49773433718553,14.340916
7.6,12.492888739527336,11.035474958424851,10.907760999841367,13.049688
5.60684908510995,5.7058438187116876,8.273262985078823,6.775116368905923,4.2641935
12.1951219512195,12.864439264035934,16.846122773649288,14.285411430120138,12.021732
0.16246596996575,-1.9850957684935153,0.2751222211941842,0.25021702591882,0.28157762
4.31893687707641,4.750117363375067,2.2172528754701974,3.019925405066266,4.1872
2.99559471365638,5.389798826635338,2.453295681238436,2.5111051310927714,4.5090055
2.86422473147893,9.323693355561709,2.453295681238436,3.323507721226461,5.4095335
21.923828125,18.29716795851765,16.846122773649288,16.725640566055496,15.849116
27.8458844133099,17.829066038252115,24.88219304502014,23.936915803769253,17.078894
13.3578150103282,17.717836551735488,13.704923206089736,13.180006629749634,15.774638
0.16566348224639,-3.0142009203380766,0.3430205166331706,0.29887499087436475,0.40587956
1.72588832487309,4.360693674790775,2.453295681238436,2.0615405608657373,2.7132392
10.2958579881656,13.334168277746716,6.669360454462155,9.87138805099211,12.737895
0.28703556051666,0.9196936085882932,0.46505934544309613,0.43154444901093925,2.047454
3.63878200560543,7.654906740456875,3.860798693081743,3.6650699177214214,4.474545
1.07458912768647,-0.667722290800647,2.2172528754701974,2.3306509199829346,-0.6041354
0.37414527157786,-4.1087223570031295,0.46505934544309613,0.5008348428032791,0.38094905
11.3953488372093,12.879328304341936,14.04688036908234,13.542218990014835,12.959692
2.72393389104264,6.081368785970939,3.860798693081743,3.654105001577277,3.8702133
1.55945419103313,3.0607901536816957,3.860798693081743,3.654105001577277,2.048843
0.65127294256956,-0.20456817273571737,0.46505934544309613,0.4844911449438585,1.2745291
13.6,19.052240709299095,11.406014088726884,12.396961403062278,14.830883
12.5874125874125,12.426135918966525,9.18693646466764,11.713849463687538,12.630236
11.1111111111111,11.555797967785692,9.18693646466764,11.713849463687538,12.668033
12.2222222222222,12.138820526110784,11.4964100487485,12.340353098349773,12.352054
13.5338345864661,13.87027666680629,14.107334239270122,13.429893648302098,14.4410925
1.28205128205128,2.448694502720641,3.860798693081743,3.5982346312883657,3.120904
7.64705882352941,12.061850568936851,7.936507937,11.847712445604289,13.473445
11.9023047815617,12.660912096438963,11.4964100487485,12.479365581075092,12.671215
9.30365296803653,13.300593559699234,11.035474958424851,10.642866161121919,13.232325
0.43080132910903,-0.39324403597973134,0.46505934544309613,0.4764584700279706,0.9189148
0.5100848843548,-0.8613459562452688,0.46505934544309613,0.4970461376600342,0.8895425
3.54241204531902,6.981650559149122,3.860798693081743,3.5902261190555564,4.088556
10.1630610268001,17.234488088625604,13.704923206089736,12.711168383477897,15.136346
13.4703196347032,13.381724771097332,14.107334239270122,13.294960952577616,14.180427
3.1679617453676,8.694344469448094,3.195618486674061,3.5861733648639107,3.992362
0.94749635700695,3.483184852423787,1.7156748970650422,1.4867752069494409,1.524827
3.48088220138101,12.628238998374464,3.195618486674061,3.6164747969007744,4.729556
1.25758889852558,-1.6288839048799248,0.6160388638215087,0.993439854992809,1.5202745
0.75102412380518,-5.069883971082406,0.5787061172989266,0.6258467933592918,1.179243
3.2774945375091,10.896645410535585,3.0061150924608886,3.218849359952732,4.0781837
0.13972816520587,-9.194419661240579,0.17054326830623803,0.19121072124411767,0.631989
0.4040404040404,-1.8195250661117264,0.6239217220319552,0.6745165666934405,0.18433575
0.8833726161018,2.1143694628146434,0.6239217220319552,0.8084537431222856,1.3551263
0.71765945156138,3.2221528463404505,0.6239217220319552,0.7956491823368733,1.6148039
0.18325087044163,-7.234796147230183,0.2526478304500216,0.25810714048162375,0.8887547
2.66212970376301,8.243353455161445,3.0061150924608886,3.2487222195396153,3.1413636
0.23058552252326,-6.779834987518248,0.2526478304500216,0.31304245311958884,0.8887547
0.71726438698915,2.133351403317884,0.6239217220319552,0.7555029961052113,1.3284477
1.16506372664008,1.3300434976635245,0.9471866470125107,0.8767145332328751,1.3905236
1.07952857284341,2.8631281213698148,0.9471866470125107,0.8597269855501678,3.19026
3.57799772269422,10.85505807883258,4.043430529236762,3.745580537602692,4.219458
3.79022376991036,10.743611277711127,4.043430529236762,3.7360090640423724,4.2425056
5.86357039187227,10.09023741265883,4.043430529236762,3.6737973637719143,4.7727036
6.25601539942252,10.657941354675827,5.51899808957758,4.093775904605804,4.2254076
0.21198689535555,-9.550450370020762,0.31289364906012285,0.30323268077909876,0.024749044
4.82233502538071,6.329816907798496,6.272669226869075,4.1853368184266255,4.4094644
3.24543610547667,7.437600291324301,6.272669226869075,3.851533205542556,4.897518
0.41104294478527,-7.648147344487073,0.31289364906012285,0.28464351575056773,1.3462883
0.29303572541929,-6.540363960961267,0.31289364906012285,0.280542323931737,1.6612037
7.15096481271282,9.808005237123528,6.272669226869075,5.322488249879175,5.23863
6.51844365841334,10.447686700383798,6.272669226869075,5.271600413902077,7.3279243
0.31230800737251,-3.246150895295168,0.35029383071668996,0.33082422200691697,0.6464179
0.25759364602339,-3.7142528155607035,0.35029383071668996,0.3379075867724141,0.61704564
4.33006535947712,13.7418997660499,4.668585045082345,4.935418044806766,4.8116417
0.36043829296424,-7.059317420682296,0.31289364906012285,0.27205067240970365,-0.109717466
5.81639803784162,9.928733240662769,6.272669226869075,4.5607447839131074,5.130052
1.54484519629747,2.701356221076118,1.355056581313156,1.3190477317324516,1.966354
1.56641604010025,-2.976359920639574,1.473622917211786,1.5039719987329994,0.6493754
0.60759493670886,-5.30957660331625,0.41643211002709146,0.43326995699557647,0.5833161
3.75441696113074,5.873641270037973,3.0061150924608886,3.0614167558532923,2.2510204
0.17211703958691,-12.716899763278223,0.17054326830623803,0.19198003957931253,-0.5206961
0.13942774005819,-11.609116379752413,0.17054326830623803,0.19198003957931253,-0.38392642
1.46853146853146,5.378934281592651,3.0061150924608886,2.6196561740734814,1.2082583
1.0179211469534,-1.4081106392229987,0.5777818220651505,0.6911021248093167,0.17153408
0.19770660340055,-9.768317703387565,0.2526478304500216,0.29526925419193834,-0.0477594
0.096961194892,-12.083795738758157,0.17054326830623803,0.19149194026410268,-0.4687433
2.01238390092879,4.904254922586905,3.0061150924608886,2.7604831375962955,1.1037389
0.39817646719372,-5.043337095337515,0.42357735873815,0.37715852657261406,0.90586627
1.38660978011158,1.2237741162655311,0.5777818220651505,0.6857048358290615,1.4339833
6.04127070323106,10.836930182481744,3.195618486674061,3.711028022132429,4.3961306
2.19107079750265,10.426760900168922,3.0061150924608886,2.952154687317147,2.9214268
0.10406871042567,-13.125614697368293,0.17054326830623803,0.16584895787132228,-0.7830229
0.4696394686907,-5.282618181973907,0.5777818220651505,0.6019859868462274,-1.2775356
0.60276485618816,-5.750720102239443,0.5777818220651505,0.6243899681338305,-1.2173411
2.12418300653594,3.86243596397677,2.9382088731628926,2.5603189982627548,1.0971205
2.54663241371607,8.904113876428948,2.3891642304740377,2.4282084390699854,1.5249
0.23671185711211,-9.84706207246343,0.2526478304500216,0.25131249386899757,0.32251194
0.70533215777973,-2.472167477334578,0.5777818220651505,0.6449465909425272,-0.23336259
0.1752509950692,-11.367824545540502,0.2526478304500216,0.2370382720915086,-0.01901695
0.08819756254008,-9.987248667625616,0.17054326830623803,0.1746633371033473,-0.95590514
0.43623299974339,-3.72013745602257,0.5777818220651505,0.6032806354952553,-0.7082295
2.2878059940517,5.893018610193643,3.195618486674061,2.8649092744216302,2.1769586
1.36363636363636,7.000801993719449,3.0061150924608886,2.5637564392522023,2.2322328
0.8129691359505,0.21375707290380053,0.5777818220651505,0.6557349107811662,0.34035122
0.20637569157811,-7.477182514301402,0.17054326830623803,0.18709801084014147,-0.10744868
0.96345514950166,-0.7419693824328206,0.5777818220651505,0.6675626964180035,0.6593855
1.23348017621145,-0.10228791917255009,0.5777818220651505,0.6592623976460537,1.0954189
0.90884053979619,3.8316066097538206,0.5777818220651505,0.7248525335546229,1.5532575
3.90625,12.805081212709764,3.0061150924608886,3.6898323497730727,4.025218
4.90367775831874,12.336979292444227,6.5359477124183,4.030337768743791,4.6826854
2.24852071005917,7.842081531938829,3.0061150924608886,3.1566128648617884,2.6784513
0.81231295425395,2.162819994648988,0.5777818220651505,0.8605819277306423,1.4155445
0.25803122177783,-9.600809102811017,0.2526478304500216,0.26181019775966613,0.3656717
3.13953488372093,7.387241558534049,3.0061150924608886,3.2476521222505177,2.473054
1.11201795551928,0.5892820401630523,0.5777818220651505,0.7212905796447457,1.1515765
0.38484310242747,-5.696654918543604,0.2526478304500216,0.2626272688403706,1.4972458
3.52941176470588,6.569763823128965,3.0061150924608886,3.118275343756659,2.7349732
1.75438596491228,7.168825350631075,3.0061150924608886,2.933074317683185,2.4113855
1.71232876712328,7.808506813891347,3.0061150924608886,2.9262931020301663,2.7633364
0.27432192257167,-5.8853307817876175,0.2526478304500216,0.2529362848915295,0.33485973
0.24530799781948,-6.353432702053157,0.2526478304500216,0.2587263170121554,0.3054875
0.62984496124031,1.4895638133412348,0.5777818220651505,0.6727348089276203,0.7153486
2.21989021633839,11.742401342817717,3.0061150924608886,3.069417273341228,3.762774
5.85774058577405,8.145526048464491,7.666559150387347,7.3648963753344425,6.650752
2.3970576070149,2.9343664314401847,1.7156748970650422,1.692027296089407,2.3095732
7.52086983407193,12.079420577390861,7.666559150387347,7.367045450046111,7.80708
0.22758306781975,-5.618702392066011,0.287893101090174,0.28959817670045923,0.63655406
7.42898761835397,10.347826989551983,8.60380972845922,7.7029466445570645,6.9115624
0.09617652929754,-9.743238082224181,0.13459101718574776,0.1067888947720413,0.4982068
0.6060606060606,-2.368343487095329,1.4861998477320917,0.8114693545634772,0.72487086
2.22834496582072,1.565551041831041,1.4861998477320917,0.9562219130995036,2.2188973
2.50773046994461,2.673334425356848,1.4861998477320917,0.9409766718976934,2.4785757
0.18935923278968,-7.783614568213784,0.256442897374075,0.2349284398014925,1.4907372
4.64371497197758,7.694535034177843,5.12820512820512,6.3033966085289626,5.130154
0.28823190315408,-7.328653408501848,0.256442897374075,0.24903770983222004,0.9061772
2.3185988323603,1.5845329823342817,1.4861998477320917,0.8645115128191158,2.0104856
1.31722293750619,2.3143097003862123,0.9471866470125107,0.8817273447481031,3.4756136
4.11228869230095,10.306239657848977,4.5087118167942135,4.28153151663498,4.450142
4.46250080608757,10.194792856727524,4.5087118167942135,4.286799002471741,4.560952
4.32510885341074,9.541418991675227,4.5087118167942135,4.325828548573718,5.0911503
4.04234841193455,10.109122933692225,4.5087118167942135,4.2311203962675545,3.8380246
0.11656441717791,-8.196965765470678,0.13459101718574776,0.10884805426395258,0.24227235
0.12469605336991,-7.089182381944871,0.13459101718574776,0.10096932339551369,0.5802823
2.92281498297389,9.259186816139925,3.9589036914444486,4.061464786820558,3.479829
2.47599797877716,9.898868279400196,3.9589036914444486,4.037859576394848,5.9540873
0.17919311898423,-3.7949693162787703,0.15976690833803836,0.18000689389757699,0.41211677
0.17172909734893,-4.263071236544306,0.15976690833803836,0.1923810371313018,0.32143357
3.31699346405228,13.193081345066297,4.5087118167942135,4.231849518543629,4.047859
0.13696655132641,-7.608135841665899,0.13459101718574776,0.11319209634720308,-0.6915662
3.78416257883672,9.379914819679167,3.9589036914444486,4.261706938772742,4.3512373
1.66613469518033,2.1525378000925155,0.9042879839349799,1.1588254931299353,2.4289994
1.41342756183745,5.324822849054371,1.9881655706798769,1.9520491481840554,1.1623003
0.09562057754828,-13.265718184261823,0.0875830173631175,0.10204888513807157,-0.73087865
0.06971387002909,-12.157934800736017,0.0875830173631175,0.09418321565053446,-0.5941089
0.9090909090909,4.830115860609048,1.2245682516764975,1.416940178380139,1.8538269
0.88172043010752,-1.9569290602066012,0.5777818220651505,0.6560974756179665,0.2775137
0.13048635824436,-10.317136124371169,0.15976690833803836,0.15678334753335244,-0.3050439
0.05157510366595,-12.632614159741758,0.13459101718574776,0.09589888054505254,-0.5908411
1.18679050567595,4.355436501603303,1.2245682516764975,1.5258432905527004,1.1414077
0.14715217265854,-5.592155516321117,0.15976690833803836,0.1544545041326796,0.62771237
0.37742041352149,0.6749556952819287,0.5777818220651505,0.6495266858343736,1.2859155
3.50257941895194,10.288111761498142,2.7461001979055233,2.92292705493227,4.510025
2.54446931322888,9.87794247918532,2.2851207053443523,2.2524135557965246,2.6805985
0.04137671619334,-13.674433118351898,0.04617431509357285,0.0564509179201371,-0.96295005
0.33681214421252,-5.831436602957508,0.5777818220651505,0.5267868610895525,-0.8277762
0.32758959575443,-6.299538523223044,0.5777818220651505,0.5524970250837393,-0.76758236
1.89350249903883,3.3136175429931676,2.61968648214764,2.3164809989244906,2.3640854
2.01794556759373,8.355295455445345,1.47156748982003,2.289333436547306,2.5904098
0.15422136145183,-10.395880493447033,0.06502663752191251,0.090975690114827,-0.082098715
0.46383256027906,-3.0209858983181803,0.5777818220651505,0.5572011873443387,-0.096893646
2.06489675516224,1.1375131658945898,1.7979294241638752,1.7776640702208482,0.5264353
0.03564427018356,-11.916642966524103,0.15976690833803836,0.12971516987852597,-0.39928278
0.03577243795332,-10.536067088609217,0.03503304980570333,0.047726149457704745,-1.0405117
0.16251817637498,-4.268955877006173,0.5777818220651505,0.5615068054208033,-0.26374462
1.28117135666895,5.34420018921004,1.09411407152264,2.528907303967895,3.177241
0.94545454545454,6.4519835727358466,1.09411407152264,2.4889039356564475,3.2325156
0.44125758411472,-0.3350613480798019,0.5777818220651505,0.6179079713664782,0.4519514
3.466796875,12.256262791726162,3.7661793097280922,3.755410365230085,4.7207675
0.11044232149759,-9.055106087129566,0.13459101718574776,0.10804917913068049,0.31474534
1.11675126903553,-1.6802114920007156,0.5777818220651505,0.7583197170844383,0.9744865
4.14201183431952,7.293263110955227,3.9589036914444486,4.342903073313699,3.1364996
0.2471695104449,-5.121211558203196,0.324405884016735,0.27573033828482796,1.6709479
1.76713695311386,1.6140015736653854,0.5777818220651505,0.8745554058864335,1.7008991
0.12901561088891,-10.149627523794619,0.15976690833803836,0.19777876999280583,-0.03631617
3.60465116279069,6.838423137550446,5.761863487203915,4.156070429439318,2.471893
0.45484080571799,-2.9801150131097938,0.5777818220651505,0.7003298827981851,0.06078614
3.92156862745098,6.620006929647473,3.9589036914444486,4.020041251361809,2.9702737
4.05251141552511,7.259688392907744,3.9589036914444486,3.996436040936098,4.0182133
0.16613862916312,-6.434149202771222,0.15976690833803836,0.17686781782230554,0.44285992
0.15185733198349,-6.902251123036757,0.15976690833803836,0.19187023965781336,0.41348767
0.84600477042337,0.9407453923576323,0.5777818220651505,0.655469664549354,1.1015428
4.33484016790442,11.193582921834114,4.5087118167942135,4.209062926408275,5.2579293
4.10958904109589,7.3408196043058425,4.5087118167942135,4.238991698302474,3.485461
3.76569037656903,13.72921393674262,7.096717231421883,5.878621425043555,5.7930007
10.344191255544,8.518054319718313,8.814378282068123,8.488501550462447,8.451302
5.44676904050293,17.66310846566899,7.096717231421883,6.698752196546056,6.8885427
6.81818181818182,8.622673723403864,8.814378282068123,7.589582112250424,8.034251
8.30449826989619,18.235829789620077,7.096717231421883,6.848789044337162,7.1071787
7.21476510067114,-0.7994450677305922,8.14432057109622,6.793802176901588,5.721162
7.53623188405797,6.57544952739826,8.814378282068123,7.589582112250424,8.034251
6.84210526315789,16.188605593614476,7.096717231421883,6.848789044337162,7.1071787
3.32271279016841,-0.035014503787881956,3.9015144748044066,4.727474444714315,4.656746
11.6533139111434,15.93151487783011,7.096717231421883,7.378229945798296,7.8958254
4.71083528408369,-4.159550193946053,7.165795166307324,8.28585401492115,5.7907605
5.41569541569541,3.215344401182799,6.729353766403494,6.062834558377849,6.526559
10.3993784399626,7.149238930109169,11.176922421555558,10.319661970841178,9.172622
14.4510516837133,8.257022313634977,9.708765131953886,10.773890427274,9.810924
10.2564102564102,-0.6307442880301783,11.134892354298854,12.081721960474924,11.538436
16.6666666666666,-1.1899683323670986,11.134892354298854,11.671843956256783,11.538436
3.5803766265255,-6.133821208862027,7.165795166307324,5.948198347130943,4.7710896
7.87978742899028,-2.1999266799356576,11.134892354298854,11.196166280016778,8.64851
8.97577092511013,5.598233866285845,8.814378282068123,8.99921120376597,8.654609
6.08486789431545,13.27822292245597,7.096717231421883,7.448478924036447,6.8251657
10.0551758214609,-1.7449655202237215,11.134892354298854,10.886902621026616,8.357935
9.52460383653044,7.1682208706124095,8.814378282068123,8.99921120376597,8.901844
6.46627936347562,1.7468239484095927,8.814378282068123,8.887815675906094,6.2779493
8.86247877758913,5.325132135581433,8.814378282068123,9.373184956193848,8.337444
8.37696335078534,6.846342483697958,8.814378282068123,9.367775134132527,8.462944
8.53467823911173,6.36491296495805,8.814378282068123,8.72077573793394,8.626855
10.4373757455268,2.5986703032176903,8.611282673688425,8.22988276193616,8.185058
10.0069252077562,4.58311090483574,8.814378282068123,8.816612552808028,8.698699
9.9282000495172,5.236153800902032,8.814378282068123,8.825672309504716,8.372973
15.0143607011983,7.89799758866434,8.814378282068123,8.912470084306845,10.688728
8.70193570990628,15.889927546127105,7.096717231421883,7.7519731997160655,8.21469
9.62861072902338,-1.3047751790920463,8.611282673688425,8.09370298571939,7.4800515
9.14586960727413,15.778480745005652,7.096717231421883,7.777621434693404,8.187458
6.34920634920635,9.565733340853726,8.814378282068123,8.838988627437013,10.360582
6.55737704918032,-3.2471637746158013,8.611282673688425,8.09370298571939,5.8718624
12.6142595978062,4.127730820513052,8.814378282068123,9.001348218326012,8.383993
6.4105039582931,-2.141564439543032,8.611282673688425,8.082733702572103,6.0962286
14.3851508120649,7.6418291740854105,8.814378282068123,8.897760997283383,10.348314
8.0168776371308,-1.9008054655423674,7.90033251930114,8.09819871572985,7.110681
6.12109115103127,-3.9665845734154033,7.90033251930114,8.084286337317565,5.3543377
7.44500846023688,-1.4744905434149915,7.90033251930114,8.09819871572985,6.471065
7.91974656810982,17.178378272528604,7.096717231421883,8.076468824765128,7.995194
9.69521044992743,15.125106879953355,7.096717231421883,7.6913065356140855,8.717656
10.3571428571428,6.170574250236137,7.292646981694148,7.657698043081581,8.476852
3.037120359955,-0.3345326713608392,2.3016443413261167,2.8320743531579495,3.3401494
6.26728110599078,3.599361857565531,4.997134486806372,4.806430331520471,5.9835086
10.4662226450999,10.974256452694384,9.708765131953886,8.592468672336157,9.695761
8.12720848056537,-3.29639812599779,3.9015144748044066,4.5995527902151,4.996053
6.06352261790183,15.692810821970353,7.096717231421883,7.338719210128284,7.4244094
7.4074074074074,16.06443295669169,7.096717231421883,7.361692108537588,7.6250343
10.958904109589,7.705486581481809,7.292646981694148,7.939340970350713,8.624913
5.35571542765787,14.297711223251147,7.096717231421883,7.229697915035748,7.469722
5.07483779790582,-4.515580902726237,4.365727613049575,4.884832431682389,4.5302205
6.34517766497462,11.364686375093022,7.096717231421883,6.136977278266398,5.887972
7.5050709939148,12.472469758618827,8.944227529223435,7.639779599476002,7.406325
2.06134969325153,-2.61327787719255,2.3016443413261167,3.58937327434191,4.163061
2.74954797680653,-1.5054944936667427,2.3016443413261167,3.9661348237827267,4.6092496
7.9455164585698,14.842874704418053,7.096717231421883,6.53055947563708,8.117986
9.24709449216776,15.482556167678323,8.944227529223435,7.653130629393712,9.202197
4.62318246979316,1.7887185719993566,6.285428738917987,6.05046505222424,5.6043296
4.08929913062144,1.320616651733821,6.285428738917987,5.369908776081547,5.3431377
7.6797385620915,18.776769233344424,7.096717231421883,7.228503385206644,8.3445835
4.63943519919314,-2.2906382660871465,6.285428738917987,5.99998505931851,5.49355
6.1973986228003,4.3713674856848606,6.729353766403494,8.094059186191325,7.357639
2.47260668973471,-2.024447953387771,2.3016443413261167,3.3565456455446694,2.738067
2.08759124087591,-2.4925498736533065,2.3016443413261167,3.359097657785518,2.489925
8.18763326226012,4.882344721475546,6.729353766403494,7.469097802369137,7.220509
5.74632095304835,14.963602707957294,7.096717231421883,6.467140732920752,6.836947
4.1041041041041,1.4413446552730633,6.285428738917987,5.348258307504863,5.170475
6.47193585337915,8.816239250401917,7.292646981694148,7.603311159481246,8.448247
14.7973188637089,7.736225688370643,12.75162763,12.401397421931456,11.229141
2.5062656641604,2.0585095466549506,4.74798107550663,3.248697497303265,4.5047474
3.24050632911392,-0.2747071360217257,4.997134486806372,3.78464639801399,3.9689183
3.22438162544169,10.908510737332499,4.652488283710653,3.9333819640304744,3.6698105
0.6980302161025,-7.6820302959836955,1.24478632123418,1.493099633361333,1.4060972
1.21241513094083,-6.5742469124578875,1.24478632123418,1.543146922683978,1.6741399
2.72727272727272,10.413803748887176,2.238503684306581,3.209144360702508,2.3083298
3.34289127837515,3.626758828071526,4.751218575560537,4.260385021602999,5.2328954
5.04451038575667,3.336360573511704,4.096519074795512,4.314548236053912,5.516564
3.85132463424278,-4.733448236093039,6.111759173058682,5.536969200372829,3.3904886
1.71023043756318,-7.048926271463632,1.24478632123418,1.4974528906768902,1.564185
2.3706190632165,-6.409244808203361,1.24478632123418,1.4897400845547815,1.8030648
0.56593095642331,-0.142133596600317,1.2804830627509163,1.9499165425108314,3.7695825
1.90918472652218,9.939124389881432,2.238503684306581,2.5314955750966814,2.5733192
2.35934664246823,10.578805853141702,2.238503684306581,2.940202606281143,2.044438
3.50236941009859,-3.5831336628027994,6.111759173058682,4.913296033655701,3.8484871
4.0876428319001,15.461630367463448,3.442520962772187,3.7350100796659187,5.2906337
0.6871042567864,-8.09074523007377,1.0366312636292867,1.464590222701634,0.96978676
1.11480075901328,-0.2477487146793811,1.52300367738834,2.0172664490624497,2.756802
0.66173098342396,-0.7158506349449167,1.8120416685285463,1.948576845539831,2.816997
1.39369473279507,8.897305431271295,2.0197639811438157,2.5215849973930182,1.8808529
5.45813321419263,13.938983343723473,4.4074323096,3.735906725813054,3.128995
2.80811232449297,8.24196352724979,2.0197639811438157,2.7378269930020256,2.181057
5.1179972742271,-4.812192605168905,3.9015144748044066,3.223262619359736,3.5019252
3.883160194733,2.5627019899599475,3.0240615187040545,3.2573363181037087,4.0258517
3.41293887007663,-6.332955078245975,3.9015144748044066,4.31538633428268,3.4418597
0.78822716731632,-4.952379200331091,0.839580773,0.9374426343860138,0.586729
0.66717988196048,1.3147320112719552,1.7482172295112062,1.8511452565253483,3.3669713
1.28117135666895,10.927888077488168,2.6787718363965163,3.002522659255065,2.959891
1.6,12.035671461013974,2.6787718363965163,3.456456291622193,3.3631163
2.65234178277656,5.248626540198326,2.2492468564094086,3.5369955443014582,4.7959604
1.65978747694739,-2.442313047006877,1.1457115042860055,1.4082012451715014,1.1922752
4.38538205980066,4.292900084861705,1.7482172295112062,2.4864091374350186,4.7626286
6.43171806167401,4.932581548121975,1.7482172295112062,2.592632912721598,5.423487
6.08647755439273,8.866476077048347,5.08145006516826,4.327777535496176,6.915305
5.078125,17.83995068000429,6.042183205737452,5.795044658785765,6.556662
3.59019264448336,17.371848759738754,6.042183205737452,5.594803311461379,5.957795
5.06082166628414,17.260619273222126,5.211862135181965,5.774761107180389,6.0693555
7.05596107055961,5.584295414484544,8.814378282068123,6.6799299961264555,7.9927516
4.65890183028286,-2.8543239263622464,3.9015144748044066,4.496382125789902,5.504452
12.1212121212121,13.385687522121845,8.814378282068123,9.275968003661466,13.5132885
11.5688331768733,-3.4714181988514383,7.75566153228352,7.098194701260052,4.4606614
11.2690355329949,3.903476396277412,14.2425957366534,10.239205446248963,6.9159293
7.10059171597633,12.876950999233355,7.096717231421883,6.7022300209998695,5.255966
19.6539626853771,0.4624763300749306,13.15755645059155,11.758928811760372,10.412183
12.1181891596598,7.197689461943513,8.814378282068123,9.46359396390294,8.772358
7.40549606502386,-4.565939635516491,8.619176097560562,9.61608873957507,7.1654773
8.48837209302325,12.422111025828574,7.096717231421883,7.398085583706156,6.4168863
9.00836563966537,5.624151507457578,8.814378282068123,9.208866450073907,8.502348
6.40025990903184,2.6035728751683336,8.814378282068123,9.208866450073907,6.969807
7.38255033557047,-4.882637274841475,8.619176097560562,9.599973765909477,7.20154
6.55226209048362,2.492257320287378,8.814378282068123,9.208866450073907,7.452232
7.13525026624068,-5.117681435269946,8.619176097560562,9.599973765909477,7.1014266
6.98151950718686,-5.569163493731317,8.619176097560562,9.599973765909477,7.373503
6.70103092783505,1.8057311013975355,8.814378282068123,9.208866450073907,7.0061283
8.82178804026051,-0.6617854512490791,8.619176097560562,9.502470069781616,8.785371
12.0,18.595023430785734,7.096717231421883,7.39804077739033,7.648199
1.8970189701897,-5.019132020891902,3.9015144748044066,4.466526409620301,4.312992
9.79020979020979,11.968918640453163,7.096717231421883,6.767252451090696,4.9456167
11.8881118881118,11.849481117783753,7.096717231421883,6.760809070757998,6.6319337
3.69487485101311,-1.6637562203118357,4.980769026856607,4.555629156514918,3.0239856
5.92734225621414,3.799903322076717,6.145737408945814,6.908824566258042,7.765336
9.77443609022556,13.413059388292929,7.096717231421883,6.760809070757998,6.6449556
3.12820512820512,1.9914772242072782,6.145737408945814,6.854838625051551,7.2236333
3.23529411764705,11.60463329042349,7.096717231421883,6.760809070757998,6.103253
4.54076367389061,12.203694817925602,7.096717231421883,5.622940535774149,4.988899
5.82191780821917,12.843376281185872,8.944227529223435,6.711315341244915,4.9540143
11.4133374546016,-0.850461314493093,14.8454873092554,11.318770074013838,6.694996
7.92773148508683,-1.3185632347586305,14.8454873092554,10.818837847695153,6.433804
7.85442754919499,6.524433280635759,6.145737408945814,6.897400066889384,7.765336
6.88569583467872,16.777270810112242,8.944227529223435,7.675509186833928,6.226932
5.70776255707762,12.92450749258397,7.096717231421883,6.760809070757998,6.498108
5.02092050209205,7.800977151441072,3.878868448426934,3.8819871620914608,5.6424656
1.02512869787656,2.589817534416765,1.1751964410892088,1.2437711226062107,1.8116785
4.33886426878285,11.73487168036744,3.878868448426934,3.8493684998099456,6.2402515
1.3009540329575,-2.522251222886947,0.6160388638215087,0.9302041886340123,1.472822
0.2730996813837,-5.963251289089429,0.11832791182287646,0.18109582214863326,0.6463391
4.44282592862345,10.003278092528564,3.878868448426934,3.784146624575558,4.2745814
0.03447837842742,-10.087786979247602,0.0508231428005577,0.05804578801270807,0.18079071
0.41181041181041,-2.7128923841187476,0.6239217220319552,0.6608162512309264,0.19170795
1.05639090380836,1.2210021448076214,0.6239217220319552,0.7932104243521999,1.1825929
0.81959971456726,2.3287855283334284,0.6239217220319552,0.7767150225976613,1.3787718
0.10995052226498,-8.128163465237204,0.11832791182287646,0.12424126671389228,0.8533077
2.88230584467574,7.349986137154423,3.878868448426934,3.8042715388685546,3.1924467
0.09058716956271,-7.673202305525269,0.11832791182287646,0.13180397977373431,0.8533077
1.06962464098247,1.9697608033627922,0.789452852704016,0.8250683117769096,3.2998137
5.20276780239993,9.961690760825558,4.881319890782133,4.201632018717535,4.462238
4.4689495066744,9.850243959704105,4.881319890782133,4.201632018717535,4.573048
5.74746008708272,9.196870094651807,3.878868448426934,3.9899568964141183,4.880277
4.90856592877767,9.764574036668805,3.878868448426934,3.9096915028970436,3.8453918
0.06748466257668,-8.541514662494096,0.0508231428005577,0.061467480109219326,0.67143464
0.07481763202194,-7.43373127896829,0.0508231428005577,0.06157403457683424,0.8363016
6.46992054483541,8.914637919116505,6.48842734029416,5.997339644275189,4.952925
5.00252652854977,9.554319382376775,6.48842734029416,5.9612784407939445,8.610178
0.19967233258242,-4.139518213302191,0.19207959596769333,0.18320538469463682,0.5872002
0.17172909734893,-4.6076201335677265,0.19207959596769333,0.18308466032091553,0.213446
5.55555555555555,12.848532448042878,6.48842734029416,5.933131623477283,4.204975
0.14417531718569,-7.952684738689319,0.0508231428005577,0.07765238414110606,-0.31228638
4.90539593552908,9.035365922655746,3.878868448426934,3.936218466864702,4.565716
4.81448763250883,4.980273952030951,2.875548444484568,3.2085009946009238,2.5541556
0.07908264136022,-10.661685021394588,0.11832791182287646,0.11706237313410597,-0.22822566
0.06189012439915,-12.97716305676518,0.0508231428005577,0.05986287940902439,-0.5232847
0.04913200131018,-12.33748159350491,0.0508231428005577,0.06090742199634809,-0.6661483
0.42444821731748,-6.070370381901865,0.5777818220651505,0.5869983925582635,-0.4333026
2.218782249742,4.010887604579883,2.875548444484568,2.9093296029663622,1.6629543
1.4519056261343,4.650569067840154,2.1825034666912866,2.5687784416173867,2.3262274
0.11983223487118,-9.511370448104346,0.11832791182287646,0.1164660795309313,-0.15550458
0.11829880547059,-5.936704413344538,0.11832791182287646,0.11762461988752833,0.24595475
0.90252707581227,0.33040679825850905,0.5777818220651505,0.6442565780697487,0.9359057
3.76052131414607,9.943562864474721,3.766278987150977,3.6045675077260677,5.4025397
3.01566733419719,9.5333935821619,2.875548444484568,2.9428397871188317,3.037598
0.32732447817836,-6.1759854999809285,0.5777818220651505,0.5240047843524148,-0.58456475
0.06814432250197,-10.740429390470451,0.03990688393747,0.09953515911054658,0.090256415
0.44083259861233,-3.365534795341601,0.5777818220651505,0.5527098549328591,0.13373998
0.04455533772945,-12.261191863547522,0.11832791182287646,0.10783931299837718,-0.22966819
0.02405388069275,-10.88061598563264,0.030078666974498004,0.038529707240486585,-1.3422576
0.35069711744076,-4.613504774029591,0.5777818220651505,0.5558091411534657,-0.687534
2.5623427133379,4.999651292186621,2.389540877107435,2.468641142936731,3.9112115
1.43636363636363,6.107434675712427,2.389540877107435,2.409697742880178,3.4365294
0.541979423967,-0.6796102451032215,0.5777818220651505,0.611655161932993,-0.030505462
0.49833887043189,-1.6353367004398418,0.5777818220651505,0.6153303520250282,0.95578414
3.564453125,11.911713894702743,3.878868448426934,3.7536605525921227,4.3244066
1.65680473372781,6.948714213931807,3.878868448426934,3.6618115867672234,3.166591
0.7600589045651,1.2694526766419658,0.5777818220651505,0.8678827880121166,1.5250983
0.1419171719778,-10.494176420818038,0.11832791182287646,0.15681422282377322,-0.024693578
2.32558139534883,6.493874240527027,3.878868448426934,3.6779475876957317,2.529316
0.87737196490512,-0.30408527784396977,0.5777818220651505,0.6926017639038817,1.3039856
2.94117647058823,5.676396505121943,2.8127409518004756,3.298772242212859,2.911117
2.54557963536291,6.275458032624053,2.8127409518004756,3.251631807410598,2.967766
2.45433789954337,6.915139495884325,2.8127409518004756,3.2323616225373564,4.237861
0.1178425160343,-6.77869809979464,0.11832791182287646,0.12324087594685697,0.3185046
0.12849466552449,-7.246800020060178,0.11832791182287646,0.12282446763534477,0.0068774875
0.51990161001788,0.5961964953342118,0.5777818220651505,0.6502708556393704,0.8439942
2.46206005812076,10.849034024810695,2.8127409518004756,3.228174935668536,4.873019
3.19634703196347,6.996270707282423,2.8127409518004756,3.298772242212859,3.3059726
22.115959354453,15.408268816599882,17.3977750327531,22.0948092940337,19.036528
5.22363841146413,10.197109199575575,7.077006103198736,6.066310548941529,5.5338497
22.7687313202102,19.342163345526252,23.694969160181063,23.773333312546566,20.125435
15.2249134948096,19.91488466947734,19.24628166477801,18.661211183198855,17.637337
0.3690036900369,-3.9994120620673392,0.3430205166331706,0.5142363988147216,0.40750608
16.8421052631578,17.867660473471737,19.24628166477801,18.900355937232355,17.637337
5.88235294117647,4.503303204967118,3.676818069387899,4.385857139771918,3.6511028
7.10823909531502,4.779995936429142,5.4639965874015495,5.97520957630784,4.78226
32.8220858895705,14.393152002645355,17.3977750327531,23.670635228142668,19.056185
4.55333911535125,5.085040442271863,3.676818069387899,4.331256811396125,4.037094
1.34274010013654,1.6440403760693814,1.39211136890951,1.0732406132695815,1.3241165
1.16123269316659,2.283721839329652,1.39211136890951,0.998373767745373,1.1128551
21.4129643117261,17.610569757687372,19.24628166477801,19.61195909118772,17.916357
0.27219772442702,-2.48049531408879,0.3430205166331706,0.31266857143102916,1.0609938
3.1080031080031,4.894399281040062,3.861824034087931,4.161344364989255,3.2081208
6.74836611975477,8.828293809966432,6.155167462456548,5.910949094914647,5.718679
3.21383669169866,9.936077193492238,2.756166375790944,2.657682770582937,4.329053
0.16972439990301,-4.454766329004764,0.3430205166331706,0.3074611811805728,0.6328076
0.4153686396677,-0.5208718000783934,0.578751811235744,0.5601157171395806,1.4577684
16.4931945556445,14.957277802313234,19.24628166477801,18.773597767024455,16.689745
0.40352466441571,-0.06591064036645822,1.628664495114,0.7928569689684635,1.4577684
3.06818181818181,4.913381221543301,2.163247553592965,2.3569217848806066,2.2675116
5.02919099249374,8.847275750469674,4.265910930527303,4.004976723242405,5.1456876
6.34920634920635,8.043967844815313,4.265910930527303,4.318264877282799,4.924919
4.65720221606648,6.2621657846930034,4.265910930527303,3.972928725115773,3.8684936
5.71456868376745,9.577052468521604,4.265910930527303,4.710268874965103,6.724655
19.5059998248226,17.568982425984366,19.24628166477801,19.483876252969615,18.419285
19.4783001225253,17.457535624862913,19.24628166477801,19.347924050461312,18.530096
0.38617493724657,-0.4625095596857687,0.578751811235744,0.5756194468448982,1.0112668
0.66533599467731,-2.28752969355814,0.578751811235744,0.5770437307708104,0.27019423
24.5863570391872,16.80416175981062,19.24628166477801,19.930783365805482,18.688013
0.35995500562429,1.3445222084964241,0.3430205166331706,0.3478656613621831,0.7847802
0.61443932411674,5.278416737422795,0.8654706790759619,0.6778832323394126,0.75943387
4.75737392959086,12.653311332551649,3.8621500134140696,4.186522021721857,5.6002803
20.7892204042348,17.371865701827616,19.24628166477801,18.938391602534324,17.58686
27.1782573940847,15.97676610310841,19.24628166477801,19.276852980913585,18.478704
0.25052996723838,-2.8365260228689735,0.3430205166331706,0.34991035490527295,0.21845375
23.6040609137055,13.043741254950284,23.787243756963534,24.720274298131013,21.33804
13.1845841784989,14.15152463847609,11.132443291629686,13.430254789347684,16.748655
0.52760736196319,-0.9342229973352856,0.3430205166331706,0.358672503016602,1.8266683
0.52995822682212,0.1735603861905206,0.3430205166331706,0.3514615220517517,1.5166597
25.9931895573212,16.521929584275316,18.18295836478936,18.583978723246506,19.507038
22.9408792319353,17.161611047535587,11.132443291629686,13.931710636571013,19.815102
0.67581404874052,3.4677734518566203,0.578751811235744,0.5628766688001778,1.2154318
0.71911559514865,2.9996715315910847,0.578751811235744,0.5686278152783172,1.3889357
19.3300653594771,20.455824113201686,19.24628166477801,19.811482491468766,18.507034
0.90771558245083,-0.6115833862298823,0.8654706790759619,0.7377773240621093,1.2145602
0.44010715652506,-1.792574149852265,0.3430205166331706,0.3579869943300048,0.6299303
3.82555470543228,6.050422365542124,5.353789376217597,5.9268691339592205,5.4194226
0.62171870682508,3.249103762599912,0.8654706790759619,0.6847745237748797,0.7589549
8.66313309776207,9.516214974202958,6.155167462456548,7.361660670243925,6.7875094
14.6659969864389,20.23715442394498,14.432838732032613,16.549590519519942,16.667261
0.67762399077277,-0.3453930735305075,0.3430205166331706,0.357199837802902,0.2705171
26.7694463910301,16.642657587814558,18.18295836478936,19.21202180400136,19.666668
6.81774656878391,9.415280568227907,4.265910930527303,5.325648308243842,6.510655
3.57142857142857,3.7375644265122143,3.861824034087931,4.073691838957213,3.5622091
0.53164556962025,1.4043477438355376,0.578751811235744,0.49665026783677146,0.55286515
2.38938053097345,0.9694709583034724,2.163247553592965,2.26549846367756,1.4119748
11.7491166077738,12.587565617189762,13.618434049664966,11.819570746442535,13.577688
0.24861350162554,-6.002975416126432,0.3430205166331706,0.301073035016704,-0.272575
0.18489330746847,-4.895192032600624,0.3430205166331706,0.28997442236764265,-0.5929689
10.1398601398601,12.09285862874444,8.690752971482413,9.215588959676829,11.0289345
4.20549581839904,5.30581370792879,5.0622170055573905,5.054712607536022,3.6592526
0.25312036309679,-7.456389805427683,0.3430205166331706,0.3015555288872006,0.28900573
0.71736011477761,1.026288173226976,1.4253130475609315,1.8124512286825414,0.2897577
0.46263345195729,-3.054393356235776,0.578751811235744,0.5459893446667277,0.33111376
10.1678748569248,14.573338768369561,8.690752971482413,9.806783475763282,11.914908
0.22486745198357,-5.3698713916063685,0.3430205166331706,0.3001019571629626,-0.33358046
0.1842450049132,-4.730189928346098,0.3430205166331706,0.295540591089687,-0.38580132
3.08432371250707,1.5369212832569463,3.861824034087931,4.009200502557396,1.8937446
12.125902992776,11.618179269738693,10.500919545787605,12.160005140561763,12.450788
7.53176043557169,12.257860732998964,8.690752971482413,9.272521181219503,11.031983
0.64818345225774,-1.9040787829455361,0.578751811235744,0.5522399631579589,0.68821394
0.67516879219804,1.6705872518142737,0.578751811235744,0.53760770119369,1.0006938
6.31768953068592,7.93769846341732,5.0622170055573905,5.176079617463415,4.872968
20.1873472712462,17.550854529633533,20.40048993902615,18.499798645343017,16.817272
1.32391879964695,4.233316115438397,1.4253130475609315,1.8395607698440066,1.843722
0.36785196745067,0.7923160492359145,0.578751811235744,0.49340033963781194,0.6607027
14.7838379078807,17.14068524732071,13.618434049664966,12.870103719232288,15.0965395
9.80230642504118,17.78036671058098,8.690752971482413,9.849395266179226,12.742829
0.14043006708043,-6.411690350216507,0.16822352067267413,0.21724302681244087,-0.64281243
2.08728652751423,1.4313061651778822,2.350666300112416,1.935822104541362,0.84516245
2.88934023455415,0.9632042449123466,3.27529243735469,3.267702423677361,1.2696075
13.7254901960784,10.576360311128559,14.418962705762233,13.170313171621103,11.297851
13.0272906660709,15.618038223580736,7.188330030116255,9.363499636625711,10.675516
8.26833073322933,9.921018407107054,11.433093232935315,10.704222013156082,10.145799
0.48059680080338,-3.1331377253116415,0.27105316192923995,0.360600113356424,0.39818016
0.59328091493924,-3.601239645577177,0.27105316192923995,0.365947449710049,0.5456983
3.07049488250852,4.241756869817211,2.350666300112416,2.294981886841534,2.3112783
1.78262972431424,4.881438333077481,1.5691636641679858,1.7291312955034437,1.7872112
0.09115077857956,-9.05589664758062,0.16822352067267413,0.2173737587623115,-0.69694555
5.89970501474926,8.400255934029982,10.059054275422355,9.239568167562764,8.805309
0.27327273807402,-4.653900198388712,0.27105316192923995,0.3459122895505547,0.0603508
2.86312849162011,2.252892476474603,3.27529243735469,3.242343246036417,1.9219179
1.28569923068816,1.951425068958483,0.578751811235744,0.6636753687300916,2.1882489
0.73409461663947,3.059208452484289,0.578751811235744,0.5906373320466914,1.2935015
26.9368295589988,18.93947573030355,27.75961527290566,26.915338992304356,23.09041
0.1097843785464,-3.2733243204738276,0.2751222211941842,0.255580598030729,-0.915504
3.78923958600633,2.9937868911292185,5.568602363504319,4.582853775314558,2.6088057
18.0736673530084,12.606942957345431,27.75961527290566,25.251290354290322,17.985565
8.81818181818182,13.714726340871238,11.132443291629686,13.190875816338306,13.730677
5.98335691503393,6.927681420055589,8.709042049127653,6.6345561303106,4.4708266
0.35168195718654,-3.3698757162307675,0.578751811235744,0.5368735470306865,0.23828535
14.6341463414634,14.086276865379835,11.030047557840465,14.882539934427129,14.345298
0.19759374725564,-0.7632581671496137,0.2751222211941842,0.26027027484102416,0.21055749
4.61794019933554,5.971954964718968,3.3991444494621734,3.5820218874545264,4.647579
3.08370044052863,6.611636427979239,3.3991444494621734,2.463775749805067,4.3285437
3.35995593500413,10.545530956905608,2.756166375790944,3.1531459876782915,4.659522
23.876953125,19.519005559861554,19.24628166477801,19.45462833196991,18.356121
29.6847635726795,19.050903639596015,27.75961527290566,26.335809041874835,20.840576
14.8611429882947,18.93967415307939,14.432838732032613,14.020349673465319,16.122387
0.19879617869567,-1.792363318994175,0.3430205166331706,0.30300618778710825,0.070125125
1.97969543147208,5.5825312761346755,1.4253130475609315,2.099605740202857,2.6550317
11.3609467455621,14.556005879090618,7.583022652626821,12.214289222111907,14.986347
0.44649976080369,2.1415312099321944,0.578751811235744,0.49497196928097653,1.9474728
4.28008170633224,8.876744341800777,4.265910930527303,3.9660282490962646,4.9499407
1.32743362831858,0.5541153105432546,2.163247553592965,2.3036923478559137,-0.21658504
0.49025932137788,-2.886884755659228,0.578751811235744,0.5680967071668706,0.37730837
13.1395348837209,14.101165905685837,16.065251663545823,14.077683892246366,14.022231
3.44827586206896,7.303206387314841,4.265910930527303,3.9660282490962646,4.2956014
1.81936322287199,4.282627755025597,4.265910930527303,3.9660282490962646,2.9700413
0.82889283599763,1.0172694286081843,0.578751811235744,0.5478115465412572,0.65365225
18.4,20.274078310643,12.603938277609421,15.116964304249338,16.971182
3.36633663366336,0.1009229251678434,2.163247553592965,2.419565336991185,0.7827094
12.5874125874125,13.647973520310426,15.190829593163588,13.496163937753254,14.835657
13.4920634920634,12.777635569129593,15.190829593163588,13.496163937753254,15.014722
12.7777777777777,13.360658127454684,12.975220770320949,14.32281236980428,14.694529
13.5338345864661,15.092114268150192,15.190829593163588,14.890336084674004,16.807413
1.79487179487179,3.670532104064542,4.265910930527303,3.90133346240405,3.0132704
9.70588235294117,13.283688170280755,15.190829593163588,13.627441268476126,15.570938
13.656690746474,13.882749697782863,12.975220770320949,14.350572308184555,15.01369
10.958904109589,14.522431161043135,11.132443291629686,12.267826856507286,13.929188
0.53125724441696,0.8285935653641703,0.578751811235744,0.5362066708455191,0.9038736
0.61521688342029,0.36049164509863285,0.578751811235744,0.5446998898520108,1.0773774
3.93559928443649,8.203488160493023,4.265910930527303,3.911805585804076,4.249744
11.8582499192767,18.456325689969503,14.432838732032613,13.288893739225534,15.0108595
15.296803652968,14.603562372441234,15.190829593163588,14.698721427838914,16.66056
0.28161081385525,-5.519435910562519,0.3430205166331706,0.31392189434543755,-0.16666646
14.7368421052631,11.468614750782546,17.3977750327531,19.697408232953094,17.541008
9.14524805738195,18.984655178335842,11.17640055687982,12.160288766620038,13.435191
10.1526557260214,13.773495561311536,10.84394364640684,10.898036690248091,10.378563
10.7518293311347,22.918549707262216,12.773004996875004,13.19752225711822,14.587377
8.23863636363636,13.878114964997089,10.84394364640684,10.956275953208474,10.383122
14.5328719723183,23.4912710312133,15.11321552137875,14.90319447420611,16.068062
5.53691275167785,4.455996173862632,4.644613694772243,5.210817442953274,5.6827073
10.7246376811594,11.830890768991484,10.84394364640684,10.956275953208474,10.383122
12.1052631578947,21.4440468352077,15.11321552137875,15.003885106550202,16.068062
3.39256865912762,8.356382298165103,6.120158220765929,5.748640118745369,7.09439
9.20245398773006,17.969538364381314,11.17640055687982,12.163453493796105,13.049032
5.81092801387684,8.661426804007824,6.120158220765929,6.040573118648645,5.9494166
3.73236231224396,5.220426737805342,4.644613694772243,4.955754532509691,4.6995277
3.3497096918267,5.8601082010656125,4.644613694772243,5.259682612459276,4.913205
17.6984705025491,21.186956119423336,15.487969702696748,15.008055923594142,16.17838
3.85431977788665,1.0958910476471715,3.76600193553401,4.373975927699553,3.920887
6.68997668997669,8.470785642776024,9.015647647104409,8.6427404699938,7.4641256
10.0814165301019,12.404680171702394,10.133832886489827,10.322472300523064,10.707683
13.058547691053,13.5124635552282,10.84394364640684,11.09300991210839,11.548284
6.41025641025641,4.6246969535630456,7.77594957948793,7.426878605562396,6.472675
5.70349046419575,2.2957405851879646,4.963575912969371,4.790407452751998,4.5584497
10.2871568318081,12.496746325717378,10.133832886489827,10.322472300523064,10.647897
13.3214440121054,13.604529709243186,10.84394364640684,11.09300991210839,11.632013
12.6372637263726,22.109902391933588,12.773004996875004,13.08676298688151,14.839396
14.9253731343283,14.262898008348698,10.84394364640684,11.107544452748655,12.756834
17.5725824055883,23.876054074564912,15.487969702696748,16.276233138405008,17.669725
6.75675675675675,4.065472909226125,7.77594957948793,7.11135931065281,6.472675
3.01058756970823,-0.8783799672688026,4.2452016504210945,4.32004299395733,3.7935522
2.50315855969677,-1.34648188753434,3.76600193553401,4.156023878390097,3.6328816
5.49752611324903,3.0555145616575676,7.77594957948793,7.329978830222216,6.3963623
4.16710735060814,2.587412641392032,5.888903487544395,6.112936387597787,6.14978
7.38240877452014,9.962307236520884,10.133832886489827,10.149845543001568,10.338065
11.6740088105726,10.85367510787907,10.84394364640684,10.857891860076725,10.867366
2.7797475535385,-2.3882810262222396,4.2452016504210945,4.303132669394786,2.0207179
12.3899119295436,18.533664164049195,14.506429900667374,14.433088978251453,15.239019
10.3225806451612,17.204313317048467,11.221722686077186,13.55734043900097,13.984493
6.97521205632875,3.510475721369503,6.681171248656793,7.11023576020931,6.3963623
12.6001113538053,20.03042446244903,12.773004996875004,13.187676477919759,14.846274
3.03964757709251,0.6467710678848739,3.76600193553401,4.1478592757531905,3.341056
6.36363636363636,8.489767583279264,6.120158220765929,6.384222215110428,7.134759
11.976647206005,12.423662112205633,10.84394364640684,10.857891860076725,11.017859
11.0381077529566,11.955560191940098,10.133832886489827,10.16175492267035,10.43381
7.88077797423591,7.0022651900028166,10.84394364640684,10.857891860076725,8.264925
11.8166383701188,10.580573377174657,10.84394364640684,12.260468441897878,10.568284
12.3036649214659,12.101783725291183,16.70428894,13.812845684134091,10.612552
10.1884431933693,11.620354206551275,10.84394364640684,10.843415303367165,10.329171
7.15705765407554,7.854111544810915,6.52283029419842,6.14791876930205,6.7247996
10.7513850415512,9.838552146428965,10.84394364640684,10.843415303367165,9.704515
11.6365436989353,10.491595042495256,10.84394364640684,10.843415303367165,10.471829
12.3303951668812,13.153438830257564,10.84394364640684,10.843415303367165,12.516932
15.7221686958045,21.14536878772033,15.487969702696748,15.26733536915952,16.31683
7.42778541953232,3.950666062501178,5.924410070353933,5.824955990832487,7.206468
12.5819500627702,12.060447383642932,10.84394364640684,11.018076327382268,11.346883
16.3764751402592,21.033921986598877,15.487969702696748,15.382614991397693,16.42764
11.4285714285714,14.82117458244695,10.84394364640684,10.843415303367165,13.617705
6.55737704918032,2.0082774669774235,5.924410070353933,5.8029539982453,5.350889
9.87202925045703,9.383172062106276,10.84394364640684,10.843415303367165,10.336831
5.13612666537941,3.1138768020501923,5.924410070353933,5.784229537205903,5.5035253
10.6728538283062,12.897270415678635,10.84394364640684,10.843415303367165,10.074123
7.59493670886076,3.354635776050857,5.924410070353933,6.135752404295416,6.490655
5.78842315369261,1.2888566681778215,5.924410070353933,6.135752404295416,5.0294313
6.71178793006204,3.780950698178233,5.924410070353933,6.135752404295416,6.0280194
17.8986272439281,22.43381951412183,17.650675609834835,17.161564900244795,15.863478
5.49783549783549,2.263832451084489,4.607190934808809,5.379462391977878,5.598256
17.2541743970315,19.251883112429553,15.152033723121667,14.612902376329707,15.327193
21.1901306240928,20.380548121546582,17.650675609834835,16.515705833745518,16.957834
10.1785714285714,11.42601549182936,13.247118435148336,13.204529729315885,11.051286
5.08436445444319,4.920908570232385,4.1257824510993295,4.017627750693906,5.6458273
7.09677419354838,8.854803099158755,6.641388111507119,5.675144011096957,6.08778
16.2702188392007,16.22969769428761,14.3528177760678,13.79757578771332,13.637984
4.59363957597173,1.9590431155954349,6.641388111507119,5.50590501533679,4.3217435
22.3291626564003,20.94825206356358,15.487969702696748,15.980528005483588,16.975739
16.2037037037037,21.319874198284914,15.487969702696748,16.35422858441301,17.456022
9.58904109589041,12.960927823075034,13.247118435148336,13.566688064925591,13.040385
16.7066346922462,19.553152464844374,15.487969702696748,16.341528337274738,17.300709
4.31682405087685,0.739860338866988,4.1257824510993295,4.169930110768371,4.449561
13.4517766497461,16.620127616686247,11.17640055687982,14.550352328268083,14.966756
18.4584178498985,17.727911000212053,15.487969702696748,16.867877300800203,16.642672
5.14110429447852,2.6421633644006755,4.1257824510993295,4.565921250467891,7.4019074
5.70484444167342,3.7499467479264816,4.1257824510993295,4.6012133229488255,7.250933
36.8615209988649,20.098315946011276,23.926490406165428,25.284135755969995,24.205887
38.9590702374936,20.73799740927155,23.926490406165428,25.553560986129117,27.184378
6.01576899447061,7.044159813592581,6.384647970444584,6.516308453885423,6.4627333
5.09820757754642,6.576057893327046,5.535817739565083,6.1205744693893385,6.6906567
25.7516339869281,24.03221047493765,23.926490406165428,25.008224891185332,21.499073
6.65658093797277,2.9648029755060787,6.641388111507119,6.3528637257470235,5.9583225
15.547703180212,11.892235424487545,13.247118435148336,13.566688064925591,13.140386
3.38691159586682,1.7838122118836957,4.1257824510993295,3.9808118647065656,4.145639
12.6243305279265,9.626808727278085,16.84440033758056,15.030970012558617,14.063528
7.18430505664548,6.825490124335873,6.641388111507119,6.446095219929186,6.31772
12.5088339222614,13.09260133593892,13.247118435148336,13.323266889361133,12.858143
19.5580110497237,23.813540785680942,15.487969702696748,17.147577819053254,18.564127
4.77220299884659,3.2309932882054535,4.1257824510993295,4.181289406162245,5.5359106
4.77372262773722,2.762891367939918,4.1257824510993295,4.128985097434791,5.950886
22.2601279317697,10.137785963068769,16.84440033758056,17.139113351893915,19.357239
30.8339173090399,20.219043949550517,23.422416571001442,23.811678885362088,23.007347
7.1071071071071,6.696785896866288,5.535817739565083,6.06659889743547,6.015887
13.4020618556701,14.071680491995142,13.247118435148336,15.047469076288184,13.406948
15.0335142036386,12.991666929963868,10.84394364640684,11.694814789571232,13.401459
11.1528822055137,7.313950788248175,14.73403972862415,13.578705847784292,10.887675
4.88607594936708,4.980734105571498,4.644613694772243,4.942788045330834,5.481008
2.36576836041966,-2.189355811829147,2.250220443092763,2.6790700987590332,3.0151837
7.61061946902655,4.545857320039433,6.120158220765929,6.39515426891538,7.0129013
7.58928571428571,5.1855387832997035,7.040397069457844,6.794312473832394,7.786419
16.4102564102564,13.69091146599011,13.878348248878645,14.891843578248974,13.183139
19.228045325779,17.62480599491648,13.878348248878645,15.01139320460914,14.561438
16.916961130742,16.163951978925724,15.487969702696748,15.577052317463737,14.960485
1.69726525148211,-2.4265890543904707,2.250220443092763,2.49128303027491,2.6651552
1.97623666343356,-1.3188056708646627,2.250220443092763,2.663819908562812,2.9643152
13.6363636363636,15.6692449904804,15.487969702696748,15.573146293427582,14.380721
10.2007168458781,8.882200069664751,10.133832886489827,10.119634005387272,9.553353
10.2373887240356,8.591801815104928,10.84394364640684,10.743929650374975,9.937244
1.85039713712141,-3.880003443691722,2.250220443092763,2.5779888921790435,2.9578311
5.16499282639885,4.6026745349629365,7.040397069457844,6.587514642162222,6.2187443
4.66982997232107,0.5219930055001853,5.806123515226971,5.330657740520548,4.8313346
15.623807706982,18.149725130105523,15.487969702696748,15.65041012812582,14.715177
2.2445485115425,-1.793485029870407,2.250220443092763,2.5917259120170075,2.8936512
2.49344906649197,-1.1538035666101365,2.250220443092763,2.7361588989015524,3.0975978
6.31013016411997,5.113307644992908,6.120158220765929,6.326419844151263,6.890192
18.8338493292053,15.194565631474655,15.487969702696748,15.356793374387362,13.912333
19.9637023593466,15.834247094734925,15.487969702696748,15.45464002199652,14.117538
5.2018083773626,1.6723075787904254,4.607190934808809,5.003472560468967,4.9666047
6.31600207744243,5.246973613550235,5.806123515226971,5.402906412745563,6.0649962
13.0374138496882,11.51408482515328,13.06684445519381,13.214283038041456,11.402641
19.6307358131957,21.127240891369496,15.7894736842105,15.328577871804423,16.149532
9.53221535745807,7.809702477174358,7.040397069457844,7.990409541869169,8.33402
7.13409876267974,4.368702410971876,5.806123515226971,5.401954197875089,5.8720345
14.7013782542113,20.717071609056674,15.487969702696748,15.433242499603189,16.27403
15.2182866556836,21.35675307231694,15.487969702696748,15.55600562833997,16.261187
1.60867657200175,-2.835303988480545,2.250220443092763,2.132194333449684,2.256054
5.6831119544592,5.007692526913843,6.120158220765929,6.310248623848413,7.133536
5.68695538229705,4.539590606648307,6.120158220765929,6.001068374726706,6.972865
13.8119953863898,14.15274667286452,15.708630632359313,14.620564469054433,13.382096
21.1921516065378,19.194424585316696,15.487969702696748,16.80272870815601,16.671728
18.4087363494539,13.497404768843015,15.487969702696748,16.118963742294394,14.651901
5.36905530449752,0.44324863642432,4.644613694772243,5.007806757099763,5.0228157
4.4674767691208,-0.024853283841215656,4.607190934808809,4.645495097874613,4.8498106
11.7683137194771,7.818143231553172,10.84394364640684,10.795542855637688,10.108828
11.7943757341256,8.457824694813443,10.84394364640684,10.933038260950664,10.532699
1.70148120015191,-5.479510285844659,2.250220443092763,2.263544033036079,1.9989902
13.5693215339233,11.976642295765942,15.487969702696748,14.4459630261298,12.397603
4.23869779599596,-1.0775138366527504,4.644613694772243,4.84814360087761,4.427301
8.24022346368715,5.8292788382105645,7.718594894290053,8.134259859036167,8.54324
4.13109916745705,5.5278114306944435,4.00989760797118,4.48666678726683,4.9608345
6.29418162044589,6.63559481422025,4.644613694772243,5.091301735798826,6.361022
15.3754469606674,22.515862092039505,12.773004996875004,13.440386429824933,15.102716
2.58601304250056,5.062809696387667,2.250220443092763,2.4086396242317867,7.042754
14.4508670520231,11.329920907990713,17.7862595419847,13.931885414816872,16.430668
21.5210355987055,12.437704291516521,17.7862595419847,14.310267814999438,21.810827
18.5185185185185,15.263815436917083,22.755762832699602,20.868405122645605,18.326431
2.07973553066561,0.3030620412621339,2.250220443092763,2.2296089655085476,2.1215816
5.14070652638782,6.57017325286518,6.120158220765929,6.029847031095925,6.040544
8.99107755662319,16.183329319081395,12.289884019957034,12.280243993345492,12.002414
11.490909090909,17.2911127026072,15.487969702696748,13.809048377804329,13.514915
7.12966737811458,10.50406778179155,6.416436160666667,7.738858143124094,7.924406
1.98012232415902,0.20651064550519393,4.00989760797118,3.587324064969951,3.3722095
16.260162601626,17.662663227115797,15.487969702696748,14.833251605150753,13.921481
3.03416176341442,2.8131281945863473,2.250220443092763,2.4139850368790743,3.0516536
9.40199335548172,9.54834132645493,6.120158220765929,6.677938651596679,7.7889147
11.8942731277533,10.1880227897152,7.040397069457844,7.137389441120899,8.530659
12.7788488019829,14.12191731864157,9.061323896359156,9.744025625830442,10.896572
14.16015625,23.09539192159751,15.487969702696748,15.261600010335906,16.262491
12.3467600700525,22.62729000133198,12.773004996875004,14.121180101878984,14.993023
14.9759008492081,22.51606051481535,15.487969702696748,15.32483772374626,16.028917
11.9221411192214,10.839736656077768,10.84394364640684,10.874419131697545,10.151761
3.32778702163061,2.401117315230979,4.644613694772243,4.808464786281432,5.4548316
10.3030303030303,18.64112876371507,10.84394364640684,10.979166399770442,15.918643
6.14059307526644,1.7840230427417865,5.0898205580760205,4.886279245030427,3.8789084
10.7106598984771,9.158917637870637,9.206627023198608,8.562506993941415,8.279738
13.3727810650887,18.13239224082658,15.487969702696748,14.539003702328777,14.337238
10.2934141285281,5.717917571668155,8.959394271780898,7.8215957829348834,6.8890142
13.0920146311339,12.453130703536738,10.84394364640684,11.278944630772465,10.742217
6.875,5.902477694279391,6.120158220765929,6.576379101232119,6.9159713
9.1254752851711,11.726778025906802,10.84394364640684,10.945283192187748,10.353659
4.99367888748419,4.130501672279216,6.120158220765929,6.552300784204026,5.948285
4.59295574764546,0.6895016060767336,6.5445274823013895,6.419707918025975,5.1175823
14.5348837209302,17.6775522674218,15.487969702696748,15.317278986550727,15.082065
12.1607835135686,10.8795927490508,10.84394364640684,10.945283192187748,10.653673
9.74658869395711,7.859014116761558,10.84394364640684,10.945283192187748,10.241493
6.04026845637584,0.37280396675175,6.5445274823013895,6.419931163342975,5.675899
9.3603744149766,7.747698561880602,10.84394364640684,10.945283192187748,10.229406
2.3264540337711,-3.796134722603089,3.0792512970417083,2.840792805833268,2.597498
8.30945558739255,3.578759872525762,6.120158220765929,6.576379101232119,6.3592744
5.14731984380546,0.13775980632327922,6.5445274823013895,6.419931163342975,5.5214324
4.24366872005475,-0.313722252138092,6.5445274823013895,6.148178774681358,5.435646
10.7388316151202,7.06117234299076,10.84394364640684,10.945283192187748,9.921525
8.07453416149068,3.700255126876216,6.5445274823013895,6.431679602054962,6.5909896
7.19360568383659,4.593655790344146,6.5445274823013895,6.431679602054962,7.6586647
16.8,23.850464672378955,15.487969702696748,15.393474011837386,16.317347
2.84552845528455,0.23630922070132243,4.644613694772243,4.807855721452935,4.79017
13.9860139860139,17.224359882046386,15.487969702696748,15.263280789653225,15.193106
7.85597381342062,4.326146516324046,10.84394364640684,10.686210278094707,9.682048
4.00464306442251,-0.6340287304795122,4.644613694772243,4.807855721452935,4.79017
21.4285714285714,16.354021930865557,15.487969702696748,15.263280789653225,15.278282
15.3846153846153,17.104922359376978,15.487969702696748,15.236514973723828,15.414057
11.2469437652811,9.542900467756066,10.84394364640684,10.70693298029056,9.818362
10.9227871939736,7.0326850874838716,6.120158220765929,6.749651407123682,9.517602
3.21811680572109,3.5916850212813887,4.644613694772243,4.665950007824338,3.9815557
1.51716795315411,-2.875957768638237,2.250220443092763,2.3286380541345193,2.2892687
3.43692870201096,1.0579367602881327,4.607190934808809,4.464907612132904,4.403317
11.8673647469459,18.0459874216332,12.773004996875004,13.178681963408623,13.145673
5.75757575757575,1.7324575100436324,4.644613694772243,4.665950007824338,4.688569
8.63309352517985,7.323888422974434,6.120158220765929,6.749651407123682,7.5739207
12.7777777777777,16.937044489190647,15.487969702696748,17.496945443706103,14.076422
10.133843212237,9.05534456366994,10.84394364640684,10.70693298029056,9.938415
9.77443609022556,18.668500629886154,15.487969702696748,15.236514973723828,15.427078
6.1025641025641,7.246918465800503,10.84394364640684,10.70693298029056,8.51739
15.8823529411764,16.860074532016714,15.487969702696748,15.236514973723828,14.153969
13.312693498452,17.459136059518826,15.487969702696748,14.46298019437599,14.009156
15.1255707762557,18.098817522779097,15.487969702696748,14.548158380208344,14.368912
6.95077660149911,4.404979927100131,8.69565217391304,6.666332203828382,5.3459845
5.17872439841133,3.936878006834594,4.607190934808809,6.034682945311971,5.252389
10.176282051282,11.779874522228983,10.84394364640684,10.70693298029056,9.938415
15.3454956409428,22.032712051705467,15.487969702696748,15.29238558485455,15.403699
17.3515981735159,18.179948734177195,15.487969702696748,15.236514973723828,15.280231
2.53449732469726,-1.9430495488265578,3.4533082164715703,3.046113346503633,2.7371535
13.1578947368421,15.045001112518506,11.17640055687982,12.174627424749099,12.794727
57.9796772265391,44.1326423128333,63.905349946615324,62.24672262348314,60.29365
41.2679524788261,38.92148269580899,44.43741731167465,41.789040432943914,41.144093
63.0603936926723,48.06653684175967,66.37976872846949,66.20417050965035,65.2886
30.3977272727272,39.026102099494544,40.03439236896732,40.142793248807244,40.22552
61.2456747404844,48.63925816571076,66.37976872846949,65.13944455910944,66.04697
7.7227200843437,24.724961434166076,9.547013420885321,8.904750064575072,10.765469
20.9731543624161,29.603983308360085,18.519282040591133,18.971553389200214,19.867443
35.3623188405797,36.978877903488936,40.03439236896732,40.142793248807244,40.22552
62.6315789473684,46.592033969705156,66.37976872846949,66.15012826347218,66.30457
39.8058252427184,26.896868662935482,40.03439236896732,40.19286184092753,40.650253
35.2941176470588,33.22767670120054,33.70406166016724,31.02391450053694,29.634533
15.9478435305917,29.318574714732513,16.549068378863385,16.904326175667027,17.10131
27.4636510500807,33.50436943266256,28.17545423316525,30.91496741583107,28.84361
63.1901840490797,43.11752549887877,63.905349946615324,62.71383373702545,60.163944
25.5813953488372,30.487432695169538,18.519282040591133,18.604880931063025,21.479795
34.9089332176929,33.80941393850528,33.70406166016724,30.97221329272817,30.304087
16.59080564406,30.368413872302796,18.519282040591133,17.773210455520637,17.73879
18.0884323358642,31.00809533556307,18.80790853522076,18.5766867227686,18.353155
16.875,32.054852627373464,18.519282040591133,18.604880931063025,22.962683
26.1780104712041,32.586130528966635,33.70406166016724,30.910667179347914,28.77256
29.5373665480427,33.69391391249244,33.70406166016724,32.033038047301545,31.32916
44.1037735849056,36.520025057893,40.020156448896,41.03584581638155,39.785805
44.9330783938814,37.62780844141881,42.72056609522317,42.00705369405457,41.841476
20.933734939759,28.87879067231019,25.990563842189868,26.389482116831214,22.655348
27.6632302405498,29.986574055835995,33.01090184315073,28.794819381759712,27.436127
39.618138424821,37.361468650964845,36.2777176012402,38.84578631012399,38.40882
66.788055353241,46.33494325392079,66.37976872846949,66.94111227308319,66.90528
15.562451231241,26.243878182144627,15.969288267331535,16.706702763851585,15.614262
27.5291375291375,33.61877277727348,28.128752471822597,29.18897114463003,26.991879
40.6984715629753,37.55266730619985,41.713186013539456,38.86838558118386,37.891624
45.9057392368072,38.66045068972566,41.713186013539456,39.182174652014005,39.85462
25.6410256410256,29.7726840880605,25.990563842189868,26.793360169420215,28.20112
42.0930232558139,37.732780372390415,41.713186013539456,39.10724438581398,39.88122
20.1331414177761,27.44372771968542,17.877844718141315,17.30663706915823,18.229467
40.5438098243399,37.64473346021483,41.713186013539456,38.85131818141849,38.049606
45.6009511456982,38.75251684374064,41.713186013539456,39.16510725224863,40.183907
68.3933393339334,47.25788952643104,66.37976872846949,66.81010723996685,65.9671
46.0904433058587,39.410885142846155,41.713186013539456,39.16510725224863,40.91541
70.8797205850251,49.02404120906237,68.13559999410846,67.82922895334856,69.1499
32.4324324324324,29.21346004372358,25.990563842189868,26.534896755888216,28.4033
12.8222743069587,24.26960716722865,9.547013420885321,10.59182892686906,12.256525
11.7182564750473,23.801505246963117,9.547013420885321,10.386239405996124,11.000672
20.5546393012033,28.203501696155023,23.539085564994714,23.76129723694519,23.353998
17.7895293495505,27.735399775889483,20.747557048602147,23.194706795239135,20.718943
31.6705336426914,35.11029437101834,35.24932394409241,35.45613628363458,35.01494
18.8524590163934,32.06776771345015,20.723591177977426,19.375987705697934,22.566023
34.2511013215859,36.001662242376526,35.24932394409241,35.52573714763192,36.708817
9.82130194298681,22.759706108275218,9.547013420885321,9.620779610430489,8.077162
15.3545673076923,26.225498716936052,20.59676576478225,21.808013695891788,17.53895
59.0872698158526,43.681651298546655,60.181296736779196,63.75041794292601,60.182198
45.8064516129032,42.35230045154592,43.47436309141507,43.64387180558581,47.19937
21.8809190480112,28.658462855866958,23.539085564994714,22.73886171758427,22.079256
64.4010450126343,45.17841159694649,66.37976872846949,65.51333638915052,62.932236
10.2202643171806,25.794758202382326,9.547013420885321,9.770701568916188,10.71495
20.6818181818181,33.637754717776716,20.723591177977426,19.472918665743762,23.11803
37.6313594662218,37.57164924670309,35.24932394409241,35.568585891050255,36.867054
34.6419185282523,37.10354732643755,35.24932394409241,34.987586035447706,35.35258
29.1992927506946,32.15025232450027,35.24932394409241,35.49502998537875,34.356342
36.4346349745331,35.728560511672114,35.24932394409241,36.07734005454636,37.0076
35.9947643979057,37.24977085978864,35.24932394409241,36.07734005454636,36.857918
19.8113207547169,30.945875073510564,20.723591177977426,20.561233403371862,23.16158
39.4675111423879,36.76834134104873,35.24932394409241,36.516798479856945,37.048153
12.7840909090909,29.068204150382,21.47239264,19.361475605235047,20.657255
24.4532803180914,33.00209867930837,18.519282040591133,18.87397646525416,23.466274
22.0858895705521,31.05264475200005,25.0,21.5142004074211,20.452477
19.8924731182795,30.584542831734517,25.0,21.37902025449302,19.164202
39.0408587257617,34.98653928092642,35.24932394409241,36.151684352992696,35.730534
41.837431693989,35.62622074418669,35.24932394409241,36.714637357480896,37.655586
67.5883794189709,45.2393768104029,68.13559999410846,65.20279548580199,66.73125
9.34528163862472,24.330793052937487,9.547013420885321,9.39812465642052,10.058928
38.5243872245605,35.63958217699271,35.24932394409241,36.47036432104679,36.661465
4.76190476190476,23.048502883588235,9.547013420885321,9.111675126863013,5.867843
9.01639344262295,26.992636840699795,9.547013420885321,9.689225737207726,10.042135
40.5367931068634,38.30142596475502,35.24932394409241,36.149042674180784,42.508118
12.975699220541,28.837203340607182,16.549068378863385,15.371879713262713,15.789343
66.0550056932644,46.293355922217785,68.04187266191431,65.64143615748878,65.126755
64.2584514721919,45.825254001952246,62.26273187794507,64.67158542510683,66.05555
12.8,25.164758668072267,9.547013420885321,9.219649334172251,14.680153
23.5213204951856,29.098653196998633,18.519282040591133,17.384011168127362,22.559599
6.4516129032258,24.39357323174903,9.547013420885321,9.516315354472436,8.761983
33.3091857432628,34.59457897227844,35.24932394409241,35.2289889223107,34.674202
38.3697273836972,35.702362355804254,35.24932394409241,36.4039934934328,36.807304
41.5539126795926,37.208434518140386,35.24932394409241,36.41947953175703,37.440296
68.0515251176887,46.18190912109633,68.04187266191431,65.6731784996059,65.31335
28.2539682539682,39.969161716944406,35.24932394409241,35.66413734890808,36.94634
9.75160993560257,25.033212001044795,9.547013420885321,9.20417607654701,9.915053
16.8032786885245,27.15626460147488,18.519282040591133,17.215282180706453,17.139534
36.1974405850091,34.53115919660373,35.24932394409241,35.74695112305196,35.910084
17.6165803108808,31.702864002750125,18.336050851133088,19.141486786511532,20.900152
14.92566132458,28.26186393654765,18.519282040591133,17.138348605326872,17.139534
17.6042862610026,28.901545399807915,18.80790853522076,18.250208516604417,17.940414
38.2830626450116,38.04525755017609,35.24932394409241,35.71975621045281,37.530563
18.9873417721519,28.50262291054831,18.519282040591133,17.55683835758675,18.07353
15.0442477876106,29.877843868877754,16.134873202593944,16.052566054801773,18.449442
16.7664670658682,26.436843802675277,18.519282040591133,17.55683835758675,16.261
9.72404730617608,24.52694138348378,9.547013420885321,8.942357715142771,8.90621
18.6689227298364,28.928937832675686,18.519282040591133,17.57840370490055,18.11341
30.2272727272727,35.835730507539004,30.140482725707223,32.819397441690164,32.53122
72.4920802534319,47.581806648619285,66.37976872846949,66.05235119992354,63.88867
19.0520160049245,28.45609751173574,16.549068378863385,16.835716927508557,16.090754
61.2085769980506,45.444148173080805,66.37976872846949,64.61691786216197,65.96615
15.7575757575757,27.411819585581945,16.549068378863385,15.869756637224645,14.9277115
64.3784786641929,44.39987024692701,66.37976872846949,65.56201759371956,65.8109
16.0,28.072382674433435,16.549068378863385,15.869756637224645,15.873303
28.8571428571428,35.447277269562285,30.140482725707223,32.40958111698436,32.461895
74.833091436865,45.52853525604404,66.37976872846949,66.13827622339191,65.67837
77.0802919708029,46.168216719304304,68.13559999410846,66.89705049113067,69.18496
37.1428571428571,36.574002626326816,40.012288043094294,39.7107089903046,38.230225
13.2508436445444,30.06889570472984,9.547013420885321,9.576421146576354,12.910152
21.9662058371735,34.00279023365621,18.80790853522076,17.848912976312704,19.906488
49.7621313035204,41.377684828785064,43.743118705001145,42.42154056270857,43.86517
24.3816254416961,27.10703025009289,18.519282040591133,17.704892302059456,16.371628
73.9172281039461,46.096239198061035,66.37976872846949,68.0196136147375,67.38383
65.7407407407407,46.46786133278237,66.37976872846949,67.41746063054372,68.66933
40.0684931506849,38.10891495757249,40.012288043094294,40.47594496702551,41.157402
72.8217426059152,44.70113959934183,66.37976872846949,67.43951979684606,68.66901
12.7449091025888,25.887847473364445,11.748796685725,11.411589013840471,11.597864
53.8071065989847,41.7681147511837,72.37012979989309,64.29436934801049,57.12508
58.2150101419878,42.87589813470951,72.37012979989309,64.39491292952901,58.493004
11.2453987730061,27.79015049889813,16.488383751290463,13.466538071932362,14.945821
12.581831785024,28.897933882423935,16.488383751290463,13.537024246086137,15.784823
77.8660612939841,45.24630308050873,72.37012979989309,65.51672693347565,70.56639
78.4234461849419,45.885984543769005,72.37012979989309,65.42288686470374,73.66194
17.3202949006758,32.192146948090034,18.519282040591133,17.580569399892116,18.53372
14.6077063432435,31.724045027824502,16.549068378863385,15.760207778721636,16.644297
70.9313725490196,49.180197609435105,66.37976872846949,66.31098194233806,68.94126
27.4193548387096,31.553790176206014,40.32522484025069,37.29435781400325,38.063065
17.6500252143217,28.11279011000353,18.519282040591133,18.135306435493668,18.292925
43.6749116607773,37.040222558985,40.012288043094294,40.47594496702551,41.6224
8.64906238040566,26.931799346381148,9.478183603339462,9.597860192970657,10.303255
33.5883703136954,34.77479586177554,40.32522484025069,37.31485395273414,35.18565
20.4614534401768,31.973477258833327,18.80790853522076,18.621905487338754,19.455826
40.7420494699646,38.24058847043638,40.012288043094294,41.01435092416429,39.302338
72.2651933701657,48.9615279201784,72.52374830283031,70.37116386061248,69.46377
11.2384659746251,28.37898042270291,9.478183603339462,9.644832449862234,11.2077675
11.0510948905109,27.91087850243737,9.478183603339462,9.61719582891819,11.341663
45.5863539445629,35.28577309756622,40.32522484025069,39.05858377986265,38.63752
74.7021723896286,45.36703108404797,72.37012979989309,69.89050568973535,70.72317
16.5165165165165,31.844773031363744,16.549068378863385,16.47071683729861,16.001566
38.7743413516609,39.219667626492594,40.012288043094294,40.356403423677364,39.42013
22.9219143576826,33.73765761526941,29.38185854124658,32.37397700976063,28.499142
46.0900095754867,38.139654064461325,40.012288043094294,40.00912540135926,42.01589
14.1975308641975,28.990248845938623,18.519282040591133,18.135306435493668,18.427845
41.5584415584415,36.365143441067474,40.012288043094294,40.47594496702551,41.157402
26.2531328320802,32.461937922745626,34.7315489982712,30.777971190697816,25.247517
15.5189873417721,30.128721240068955,13.509276700086502,13.783605788816617,15.313782
5.94527874922855,22.95863132266831,9.547013420885321,9.1548096291813,8.272786
17.8761061946902,29.693844454536887,18.336050851133088,18.43295161174198,20.88772
18.1547619047619,30.33352591779716,18.336050851133088,19.913407507224534,22.809155
40.0,38.83889860048757,42.6762426762426,45.041987649032514,45.06041
54.6033994334277,42.772793129413934,58.16903269775352,56.20425797622525,54.134083
53.6660777385159,41.31193911342318,47.36964124666667,54.78469348286454,52.28676
5.56438791732909,20.984443261966717,5.431608424124066,7.654047319433672,5.992647
23.9699032604801,31.185449002496128,28.91608743962978,29.86995826834566,28.286654
25.352733686067,32.293232386021934,30.39019015752517,30.758336366640478,29.187262
50.4746835443038,40.79860506871234,51.739080065856534,53.945978865527216,53.046406
4.8431822528208,22.721398080106987,9.547013420885321,8.46652715118497,7.393401
5.25885063045586,23.829181463632793,9.547013420885321,9.112695805600488,8.272786
41.4685314685314,40.817232124977856,43.68696816892525,45.10762019630934,46.95758
30.3584229390681,34.0301872041622,28.91608743962978,31.268467579042408,29.899504
32.1958456973293,33.739788949602385,35.24932394409241,34.42788240817993,33.092052
5.61228943004276,21.267983690805732,9.547013420885321,8.625242821735846,7.547766
15.4949784791965,29.750661669460392,18.336050851133088,19.475702950955945,19.970804
14.3614076710162,25.66998013999764,18.519282040591133,17.796829015178968,15.492627
56.3143838229683,43.29771226460298,58.16903269775352,57.02100403664912,55.45371
7.33810574959255,23.354502104627045,9.547013420885321,8.599275548180703,8.517568
8.40157222404192,23.99418356788732,9.547013420885321,9.073746226916862,9.164255
16.4402942840973,30.261294779490363,18.336050851133088,18.61253291806795,19.079487
50.9803921568627,40.34255276597211,51.747683299018966,51.51266790753096,48.83291
49.3647912885662,40.98223422923238,51.747683299018966,51.21027555412599,49.54148
15.7252573669589,26.82029471328788,16.549068378863385,16.127449642048244,14.615002
21.5246119222113,30.394960748047687,18.80790853522076,17.923156580896215,19.313698
39.3665900886117,36.66207195965073,38.29310524998734,36.50094526212396,38.327335
70.4452891664404,46.27522802586695,67.32735254751007,67.68747213566817,64.07648
24.2718446601941,32.95768961167181,18.336050851133088,20.96154224636696,24.74589
23.7320254152268,29.516689545469333,18.80790853522076,17.984665806019777,18.415577
57.709977618094,45.86505874355413,58.16903269775352,58.245324402540916,59.12201
55.8484349258649,46.5047402068144,58.16903269775352,58.53609612833443,59.834904
3.90571124067456,22.31268314601691,5.224594100519955,5.704194750599864,5.7950754
15.8135673624288,30.1556796614113,18.336050851133088,16.61221143044315,17.78034
16.8184498460328,29.68757774114576,18.336050851133088,16.73356571382832,18.339443
43.3583237216455,39.30073380736198,41.44934816415887,40.096957524606964,42.198868
57.5077255296176,44.34241171981415,54.189649475321296,53.31049585722445,51.73451
41.0296411856474,38.64539190334047,41.44934816415887,40.113180576612656,41.573204
17.2333405064199,25.591235770921777,13.643673159500254,13.642351939237455,14.75595
15.5396711937097,25.123133850656238,13.643673159500254,13.185285739451597,12.892904
30.6321156131406,32.96613036605063,28.1176141622198,27.880989928794207,27.304031
30.3599806536309,33.605811829310895,28.1176141622198,27.45340092846827,26.861164
6.793536040825,19.97704771762503,5.224594100519955,6.3714294069949915,6.409585
9.87841945288753,26.244158929228078,13.86093543961284,14.835015951678288,16.297155
34.9206349206349,36.9650983789701,36.89128070868047,40.05672182327306,37.24037
13.2546652030735,22.803158863025594,13.643673159500254,13.155716941413466,11.890909
3.79035320926699,19.668476848652794,5.224594100519955,5.527250570686095,6.1321883
37.905604719764,37.1246294302634,36.89128070868047,40.01641606707608,37.874226
11.2071526168835,24.070473297844707,13.643673159500254,13.454056689996992,13.11741
22.9349561053471,30.977265972708018,21.63597951908225,21.308289221586673,22.001772
5.43806646525679,28.001504378959986,18.519282040591133,16.909214438695855,17.384542
18.0419433027716,30.675798565191897,16.549068378863385,15.604284906222809,17.466919
21.7101685698749,31.783581948717703,18.80790853522076,17.809357684015826,20.489931
72.5864123957091,47.66384922653697,74.56694085773645,72.58929534344624,71.43693
5.68922869350123,30.210796830885123,9.547013420885321,8.399048753112707,11.010634
35.2601156069364,36.47790804248817,29.820228316100927,33.869827844503064,36.749283
52.4271844660194,37.58569142601397,38.26013712023483,34.86628065249313,45.79072
40.3703703703703,40.41180257141454,55.9492336026616,51.82511189573561,45.43592
5.62429071890265,25.451049175759586,5.79800440347677,5.63841294295632,6.486813
24.8738345736036,31.718160387362637,25.4883995532838,29.386378460679243,25.149288
50.0114390299702,41.33131645357885,50.552122378685,59.22170645408177,55.048374
50.9818181818181,42.439099837104656,50.552122378685,59.285001791524536,55.570526
33.0583467229429,35.652054916289,35.24932394409241,34.88260255468123,33.120857
6.72782874617737,25.354497780002646,8.11531032892271,10.567324688974677,9.051822
59.3495934959349,42.810650361613256,55.83863249539212,57.438704976502265,56.523052
8.35602002283305,27.961115329083803,9.547013420885321,8.888136961947572,8.831955
32.8903654485049,34.69632846095239,38.26013712023483,30.714555952661488,31.697327
37.3568281938326,35.336009924212654,38.26013712023483,32.27672757195081,32.69522
44.8085926741944,39.26990445313903,35.24932394409241,37.31159737301507,39.309326
69.7265625,48.243379056094966,66.37976872846949,67.11467103855065,68.18033
67.4255691768826,47.775277135829434,66.37976872846949,67.12222408422095,67.98003
67.580904291944,47.664047649312806,68.13559999410846,68.24152113905696,66.68151
29.92700729927,35.987723790575224,35.24932394409241,35.27648004509294,35.26917
11.9800332778702,27.549104449728432,13.4604487795807,14.91931818965919,16.127373
36.3636363636363,43.78911589821253,35.24932394409241,37.044564617564596,42.13172
16.1312489263013,25.114539320918354,18.6262474982068,17.062446665440035,15.42009
48.6725663716814,42.102589982263424,51.747683299018966,50.811152948683905,51.548042
30.9110137483003,30.156217233370533,24.92730821221255,25.206020603999733,27.438267
21.4313324866088,26.932010177239242,18.6262474982068,17.400891689700742,17.22625
35.3807106598984,34.30690477236809,29.9082775743142,28.57400169176924,28.010042
49.585798816568,43.28037937532403,51.747683299018966,50.575807386895356,52.651157
33.5114016903205,30.865904706165608,24.92730821221255,25.340781814107622,27.438267
41.1334378414327,37.60111783803419,35.24932394409241,36.6856109076046,37.967094
29.2307692307692,35.24794002702663,35.24932394409241,35.314952313747725,34.71165
16.5625,31.050464828776846,18.336050851133088,17.908011251926027,20.804281
33.4600760456273,36.87476516040426,35.24932394409241,35.314952313747725,34.71165
11.936550710436,22.543275674908088,9.547013420885321,9.747178971218183,9.780994
15.8027812895069,29.27848880677667,18.336050851133088,17.449783075132462,18.284582
17.5332215198038,25.837488740574187,22.155525770566065,21.97232929386887,20.822653
24.3258749282845,32.744281415437506,35.24932394409241,33.72632474429742,28.62844
60.1162790697674,42.82553940191926,63.58910651646252,61.7250524415167,59.172733
39.6857784125688,36.027579883548256,35.24932394409241,35.314952313747725,35.899277
16.4086687306501,28.605004802067107,18.336050851133088,17.932638177248993,15.252646
28.1351526965562,33.00700125125901,35.24932394409241,34.12947168440169,33.30381
17.4496644295302,25.520791101249202,22.155525770566065,22.476564025545724,20.541265
27.4570982839313,32.89568569637806,35.24932394409241,35.314952313747725,33.40981
10.0187617260788,21.351852411894363,9.547013420885321,9.084892450256422,8.849453
10.6894370651486,21.991533875154637,9.547013420885321,9.702763935650104,9.883081
18.9111747851002,28.726747007023214,18.336050851133088,17.908011251926027,19.199787
11.6666666666666,28.25864508675768,18.336050851133088,18.013225065095188,15.555946
22.707423580786,29.366428470283488,18.336050851133088,18.27646160538222,20.16635
18.9563365282215,25.285746940820736,22.155525770566065,22.35302405948992,20.876122
10.2316602316602,25.977714576822052,9.547013420885321,9.084892450256422,10.963031
18.9596167008898,24.834264882359363,22.155525770566065,22.31899200444333,20.426672
30.6701030927835,32.209159477488214,35.24932394409241,35.156968617999645,33.753098
21.7391304347826,28.84824226137367,22.155525770566065,23.48262709394768,24.056293
13.5198135198135,25.807748395915233,9.547013420885321,9.314088219281809,14.092749
24.3339253996447,29.7416429248416,22.155525770566065,23.48262709394768,26.782888
72.0,48.99845180687642,66.37976872846949,65.72747697420928,65.36019
15.5737704918032,26.00900529280439,9.547013420885321,9.328688637284024,10.285162
2.95964125560538,10.937218823019348,7.535936675836218,8.180236239546979,6.9369287
25.4777070063694,22.246007947074574,35.24932394409241,33.56830386512857,33.533615
23.5643564356435,28.825296421401262,18.336050851133088,21.214240207372278,21.077694
8.26558265582655,25.384296355198778,11.854776173387549,13.851871283732441,12.217233
57.3426573426573,42.37234701654384,61.19357061902377,61.70946619915345,60.629524
27.3322422258592,29.4741336508215,35.24932394409241,33.528316678612875,32.562813
12.4782356355194,24.51395840401794,11.854776173387549,13.851871283732441,12.711587
66.6666666666666,41.50200906536301,61.19357061902377,61.70946619915345,60.80859
62.2377622377622,42.252909493874434,61.19357061902377,61.55583500593276,62.277424
36.1858190709046,34.69088760225352,35.24932394409241,34.8751657157008,34.76817
31.8267419962335,32.180672221981325,25.081447097936724,26.39271736923567,28.151964
13.5876042908224,28.73967215577884,15.347036024981989,15.950676363194884,15.28421
56.0538116591928,41.357504651903355,65.35035727221836,63.5359962381755,61.998066
5.29677934522225,22.27202936585922,7.535936675836218,7.961566104490852,6.876309
12.2486288848263,26.205923894785585,14.839541173489865,14.83810792842573,13.672316
62.3036649214659,43.193974556130655,61.19357061902377,61.50814126485297,61.391884
14.5454545454545,26.880444644541086,15.347036024981989,16.080772981430158,15.091933
24.4604316546762,32.47187555747189,25.081447097936724,24.647696746965423,24.257263
24.8847926267281,33.11155702073216,29.733906848112696,28.82749953577987,25.603346
45.0,42.0850316236881,51.747683299018966,50.530137868454695,52.065075
40.2038505096262,35.937668166132724,35.24932394409241,35.90276289614881,35.575603
22.1153846153846,27.35082252129466,15.347036024981989,17.43756591481746,16.533567
24.1666666666666,30.269437169241023,25.081447097936724,24.71549835227251,24.550339
31.7399617590822,34.203331698167396,35.24932394409241,34.8751657157008,34.97093
49.6240601503759,43.81648776438361,61.19357061902377,61.55583500593276,62.54327
24.376731301939,28.461011071371587,25.081447097936724,24.665061223090458,23.768757
19.5266272189349,27.992909151106048,25.081447097936724,23.904182763330866,22.3008
31.9487179487179,32.39490560029796,35.24932394409241,34.87856509126192,34.582626
26.1241970021413,31.92680368003242,35.24932394409241,33.76022070585588,32.937485
68.8235294117647,42.00806166651417,61.19357061902377,61.219973697346234,61.78127
56.578947368421,41.539959746248634,61.19357061902377,61.26561627450843,62.271427
78.7234042553191,42.64774312977444,61.19357061902377,62.38619408250771,63.3564
55.2803577571379,42.60712319401628,51.747683299018966,53.7563454646593,53.606056
55.4223744292237,43.246804657276556,51.747683299018966,53.38500298409741,54.340534
25.0695464029055,29.552967061597585,15.347036024981989,23.616313279393477,20.164814
20.9134802585468,29.084865141332045,14.839541173489865,21.688294160215577,18.147055
35.1874627310673,36.927861656726435,35.24932394409241,34.89620990971271,35.544704
61.8582499192767,47.18069918620292,61.19357061902377,62.668711530424645,64.05803
6.28385698808234,20.86980331711832,7.535936675836218,8.12624522736865,6.921262
66.8949771689497,43.32793586867465,61.19357061902377,61.55583500593276,62.143597
6.30550621669627,22.506592386157564,7.535936675836218,8.102770942329977,9.320707
9.18051253168121,23.204937585670898,11.12321299834265,8.639826896194284,8.361888
48.9473684210526,40.19298824701596,51.747683299018966,53.24032654291324,53.139168
13.26860841,12.532915972822519,12.241905049635898,10.908634233130563,10.542888
1.164822365,4.616835243916385,1.657842051666667,1.1870399556503102,1.9678316
29.61835381,21.604885905261455,27.37895501571967,27.28868440293551,26.086302
10.08984105,10.148641104014262,9.557962858031642,9.280230552218224,8.323333
36.07843137,21.444825294501747,38.3912248628884,34.313634058875145,30.547733
27.35849057,20.241130238837655,27.37895501571967,28.92250615775268,25.434177
1.430100738,4.253620515353685,1.0067856264285717,1.0751117231111902,1.6943041
23.5037346,22.273286141121794,35.70783086777778,29.566437342411277,24.353445
24.79423868,19.01977593948478,31.599741239466738,30.290112783221165,27.890383
7.37704918,10.720320013125342,7.0790587385,8.271654317912075,7.984972
8.987485779,12.859718361074197,8.889917075835399,10.221215562497315,10.812436
29.75888325,22.472874427290407,41.65914425,30.928278268447684,26.381136
33.06544202,20.337069086362902,27.676622884115613,29.125073672056146,29.461346
34.00510204,21.42745110748355,35.70783086777778,35.03848646472335,32.9723
1.281085154,2.9605651870411185,1.0067856264285717,0.9544597736043415,1.6516107
12.2214403,12.721506557097168,9.557962858031642,9.977449355065403,10.730341
26.8,22.334662623313385,27.676622884115613,28.232604982503446,28.7268
1.46776491,3.725385853214867,1.0067856264285717,1.0090093387789478,2.079307
1.088048209,2.7475056590530427,1.0067856264285717,1.0090093387789478,1.6516107
34.03614458,21.87495466834696,35.70783086777778,34.87186686078518,32.106556
10.53097345,13.98712213556104,9.557962858031642,10.918772475263715,10.476215
12.40208877,16.126520483509893,17.376788245,14.587651221793918,14.057456
7.880724175,12.89775819714838,9.557962858031642,9.581743449062362,8.68337
0.751476114,7.66226194996838,0.5543860117435898,0.6398786286063388,2.8897846
11.93693694,15.037156545097234,11.169958249999999,11.517643408662998,13.351853
28.930131,23.24260183114339,27.37895501571967,26.199658366262437,26.23507
0.519303622,3.134039211107156,0.7686901803726822,0.852660285446883,0.7770517
12.31741019,11.616717189761815,17.856647723466402,17.860760104854815,10.519928
1.484947111,5.741539479321545,1.3788695833333333,1.2468603640713232,2.0236635
8.66894198,12.648332154184862,5.26589159848808,10.766562432137055,12.14322
1.093989383,4.754160716084996,0.7686901803726822,0.9799472012576852,1.7037936
2.011173184,6.89355906403385,1.3788695833333333,1.3264387865425176,2.1561606
2.163275818,7.5332405272941205,1.3788695833333333,1.453669100497327,2.4915595
16.47429171,14.268453659162704,17.376788245,14.714978297966937,14.261504
24.51394759,17.72482547733223,27.37895501571967,24.409987407910634,23.805323
0.752070735,3.319046115485487,0.8397705919692798,1.3374496817889123,0.9610143
16.31336406,19.838994856565016,14.45494644,17.058167774035173,17.88209
10.3125,12.365237138297656,8.889917075835399,11.555176306838346,12.046395
0.759990194,5.871619619111923,0.8397705919692798,2.5767701424005782,2.111654
1.060304838,6.511301082372194,0.8397705919692798,2.7247828810283226,2.5033247
3.645401823,7.542916046795241,2.771391552166667,2.7593145691221617,2.6033673
18.29745597,14.917810641924095,8.889917075835399,12.99882678975611,14.042086
34.21052632,25.63875009166611,33.99287764870438,37.95789103891897,35.71385
2.072788624,5.824521524934889,1.0700828753037899,1.1184453588671672,1.9895012
6.199654776,12.091632736537935,7.0790587385,7.731052589362407,8.585343
17.90672282,13.199416120063741,17.856647723466402,17.993159885910362,16.946878
16.67511404,21.704788802754145,14.45494644,17.63564789473059,18.829834
37.80332056,22.812572186279958,44.02606807,37.82825660708673,37.833748
0.293881913,3.1653428337678386,0.34663813071428573,0.4216203589765182,0.16197653
8.166409861,20.157535748826106,14.796851624444445,18.393376939109363,19.522669
5.358977286,10.492870699258622,4.331437708161874,5.012316146813911,7.211662
0.533444758,2.0867697789313473,0.34663813071428573,0.42236079951964756,0.43122545
17.4796748,18.004971627782282,14.796851624444445,16.764090121535872,19.219267
3.318777293,8.514007931883118,4.331437708161874,5.012316146813911,5.7326145
13.28047572,19.370129301904257,9.920634921,17.188675034779273,18.92133
0.348509184,-1.7373088936521262,0.34663813071428573,0.40443630313768203,-0.36515385
16.06840819,21.444446778394685,18.185335902936632,19.27007749277301,21.002361
23.51926394,20.04839850857074,22.4468934746252,20.158462673902807,21.923178
7.031509121,9.441907781952183,6.69803886544964,6.148703016460864,7.719243
0.765631646,4.206411534772185,0.5543860117435898,0.42637419210120536,0.9135082
13.94275162,17.660975642021626,13.601758253747589,14.759955750162765,15.000706
6.528451698,10.187217923754261,5.638662541693369,5.303862364517945,7.024843
8.96348211,18.06342386272057,12.529131064975365,13.36658651334733,12.4921
16.71388102,19.171207246246375,23.45064701943062,22.129048256455512,19.723911
9.053981828,20.202822210669424,12.529131064975365,13.157308181426286,12.72594
14.16837782,18.73361547527857,9.217877095,13.374415993485036,13.861059
0.33910878,-1.3012630800250369,0.5543860117435898,0.4258926344887921,-0.06598157
1.05213935,4.175359877129568,0.5543860117435898,0.49307548091903913,1.7713294
23.98523985,19.995376967399167,26.991512762997285,25.628527474467496,21.964018
0.431485635,0.09006073233978906,0.5543860117435898,0.4597242908828773,0.35156226
6.903820817,9.083371821024418,4.88914188675,5.141671292785862,7.10398
6.355932203,10.991013636714342,7.559469845469107,7.119009184416438,8.390886
0.38548569,0.011316363263923712,0.31905443214285717,0.3646566855384292,0.5549887
12.61805013,16.999367024608986,13.121315131593732,13.020249466792963,13.496263
2.962289868,9.057507386076095,2.11558244257101,2.793028927926074,4.1529517
8.748964374,18.670663452292303,7.4059239753363055,7.733853711681952,10.407792
4.924578527,8.248574181184608,3.014774062720321,3.2907757257911765,5.657333
2.79466148,6.455156481085528,3.014774062720321,3.2774407623128625,4.133274
0.265052727,1.2196602339055298,0.31905443214285717,0.3018357771352709,0.3463495
13.62318841,18.194344223655676,9.1901725415,12.185453188929193,13.437241
16.89291101,19.951579658579185,9.1901725415,11.585992813279251,15.03533
12.68149237,17.61800289948077,9.1901725415,11.549058763363561,12.602578
11.73285199,25.69002681405287,14.98331817,24.171983731975505,25.364235
13.83647799,24.654008204781555,38.79310345,31.965824366040266,27.248522
10.07416564,11.449001716008336,9.557962858031642,9.066183414207707,9.471627
0.976042591,3.4509560836115556,0.5543860117435898,0.5587046434233887,3.6627364
3.171247357,9.401909222333806,5.1039774654,7.2963914590228365,7.557203
16.23931624,19.01506528855002,23.480654704086852,22.01862127363876,22.40475
0.450580002,-0.5599084024887455,0.5543860117435898,0.5587046434233887,0.46444464
6.03156708,6.814986192640108,5.1039774654,7.2963914590228365,6.578343
3.571428571,1.2672339391094658,5.1039774654,7.2300496463709365,6.0242143
1.209048362,4.206757227340201,0.9478880508571429,0.9127780252120462,1.6063
9.73401245,11.581651822469055,9.557962858031642,9.10293506815674,8.729623
1.916832513,5.966668693022289,0.9478880508571429,0.9057656810163023,1.8420485
28.50318471,22.954719354367356,27.37895501571967,24.42251491810994,24.939396
22.78978389,23.160761984665754,24.66409844563388,25.649935184294144,25.255775
29.43262411,20.400693311884453,27.37895501571967,24.365780222549134,23.891045
3.980099502,21.51518451089268,0.5543860117435898,12.36080106602021,30.262854
3.732932482,8.786784200375418,2.5449101792,2.3468175416801724,2.82311
20.90492554,16.80136025876454,13.635471702204743,15.102089854495018,14.529658
18.28512397,18.301077143453128,11.169958249999999,13.895815413307249,14.037839
11.65048544,6.819570211015089,12.67326733,8.683678673584405,9.650216
5.455251407,-1.096510517891046,5.760699242890334,5.915609639570713,5.703634
6.991410242,15.891540143454021,7.096717231421883,7.903886044948411,8.7885895
7.187284036,4.435295342206831,6.401810770361656,6.634305200227273,5.6069427
5.490196078,15.731479532694314,7.096717231421883,6.391488362331493,8.000289
6.41509434,14.527784477030222,7.259558268846153,8.813970212772562,8.424254
7.326178255,-1.459725246453747,6.73050685783575,5.732184791045409,4.735159
6.25666893,16.559940379314366,7.259558268846153,6.675671984780107,8.156936
6.172839506,13.30643017767735,7.096717231421883,6.828899475553669,6.807124
1.87541862,-2.0103240559843982,2.2741181600909095,2.3386028928910365,1.5062493
1.31826742,-0.9025406724585903,2.2741181600909095,2.344398997462281,2.055848
7.366885485,16.085509988886475,7.259558268846153,8.42115970732851,7.6563163
9.458138777,14.873644036213683,8.944227529223435,8.60178083774192,7.943722
4.868455843,5.006974251317912,6.055177986074613,4.8823707647710926,5.5849886
5.574516496,7.1463725992667655,6.055177986074613,4.80370301039678,6.0103307
7.258883249,16.759528665482975,7.259558268846153,6.8459528545034765,8.125273
7.8125,11.223126452920797,6.055177986074613,5.945201724054342,7.615734
3.823529412,7.016490383364157,3.8792492833561965,4.618639953712278,5.206117
6.027554535,14.623723324555472,7.096717231421883,6.547726013856471,7.461377
3.451327434,6.100949279459906,3.8792492833561965,4.3657807689285155,6.121723
5.663265306,15.714105345676119,7.259558268846153,6.559478963058038,8.441819
4.483798041,-2.7527805747663123,3.42223530787623,4.268105489775594,4.390412
2.979122684,7.008160795289738,3.8792492833561965,4.014463881803665,7.5674915
4.48,16.621316861505953,7.096717231421883,6.356796751709663,6.925178
2.875629044,-5.443321253588389,3.9225614935,4.058134434285256,1.7878855
3.424657534,1.9315733415404628,3.8792492833561965,4.014463881803665,2.3518713
5.672880411,-1.9879599085925648,3.9225614935,4.058134434285256,3.9149716
1.605136437,0.15143843935628976,1.3016416204999999,1.8394146312872486,2.9301932
2.906050955,6.482891710160072,3.8792492833561965,3.8844171636900824,6.502024
3.682624707,-2.965840102754388,3.9225614935,4.058134434285256,4.3720446
5.572289157,16.16160890653953,7.259558268846153,6.467830784595531,8.116603
7.610619469,8.273776373753607,6.401810770361656,6.311788113588888,6.5533
6.396866841,10.413174721702461,6.401810770361656,6.3232095545637215,8.155729
6.49627263,7.184412435340949,6.401810770361656,5.9490438414071445,6.937565
1.395598497,1.9489161881609496,2.2741181600909095,1.8996685244151974,4.090017
7.207207207,9.323810783289803,6.401810770361656,5.943938636700445,9.078416
9.554140127,8.555781466380015,7.603625734344522,7.691559927917581,8.754796
16.15720524,17.529256069335958,15.63857347,12.209334786829567,11.385717
3.196696888,-2.5793065507002755,5.760699242890334,5.0247627530975425,3.9047456
5.645479668,5.903371427954383,7.603625734344522,6.785024948088997,4.7747445
2.563059398,0.028193717514113814,2.2741181600909095,2.310147445882486,2.4699736
4.57337884,6.93498639237743,4.567547591036728,4.955933741000303,6.9318433
6.334831029,-0.9591850457224353,5.760699242890334,5.480740190181112,4.4182773
4.044692737,1.1802133022264183,3.691963453,3.070580919021343,2.8637416
4.369473775,1.8198947654866888,3.691963453,3.1303280319341864,2.868454
8.563600326,8.555107897355272,6.401810770361656,6.125253086377339,8.053159
6.001690617,12.011479715524798,7.096717231421883,7.34448310088169,7.153463
3.750190558,-2.3942996463219437,5.760699242890334,5.266703907722217,3.7037978
5.898617512,14.125649094757582,7.096717231421883,7.028145956691823,6.662703
4.0625,6.651891376490225,4.567547591036728,5.011706341998633,7.0348167
3.432213778,0.15827385730449173,5.760699242890334,5.286253026322307,4.076376
6.748614124,0.11117576312745747,5.760699242890334,5.349972020059746,5.101146
4.027617952,6.3782869747305035,4.567547591036728,4.945638517551535,6.097838
8.734986742,7.4860703582563115,7.603625734344522,8.196249473916643,8.260163
6.132792701,15.991443040946717,7.096717231421883,7.324357988287747,8.518846
10.79182631,17.099226424472526,8.944227529223435,9.763681556810909,10.721792
2.244189153,-2.548002928039592,2.505685812202228,2.7002743008770453,2.8200457
6.933744222,14.444189987018678,5.117532387876602,6.34566166376182,5.6771293
5.433169729,4.779524937451191,3.3846475535589264,4.350114747199091,5.1124787
6.460674157,6.918923285400044,2.4916337878333334,4.076009138900739,5.5209436
5.372616984,6.450821365134509,2.4916337878333334,3.9253675831724464,5.262892
3.041192242,-3.6265759828760835,2.505685812202228,2.7228846955158708,3.0892947
2.946865094,-4.094677903141621,2.505685812202228,2.7685344813589654,3.0599225
3.858579701,3.280216691987232,4.817905918,3.7410574850928793,4.5139365
4.471544715,12.29162586597485,5.117532387876602,6.342032415033791,6.641866
2.707423581,2.800662170075686,3.3846475535589264,3.4428600715898003,3.2691715
12.98315164,13.656783540096825,6.4470802114071155,6.674676497818602,6.431577
1.625175027,-7.450654655459557,1.6206475175000001,2.421915825738676,2.5256376
4.643841007,12.31647581709463,7.418782297261334,7.453584431685207,4.6717
6.48540146,-0.6172681814975416,7.33439020450875,6.824049908708614,4.567892
8.175155046,15.731101016587255,6.4470802114071155,6.841756133031866,7.9173937
9.472817133,16.370782479847527,7.418782297261334,7.758049498641385,8.08891
2.615694165,0.41434678292550764,2.2741181600909095,2.149461643382518,2.7051246
7.705577918,14.335052746763308,6.4470802114071155,6.875798654761058,7.8032856
3.531009507,-4.114434495249638,3.619470135688087,4.979939690120906,4.0943127
4.444444444,3.7285620201447527,5.30698016353934,5.100696716792632,5.553194
2.968337731,3.260460099879216,4.567547591036728,4.499826496023764,5.674406
8.222490931,13.981399549621237,8.439277500969549,7.87918265228875,7.426661
2.254359847,-1.5069342270352468,2.2741181600909095,2.128155221595234,2.3195045
6.278855032,11.947629880214192,7.1296238635,7.065049092485963,6.0815396
1.877607789,-2.2613409699217506,2.2741181600909095,2.190294828331636,2.0604506
4.918394354,4.473872161946831,5.30698016353934,4.987124671446626,4.1774125
6.60272962,12.350078100913139,5.793673692351855,6.578818858852284,5.8349233
7.110481586,13.457861484438947,7.1296238635,7.15471357808786,6.1759615
7.172634955,14.489476448861993,5.793673692351855,6.541233152568756,5.706325
9.137577002,13.020269713471135,6.5250092260026324,6.926059116617855,6.0727134
3.361945637,-7.014608841832468,5.760699242890334,5.076870006357555,3.641544
3.202410176,0.9999672165566551,3.6606540543068604,4.960039300580027,4.123587
5.611409867,-1.5379858846778625,5.760699242890334,5.8418870413537745,5.4849687
10.70110701,14.282031205591734,10.205819079247723,8.57969012454422,8.225914
4.524190964,-5.623285029467642,5.760699242890334,5.702277197222607,3.6324887
4.41230543,2.3912910289214806,7.603625734344522,6.083874070299328,3.8015368
2.999143102,14.14384544308655,5.250957286371005,6.162372044560133,6.0076637
7.167325428,3.370026059216987,6.401810770361656,5.854058615893214,5.262349
8.06982039,14.015085395896092,10.205819079247723,8.399643048441256,7.6948504
11.10234149,15.1228687794219,10.205819079247723,8.921918751726771,8.360644
5.825242718,7.649111061154539,7.603625734344522,6.6439164874684415,6.7372384
6.209095486,5.277667874906911,6.401810770361656,6.035777287104225,6.121825
2.356020942,0.042171627726911964,2.2741181600909095,2.3335735623380596,2.9349103
4.12371134,7.417066222855764,6.401810770361656,6.008692555318799,5.9176297
5.596544633,-5.702029398543507,5.760699242890334,4.904017628727982,3.232236
4.21430093,11.286021262801558,3.603790222813906,3.8787337222307747,3.8718667
2.089959109,3.3441616242686636,2.315625333371916,2.2047840491735933,2.1315663
3.686826843,12.957317690484874,2.28212470675,3.1733753451372273,4.193621
4.525288376,2.535228419377177,3.292321698625,2.500779289341655,4.106335
2.083200041,0.7418107192780976,3.292321698625,2.45550231248414,2.4152474
0.80791473,-4.493685527901901,1.169319815888889,1.2081266753520001,0.989935
1.884057971,12.480998461848246,3.603790222813906,3.2693259760191813,3.2974806
4.927099045,14.238233896771751,3.1808747780026123,3.2441212580862655,4.953994
1.145912911,9.297156869458949,3.074424253589672,2.617623918830992,3.315517
1.73347779,10.404940252984757,3.5069000810000004,2.927192106047259,2.9736602
0.836408364,1.823399151191591,1.2987389055918868,1.5343813127126926,1.3640218
2.297371807,11.904657137673341,2.5386026785105424,2.5162727636567355,3.468367
10.37195994,17.369180784031045,7.096717231421883,11.123536177294584,11.573209
13.89891697,19.97668105224544,10.10120273388889,11.912126804998229,10.8320675
9.375,19.5085791319799,10.10120273388889,11.818369256840356,10.8273
16.96969697,20.61636251550571,10.10120273388889,12.782581451556773,12.107309
8.03461063,5.7356559542009045,6.401810770361656,6.862164023016835,7.2135243
6.654835847,-2.262389678195875,5.760699242890334,5.432133337277744,5.815736
5.282331512,-6.273254164296176,5.760699242890334,5.432133337277744,4.1888065
6.087936866,1.101640430832676,6.401810770361656,6.126518624365113,5.8077292
6.43525741,-1.5065885344672303,5.760699242890334,5.696403416641015,5.4572415
8.82852292,5.868306060661624,6.401810770361656,5.993206078983943,6.6466265
14.59097099,0.25332293121485705,10.901648869533469,10.154359937379818,8.097234
18.63057325,17.241373592559924,7.096717231421883,8.54090530918092,9.860282
3.731665229,5.981941377700833,4.567547591036728,4.723727171938258,6.262781
3.4375,1.0990470247735296,2.2741181600909095,2.379973138036368,3.2814617
3.550295858,7.366158236376576,4.567547591036728,4.865341801243005,6.4255533
4.80349345,8.473941619902382,7.603625734344522,6.613619601953391,7.162896
9.823182711,17.447416222858326,10.10120273388889,8.888143991650702,9.129944
11.34453782,16.97931430259279,10.10120273388889,8.833298488448225,9.331286
9.574468085,14.687347550077025,7.096717231421883,8.500438375784835,8.869497
18.90547264,15.80183874908525,7.384788143920023,17.98748497031319,31.783672
17.57484655,3.0734384385679867,17.09720996,14.610370373931929,12.846453
19.5303551,11.088014496957111,14.018558958333335,12.260315422630745,11.750405
14.25619835,12.587731381645694,14.018558958333335,12.176884333834938,11.382989
0.582411182,-3.139355601215721,0.3430205166331706,0.3384220345972189,1.16452
11.30803523,13.848695060129348,11.29620154666094,11.160316588862589,9.734657
3.93918452,2.3924502588821572,3.6399012344,3.7357661468991608,3.2136538
14.50980392,13.68863444936964,10.348601412297956,9.535609953499831,10.510894
8.461934156,11.263585094352678,8.461543052651049,8.937848462460906,8.158858
10.29468044,12.5808782412308,10.348601412297956,9.709529343878192,8.688362
3.097345133,4.058104196135233,3.241485700829528,3.0488497572051654,5.5367575
11.47959184,13.671260262351446,7.259558268846153,8.821479926223352,9.038179
0.828937453,-4.7956256580909855,0.41621954154054047,0.3908447327120132,0.9017082
3.096410978,4.965315711965064,3.241485700829528,3.084258249944985,5.063103
7.28,14.57847177818128,8.461543052651049,8.57400560806575,8.556191
0.48925497,-4.030804991917238,0.41621954154054047,0.38933733777238244,1.0975206
0.368262471,-5.008685186079061,0.41621954154054047,0.4081812987038472,0.9017082
3.930131004,15.486410986011284,15.63857347,7.384450969703425,7.041734
0.427176566,-2.0146513658105594,0.518674875235294,0.48236606610581917,0.32118627
0.338738469,-3.0020301290471085,0.3430205166331706,0.3341680170885799,0.5050309
0.469273743,-0.8626317810982549,0.518674875235294,0.5111108248006262,0.44200876
0.489312387,-0.22295031783798436,0.518674875235294,0.5399818457224715,0.44672123
2.739885741,6.512262814030598,2.6761647339746357,2.6434159040455762,5.1738305
9.636517329,9.968634632200125,8.461543052651049,7.811376197481868,7.7472157
0.320138218,-4.437144729646617,0.3430205166331706,0.3281633415009139,-0.068046086
0.171610689,-1.8845712260201815,0.3430205166331706,0.33343010922116917,0.228208
0.115771663,-4.590848011364267,0.17824692118455102,0.22144993906271537,-0.7300208
1.244150211,2.7366798541265176,1.3106683814444446,1.2931247429450565,1.9395449
0.204046102,-5.669421066200757,0.17824692118455102,0.22691246509779403,-0.46077177
4.471544715,10.248780782650176,4.013218253138888,4.0991746377418545,5.8129616
1.077147016,0.7578170867510119,1.3106683814444446,1.2931247429450565,0.6449843
2.576808722,11.61393845677215,4.013218253138888,3.4793955705059427,3.8753622
0.12612223,-9.493499738784232,0.17824692118455102,0.22691246509779403,-1.1332903
5.299755685,13.688255933262582,4.013218253138888,4.393704264117485,6.9569793
5.117883841,12.292207663438635,4.255410327376042,4.804908482939623,6.7417665
1.92371476,1.6857169368200786,2.176318976556949,2.1948957356110714,2.0705779
3.23176362,9.904784796889519,5.58036249375,5.080120667970979,5.6458087
1.433612704,2.4310270786221575,1.543061289341855,2.0714593937881807,2.6426926
4.979712283,10.307233017588466,5.58036249375,5.156913348269812,6.6776958
4.33427762,11.415016401114272,5.58036249375,5.217791801883865,6.1290264
5.366114377,12.446631365537318,3.952027879120184,4.108632821031615,5.6080976
3.388090349,10.977424630146462,3.952027879120184,4.111474452861344,4.1421866
0.347056642,-9.057453925157143,0.3430205166331706,0.3034573174182208,-0.076534286
0.374093991,-3.5808309680025356,0.3430205166331706,0.3206973586715545,0.7856355
9.594095941,12.23918612226706,6.201308840561095,6.2503469233608815,6.8388014
0.320410125,-7.666130112792315,0.3430205166331706,0.30796643028581533,-0.17569919
2.503293808,1.327180975892313,2.6761647339746357,2.5476877238798634,2.1936812
2.529786877,3.2348227915822374,2.6761647339746357,2.5490868605626242,2.842189
0.332416914,-7.744874481868182,0.26500237870967736,0.2800122552320728,0.14209814
6.958744586,9.243176179476883,7.366938675174208,7.014118322212976,6.214582
1.926397092,1.30131654094399,1.5306832353904785,1.8767774146541536,2.8800852
6.048053024,10.9144726071602,5.524666480125,5.735472789354697,5.8213487
2.085181899,0.4923833360525034,2.6761647339746357,2.645990763368784,2.64202
2.209881125,-1.3010343640465765,2.6761647339746357,2.645990763368784,1.7944666
0.229617871,-6.536530611226576,0.27532466,0.2682861520067495,-0.16241108
7.971014493,10.438153378523573,5.524666480125,5.662744506201286,5.5470295
4.876822524,12.195388813447078,5.524666480125,5.923391925843024,6.881393
5.20124977,9.861812054348668,5.524666480125,5.735111863271068,5.0934014
3.068592058,17.933835968920768,10.10120273388889,8.30324289808435,8.808572
2.781211372,3.6928108708762313,2.6761647339746357,2.7715063802141398,3.7524743
1.40944327,1.6457183772017006,2.6761647339746357,2.767291473656468,2.3713462
10.25641026,11.258874443417916,8.461543052651049,8.970461763192375,7.361097
0.79606159,-1.7895221521098161,0.3430205166331706,0.34401236642886324,0.9767296
12.57961783,15.198528509235251,8.461543052651049,8.964456214934875,8.257588
5.500982318,15.404571139533653,10.10120273388889,7.511718276895848,7.3440137
7.446808511,12.64450246675235,8.461543052651049,8.390289505082857,7.9495707
0.851810096,1.0305933552433135,1.264418811,1.1452549141684008,5.356602
2.892561983,10.544886298321021,5.33625731,4.140836868303428,8.654438
8.252691095,8.749315010579014,3.7681154312759353,3.4608986578017316,4.5796895
2.932098765,6.164205044802344,3.6050005019999998,4.010127466410334,3.4282317
5.786026201,10.38703093646095,3.1781342486666673,6.256413007062315,7.0404615
0.019677753,-8.101410178597442,0.018938037469178572,0.04716508962449492,0.020561654
0.268156425,-5.9620118306485885,0.518674875235294,0.4346373110939855,0.87855273
0.206026268,-5.322330367388318,0.518674875235294,0.44766858378763524,0.5184437
0.851113443,1.4128827644802655,1.3151237939305411,1.2296172104026664,4.024541
3.369672944,6.514558407221818,3.1781342486666673,5.575090073014638,3.7749414
1.841759068,8.588875883712248,1.7602193574839986,2.903077933748741,3.085806
1.051272593,5.207852968038132,1.7602193574839986,2.3717532472698832,5.4315305
1.444759207,6.31563635156394,1.7602193574839986,2.2313612833668315,4.8356557
4.05130946,7.347251315986986,5.6161838185,4.152402404651578,6.890726
0.012530128,-12.844254531418516,0.018938037469178572,0.02850480106434756,-0.34973952
1.675779308,4.143796129926551,1.7602193574839986,1.9640002450733243,2.0298758
0.060141525,-6.400414413596909,0.5777818220651505,0.247371629339462,0.10535693
0.051026193,-11.63591066077691,0.0511044025,0.12526323475748888,-0.29065454
20.2166065,12.834455919370432,3.1781342486666673,6.352694402950439,7.724132
33.33333333,11.798437310099118,3.1781342486666673,6.325267455300381,7.5028872
5.732484076,10.099148459684917,4.018443066938781,3.408999508683317,3.4708235
0.650359154,5.589640792238157,0.7159801804074052,0.7432595784778596,1.6365168
14.25464825,22.577691453583228,14.305776039787089,13.658527932487232,15.658526
3.593642018,11.121446652336035,4.393372511722773,5.360127995926445,8.095481
15.8490566,21.213935787159425,24.53577163315789,18.05380633538363,20.491776
0.730147402,5.226426063675457,0.7159801804074052,0.7558162024240428,1.657947
24.74536812,23.246091689443567,24.53577163315789,24.30291587121025,26.082027
18.95576132,19.992581487806554,17.888492579929014,19.47669569389303,17.896246
15.72374851,21.559795346342888,13.4617845875,17.83919004987817,22.063938
18.56104095,21.309874634684675,17.4398325776072,15.463689630778985,18.507023
21.2755102,22.40025665580532,24.53577163315789,22.31594172241392,22.655506
0.678221552,3.9333707353628906,0.7159801804074052,0.7160258374990256,1.5307719
7.342247244,13.694312105418941,7.76658228443342,7.2508517995344945,10.965228
20.88,23.307468171635158,17.888492579929014,18.73430735561194,19.234365
0.829875519,4.698191401536639,0.7159801804074052,0.7380753091664753,1.7506964
0.820220957,3.720311207374815,0.7159801804074052,0.7380753091664753,1.5967741
24.84939759,22.847760216668732,24.53577163315789,23.95849206243322,24.566153
10.3539823,14.959927683882812,14.500754885697177,11.896394988453242,10.571781
10.84507042,14.491825763617275,14.500754885697177,12.540802111055742,10.626122
1.715686275,9.256329516437276,1.7211781024444444,1.4891691389630892,1.7187195
17.23237598,17.099326031831666,15.969211046249999,16.432651352536706,15.613022
13.40782123,16.631224111566127,15.969211046249999,16.67552607554,15.603021
20.58823529,17.739007495091933,15.969211046249999,16.443940802196504,16.272072
12.14057508,13.870563745470152,11.742678408263135,11.697701066405287,11.063381
1.556629093,8.635067498290152,1.645593159125,1.1636927696430721,3.0442727
19.81981982,16.009962093419006,10.85905826831579,14.847579632362276,17.563274
19.6656051,15.241932776509218,18.3245274,16.45487529179345,17.458418
32.20524017,24.215407379465162,31.98048568,29.573374513335406,30.568
0.783212021,4.106844759428928,0.7159801804074052,0.8513881680140868,0.9064434
5.566521911,12.589522738083588,7.50937537425799,7.6070698453568175,8.057164
1.851098454,6.714345027643317,1.7211781024444444,1.4786157279993333,1.5084757
12.15017065,13.621137702506633,15.969211046249999,16.24303691581897,14.276829
0.629404892,0.5674235813333102,0.7159801804074052,0.8627687665187393,1.3088336
7.377557347,7.942318176462163,11.742678408263135,11.054332318273962,7.825169
1.15161709,5.7269662644067685,0.7159801804074052,1.0036459068324362,1.9000924
2.078212291,7.866364612355621,2.200261048,1.659916123208454,2.2748303
1.965833977,8.506046075615892,2.200261048,1.6883412879723907,2.3571782
18.63705258,15.241259207484475,15.969211046249999,16.87292741803295,16.42664
17.41335587,18.697631025654,17.6100628930817,21.596913240229743,21.528288
0.762233853,4.291851663807259,0.7159801804074052,0.8581906151243256,0.84358805
25.80645161,20.811800404886785,30.7835269549501,26.664599887019225,24.552801
17.1875,13.338042686619428,15.969211046249999,16.67552607554,14.93806
0.57203563,6.844425167433696,0.7159801804074052,0.898140174375027,1.0587019
0.596421471,7.484106630693966,0.7159801804074052,0.9048002991738516,1.468852
0.994200497,8.515721595117014,1.7211781024444444,1.5813875667160098,1.9366419
19.66731898,15.890616190245867,15.969211046249999,16.628227502079877,16.34084
33.45864662,26.611555639987884,30.78430841857143,32.178369550165684,30.735909
0.97011328,6.797327073256661,0.7159801804074052,0.8516132296074354,1.7730354
13.19044879,13.064438284859708,8.35890652092944,9.72802896187417,10.59984
9.795663703,14.172221668385514,8.35890652092944,8.685505140010427,13.321779
25.69690826,22.677594351075918,30.7835269549501,28.806291703054644,26.34555
23.69093231,23.78537773460173,26.830199985999997,26.550689803830082,28.83342
2.342149791,4.138148382089611,1.828149319111111,1.6688843802220907,1.7292237
38.36671803,21.13034129714788,39.476630996666664,36.006650523874264,34.90908
19.19872161,11.465676247580394,15.33743985351191,16.92787968230913,17.3846
25.70224719,13.60507459552925,26.738810395555557,23.417102390971312,24.324661
22.53032929,13.136972675263713,26.738810395555557,23.436042740177463,24.314661
22.57058181,13.443579300984673,20.903903869364626,20.997690956431665,19.67866
34.16422287,16.690761032459335,26.738810395555557,24.908057398694794,25.007692
44.80519481,25.19613371514974,44.64775972593577,43.28447202724253,44.392693
2.123332985,3.0595753272531194,1.828149319111111,1.5948929562424905,1.9984721
2.594960511,2.591473406987582,1.828149319111111,1.603904321652802,1.9884715
18.95763487,9.966368002116436,18.771271779279747,17.091288909435654,14.385326
34.95934959,18.977777176104055,36.71374273248097,32.07911830663312,31.209398
14.70160116,9.486813480204889,15.33743985351191,15.38271689485801,13.2649555
1.515151515,2.886782268615425,1.3908267504285714,1.1192788975945767,1.6343411
14.98216409,10.261676863744277,18.17805383,18.495998331590652,17.659084
19.88564168,11.369460247270084,18.17805383,18.563388479701068,18.077541
26.26362735,20.34293485022603,25.30094127259755,26.29083964652557,26.545242
1.195329874,-0.764503345330354,1.166763743,1.2184702645267784,1.5716909
21.92050374,19.002627127223832,24.400590058,25.331727979578154,23.803911
1.627737226,6.068883128631662,1.9295493913139856,1.9328206347015915,2.2120836
33.47115204,22.417252326716458,36.71374273248097,35.218080005433585,31.688663
28.50082372,23.056933789976732,33.71827603768562,34.53466209939734,32.643524
2.012072435,7.100498093054711,1.9295493913139856,1.6350641652555127,2.1266472
36.68775158,21.02120405689251,36.71374273248097,36.99503981626053,32.57865
1.018560435,2.571716814879565,1.2473526259192915,1.9260045515654902,2.0057404
11.27694859,10.414713330273955,7.76658228443342,9.353480935532462,11.216996
13.19261214,9.946611410008419,7.76658228443342,9.819437749146328,11.129629
26.1185006,20.667550859750442,25.49917531547641,27.165248452681194,24.424885
3.23266695,5.179217083093957,2.5470425573333335,2.291291664691222,2.2793696
12.33333333,7.625531243377608,7.76658228443342,9.226333495793886,9.014062
24.57627119,18.844223602035953,24.53577163315789,24.109018811767687,22.827557
21.42197599,18.633781190343395,22.074437912944134,20.34798963837245,18.868061
1.321279555,4.424810340207452,1.0992084135,0.9589760784139184,1.0033128
11.71151301,11.160023472076034,10.85905826831579,11.230056485178634,11.289725
21.56030985,19.036229411042342,21.90904223949712,20.924978091162867,20.254545
14.47592068,20.144012794568148,18.0539217299786,19.634544488821042,19.999271
24.22234099,21.175627758991197,24.53577163315789,24.64754240462696,25.216778
24.43531828,19.70642102360034,24.53577163315789,24.109018811767687,23.402304
0.649075399,-0.32845753170326475,0.7159801804074052,0.7652376049774159,0.49188754
3.671055568,7.686118526685858,5.671169427617948,6.630333295467393,6.522954
1.309328969,5.1481654254513405,1.8225857305555553,1.7471153877724594,2.0054114
32.47232472,20.968182515720937,26.782789082139924,26.987271494495022,25.054243
0.779664637,1.0628662806615612,0.7159801804074052,0.780740219800039,0.67682046
10.88274045,10.05617736934619,7.76658228443342,7.31651208409175,8.889341
36.4027321,20.701236706025295,26.782789082139924,27.21282801495072,26.91166
28.12417785,21.809020089551105,26.782789082139924,27.06538680424205,25.196321
15.53398058,14.335262371283742,17.574112465,16.047500895416107,15.895898
13.26145326,11.963819185036115,14.013746298454942,13.243517679972845,12.0051155
1.221640489,6.728322937856116,1.8225857305555553,1.6692817448048263,2.0402966
15.63573883,14.103217532984969,17.574112465,14.409986927423835,16.006021
0.643458905,0.9841219115856958,0.6762897567999999,0.6198946897668548,0.9443618
15.93765533,17.97217257293076,17.888492579929014,16.12812458201681,15.439441
9.42298955,10.030312934397866,6.445754944749999,6.969730713103531,8.298691
19.73487987,19.643469000614076,17.887446045555556,19.208428606893982,19.344362
6.610470275,9.221379729506381,7.76658228443342,6.150253512545743,7.8300343
5.361552931,7.4279620294073005,7.76658228443342,6.150253512545743,6.3481164
0.602392562,2.192465782227302,0.506560512375,0.5850455465785622,0.624717
15.94202899,19.16714977197745,17.887446045555556,19.07244647415412,17.481606
23.27802916,20.924385206900954,17.887446045555556,19.37616593763654,19.817122
18.33460657,15.983308179588152,17.888492579929014,16.96317177986577,15.909726
12.45937161,17.091091563113963,17.4289580514208,15.18505321669316,14.743225
10.82410824,8.509550461320796,6.445754944749999,7.030455320097099,7.2818556
20.10659805,18.590808447802544,17.887446045555556,19.344046004822232,17.856401
33.11874106,24.05533209416025,39.138625235,35.92953739045268,29.0759
36.64259928,26.662832362374644,24.53577163315789,26.733963698653383,26.682436
29.91071429,26.194730442109105,24.53577163315789,27.040301763357192,26.580013
41.21212121,27.30251382563491,22.711687138000002,26.52999801427135,27.74405
11.94968553,25.626813753103328,24.53577163315789,24.8175654794708,23.93763
14.40049444,12.42180726433011,7.76658228443342,6.95308995220679,11.726773
1.242236025,4.423761631933328,1.052303551842655,1.0200354211773464,4.110641
9.337561663,10.374714770655578,7.76658228443342,7.195405763451918,8.429076
29.05982906,19.987870836871792,17.888492579929014,14.724389189001702,16.838373
1.543476177,0.4128971458330266,1.052303551842655,1.115514359261292,1.5936092
14.09244645,7.78779174096188,7.76658228443342,7.7846184218383545,9.537619
11.83673469,2.240039487431238,7.76658228443342,8.609285317082445,9.072206
5.154639175,4.848277495737444,1.645593159125,1.386961524074824,2.826821
3.159126365,5.1795627756619735,3.02768259675,2.734472298364533,2.3086367
20.20373514,12.554457370790827,18.825910931174,20.510288089359705,17.014732
1.717817115,6.939474241344061,1.1736453761624601,1.1554844213072066,1.3803359
23.40764331,23.92752490268913,17.888492579929014,15.98776089384542,17.943357
44.00785855,24.133567532987527,42.01596806,36.83033520812055,33.855896
24.63054187,14.82263336316624,24.5398773006135,21.359990850631306,20.542046
23.04964539,21.373498860206226,17.888492579929014,17.011345353949363,20.242401
1.553300764,9.759589748697191,1.1736453761624601,1.5080988987962514,1.7575715
8.820160367,17.774165807086312,5.671169427617948,8.632113259233874,14.452284
12.08677686,19.273882691774897,10.85905826831579,12.208119760880543,14.8306875
0.475635799,-0.061791815707527675,0.3430205166331706,0.3154907860882346,1.3053122
19.34326411,16.92625884563754,16.846122773649288,16.262047900436816,15.975838
19.81132075,15.56250317921374,16.846122773649288,17.082173858607867,15.9953785
0.3101754,-0.42500654427022777,0.5410405555,0.3887680660039553,1.0356894
24.1924532,17.594659081497884,21.1375045076692,21.475801010244982,18.37592
10.98251029,14.341148879860869,16.846122773649288,16.063246048753236,14.20896
17.29812476,15.65844202673899,18.595269731151568,17.93220432433298,15.723127
23.26530612,16.748824047859635,23.88712637,20.18596528445818,17.475288
0.678221552,-1.718061872582794,0.41621954154054047,0.37387198952230155,1.0398293
4.879193057,8.042879497473256,3.860798693081743,3.875536307974731,6.3098593
15.36,17.65603556368947,16.846122773649288,16.96384402447788,15.590957
0.359199851,-0.9532412064090456,0.41621954154054047,0.37273861385912754,1.2356415
0.318044861,-1.93112140057087,0.41621954154054047,0.3819061478267074,1.0398293
25.75301205,17.19632760872305,16.846122773649288,18.034064515639248,16.879416
6.005221932,11.44789342388598,6.958133853776594,6.1330252524592535,8.434008
4.685835996,8.219131137524467,3.860798693081743,3.681994954258709,5.1877613
20.19650655,18.563974771519476,16.846122773649288,17.040828217756342,17.593622
0.412888946,-1.5445878485167563,0.3430205166331706,0.3280083017996301,0.42809525
2.171338334,6.938090130137902,2.453295681238436,3.1134387014348466,3.4450295
0.610252238,1.062912419697632,0.6793374422666666,0.5960825993900193,1.0582224
9.010238908,7.9697050945609496,8.5847627,6.8243286627880755,7.558799
0.38840137,0.07553365646108379,0.3430205166331706,0.334155785182137,1.0355424
0.902793296,2.2149320044099374,0.6793374422666666,0.6504321639857495,1.4111803
0.806936218,2.854613467670208,0.6793374422666666,0.6742729876099136,1.3016639
7.036259764,9.58982659953879,6.958133853776594,6.325526228837931,8.330439
14.96196112,13.046198417708316,16.846122773649288,16.323850871167988,14.704012
0.289648864,-1.3595809441384255,0.3430205166331706,0.3244824000332166,0.30347142
17.51152074,15.1603677969411,21.229136804391114,22.041158088188343,15.581568
10.9375,7.686610078673744,8.5847627,7.154715264219641,7.819706
0.261502002,1.1929925594880109,0.3430205166331706,0.33019123226478103,0.5997253
0.2849764,-1.513284225856074,0.2751222211941842,0.2607629030337677,0.08208116
8.474576271,15.478908689202196,16.846122773649288,15.839210815341026,14.802415
4.776851958,5.81424363963471,3.860798693081743,3.6009820287522896,4.1026797
5.056179775,7.9536419875835636,3.860798693081743,3.9353243255867274,6.3650827
0.317559804,-2.5918572806925653,0.2751222211941842,0.26541241282902833,0.56081796
15.85365854,13.326344568158369,16.846122773649288,16.322925078721354,14.522814
3.144104803,3.8353808722592047,3.860798693081743,3.6009820287522896,2.4296708
8.919722498,14.691502242280343,16.846122773649288,14.785802487453047,13.60742
0.164216292,-6.415935953276039,0.2751222211941842,0.26541241282902833,0.26162195
18.02292802,16.76581971877077,16.846122773649288,16.4593171114674,14.894492
24.09430707,15.369771448946826,16.846122773649288,16.620284972782414,15.384414
0.226346763,-3.0797157930661196,0.3430205166331706,0.33288686677034407,0.65889686
3.084577114,4.763280722328272,3.763557393695515,3.52323848622171,3.5970936
4.221635884,4.295178802062734,3.441076461537553,3.9982929470309068,4.3145766
11.00362757,15.016118251804755,11.410299768483751,9.955507509273987,13.245007
0.978307103,-0.4722155248517277,0.89765598575,0.8273114461421542,0.6264975
8.033240997,12.98234858239771,8.844595519333334,8.848933896070438,11.321774
2.139391266,5.50859086413035,2.446624507407393,2.833322586367428,4.3173075
10.9738104,13.384796803096657,9.744148067501355,13.722319580918054,12.841062
5.552407932,14.492580186622465,8.844595519333334,8.471534500767635,11.805566
10.99946553,15.524195151045511,9.744148067501355,13.690614365222016,12.454918
7.802874743,14.054988415654654,8.06835478518236,9.089108423689297,10.239536
0.203995125,-5.979890139648949,0.3430205166331706,0.3040419899025043,-0.1436969
0.397474866,-0.5032671824943442,0.3430205166331706,0.33574576184197175,0.902978
15.12915129,15.316749907775252,12.635361813510867,11.997222683171286,13.038878
0.234967425,-4.5885663272841235,0.3430205166331706,0.30874597725255387,0.102593
3.794466403,4.404744761400506,2.446624507407393,2.7196344266847556,3.3435643
3.444369861,6.31238657709043,2.446624507407393,2.880044368612667,3.5778036
0.250602552,-4.667310696359989,0.26500237870967736,0.2618109342176225,0.31978104
9.067670241,12.320739964985076,9.662001090926184,9.216282247446847,10.486744
3.107678328,4.378880326452182,3.044149156228411,3.3672152797214583,2.999941
11.88898094,13.992036392668393,11.735963058226032,11.720938451821587,12.602972
2.48447205,3.5699471215606957,2.030366852304665,1.8740022490070911,1.8682779
1.704436397,1.7765294214616159,2.030366852304665,1.8858537340321098,1.6802005
0.218278716,-3.4589668257183828,0.166421169375,0.2471020702799782,0.05115753
14.05797101,13.515717164031765,6.711409396,9.459208441625291,10.927948
10.55806938,15.27295259895527,11.05911772,10.205147489712262,13.263468
10.08403361,10.331875571642467,11.735963058226032,11.19602836580998,10.459533
3.683640303,11.439658955168277,7.008558186576279,6.980478925807772,8.956363
2.632226322,2.85811785337511,3.044149156228411,3.451397966937967,1.9858696
8.288917478,12.93937583985686,7.008558186576279,8.159580302212117,10.593339
19.67095851,18.403899486214563,21.1375045076692,20.447617173133416,18.547525
14.2599278,21.011399754428957,16.846122773649288,16.786888940974393,17.226942
16.51785714,20.54329783416342,21.1375045076692,21.090854206921946,18.412392
12.72727273,21.651081217689228,17.7988415,15.019418889315986,17.980837
11.94968553,19.97538114515764,14.04688036908234,15.152011244408229,17.487696
5.500618047,6.770374656384424,3.860798693081743,3.507292986831638,4.6361365
1.404056162,-0.47186983228371115,1.2288135593220302,0.971976594116515,1.2348675
6.62139219,6.903024762845142,6.92307692307692,5.588346418757051,4.6715665
0.743689117,1.2880416333983762,0.3430205166331706,0.4160395990793983,1.2091924
21.65605096,18.276092294743442,16.846122773649288,16.203618995012828,15.247476
19.44990177,18.482134925041844,16.846122773649288,16.820925411845423,16.502466
20.21276596,15.722066252260543,16.846122773649288,16.056123173604693,15.052513
1.064762621,4.108157140751506,2.3446238686,2.092633332336509,2.283962
3.035509737,12.12273319914063,2.453295681238436,3.2492739687662406,7.563909
4.44214876,13.622450083829213,5.2907567338829455,5.2985979694913965,8.050967
0.174723355,-5.553878561515415,0.17054326830623803,0.2016488571647476,0.5371991
3.642492117,11.434172099829652,3.0061150924608886,3.221462945926265,4.6427016
0.161949988,-5.917093290078116,0.17054326830623803,0.21196791007919905,0.16864327
5.723154525,12.102572335689997,4.764660249555556,5.241368056009731,6.497067
2.777777778,8.849062134052982,3.2679021784285713,3.480838844546288,3.1735756
3.386911596,10.166355280931104,3.2679021784285713,3.4739675435967534,4.227481
7.066326531,11.25673730205175,4.764660249555556,4.7385027525211845,6.321199
0.914848698,2.5507927516653695,0.9471866470125107,0.8530878874597295,3.0504723
3.28,12.163948817881584,3.2679021784285713,3.547627275733351,4.375142
0.27868954,-6.4453279522169336,0.17054326830623803,0.20366938912969915,0.25436667
0.251088048,-7.423208146378757,0.17054326830623803,0.20366938912969915,0.058554385
4.819277108,11.704240862915162,4.764660249555556,4.780953567344133,5.842384
3.002610966,5.955806678078093,2.3939344006666667,2.259278822631933,5.336526
5.131004367,13.071888025711589,2.8878271629,4.435093894407049,6.4134965
0.65093572,-4.429174326110255,0.518674875235294,0.507756395457491,-0.13854884
0.245971917,-5.416553089346804,0.31289364906012285,0.27211240718850777,0.11804619
0.643575419,-3.2771547413979505,0.518674875235294,0.5610382752334492,0.3714104
0.515065671,-2.63747327813768,0.518674875235294,0.589466539960931,0.2437475
2.24437449,4.0977398537309035,2.3939344006666667,2.2287905349502766,5.0912876
4.564666103,7.554111671900429,4.668585045082345,3.7945499898374333,4.095161
0.147365212,-6.8516676899463125,0.31289364906012285,0.271029835029121,-0.6778031
0.171610689,-4.299094186319875,0.31289364906012285,0.284059126560618,-0.3815493
2.157164869,9.98682194339431,2.8878271629,3.662949252159558,3.1386757
0.684853327,0.3221568938268229,0.5777818220651505,0.6192633961793128,0.44448337
0.912921348,2.4615552417756765,0.5777818220651505,1.0348777748939513,3.166782
0.170618754,-8.083944026500452,0.17054326830623803,0.18593643351775963,-0.72113395
0.524017467,-1.6567058735486828,0.5777818220651505,0.6192633961793128,-0.9292746
2.477700694,9.199415496472456,2.8878271629,4.109948609532188,2.9253147
0.109134338,-11.908022699083924,0.17054326830623803,0.18593643351775963,-1.1762639
3.589550836,11.273732972962886,3.0061150924608886,3.3248723221872933,3.843896
4.772857964,9.87768470313894,3.0061150924608886,3.6662572985782917,3.7138133
1.227197347,-0.7288060234796161,2.2068407206666665,1.3437929224427752,1.1800406
0.89323692,-5.964302270659614,0.89765598575,0.7414166253161751,0.11689202
2.770083102,7.4902618365898235,3.0061150924608886,3.152564360868942,2.266545
0.926334363,0.016504118322462347,0.5777818220651505,1.2828549139829153,2.3804781
2.600516415,7.89271005728877,3.195618486674061,3.281399266717323,3.0898478
1.388101983,9.000493440814578,3.0061150924608886,2.764411355309197,2.5411787
3.944414751,10.032108405237624,2.8878271629,3.568305429941582,3.537013
4.31211499,8.562901669846767,2.8878271629,3.4994439019640082,2.4897223
0.135113654,-11.471976885456835,0.17054326830623803,0.20241877616621753,-0.48808315
0.117483712,-10.08065307309201,0.17054326830623803,0.20113048504605557,-0.6142366
0.843214756,-1.0873419844073808,0.5777818220651505,0.6495429490236606,0.36370048
0.977513006,0.8202998312825427,0.5777818220651505,0.6507164498269984,1.2812963
0.140042602,-10.159397442167874,0.17054326830623803,0.1921409422582183,-0.10060931
2.030817297,6.828653219177189,1.6576869763333333,1.9542874886331714,2.2202399
0.981372104,-1.1132064193557047,0.5777818220651505,0.6603790123636556,1.2720168
3.14001657,8.499949646860506,2.9382088731628926,2.9191972169916873,2.7397892
0.582221142,-3.715557324346271,0.5777818220651505,0.6157925772131618,-0.3542338
0.154495975,-8.95105357152627,0.166421169375,0.22800409961879467,-0.15947309
3.770739065,9.780865853147382,2.3891642304740377,2.689575328962048,4.341267
2.334129756,7.447289094048973,2.3891642304740377,2.5944057491810586,1.8727987
7.439198856,12.911812740406678,9.668706435,7.819835718820586,9.317414
13.53790614,15.51931300862107,9.668706435,6.13030333978781,8.325747
11.16071429,15.051211088355531,9.668706435,6.6138833880073955,8.596753
15.15151515,16.158994471881343,9.668706435,6.122304205555744,8.935129
1.236093943,1.2782879105765366,0.5777818220651505,0.6888978165643693,1.9750789
0.507020281,-5.963956578091599,1.2288135593220302,0.7075607020742387,0.84210616
2.6032824,1.410938017037255,2.79352226720647,2.0701076625973163,2.250474
0.356132817,-4.204045112409512,0.17054326830623803,0.22062978745523107,0.07661934
6.687898089,12.784005548935555,3.0061150924608886,3.627956329109431,4.5008507
11.78781925,12.990048179233957,7.186458069927848,5.9664770868589265,6.9342365
5.673758865,10.229979506452656,3.0061150924608886,3.780106514932312,4.3058863
0.513591382,-1.3839296050563812,1.264418811,1.0031632945855706,3.370555
1.652892562,8.130363338021326,1.7156748970650422,2.1283767074009123,5.637719
0.291205591,-6.102696982499017,0.13459101718574776,0.1150456160860171,0.8591975
7.328476677,10.88535367884605,6.051602641000001,5.839006514864537,6.968448
3.58490566,9.52159801242225,3.553820871,4.826703866512676,5.8583083
3.060699588,8.30024371306938,5.0009679044999995,3.980304768035392,3.4376905
5.070799847,9.617536859947501,3.6783960097777784,4.058641813000835,4.9486966
4.489795918,10.707918881068148,4.5087118167942135,4.474690472629115,5.6186376
1.079052311,2.001974330681767,0.9471866470125107,0.8743970499412181,3.3358264
3.92,11.615130396897982,3.6783960097777784,3.9374874941722413,4.6528506
0.185793027,-6.994146373200534,0.13459101718574776,0.12715004314091122,0.24577539
4.819277108,11.15542244193156,4.5087118167942135,4.339216642282937,5.347627
5.349344978,12.523069604727986,4.5087118167942135,3.8664258694965663,6.163401
0.203417413,-4.977992747093857,0.30402478099999997,0.289468570489611,-0.12338209
0.141960935,-5.965371510330405,0.13459101718574776,0.13114504441933728,-0.19204912
0.437988827,-3.825973162381553,0.30402478099999997,0.32960759200869993,0.074117266
0.386299253,-3.1862916991212824,0.30402478099999997,0.3301374156070939,0.04152724
1.97621546,3.548921432747301,1.3151237939305411,1.883554826797858,5.04401
3.888419273,7.005293250916827,3.6783960097777784,3.8821693742656374,3.0837634
0.091468062,-7.400486110929915,0.13459101718574776,0.10963978774680157,-0.83020455
0.422326218,-0.22666152715677956,0.5777818220651505,0.5762410504523036,0.6421134
0.064069083,-8.632762447484055,0.03503304980570333,0.048560815199809745,-0.7247434
4.757185332,8.650597075488854,2.5178746320387853,3.30958149822777,2.275283
0.024194877,-12.456841120067528,0.03503304980570333,0.048560815199809745,-1.3709075
2.330389025,10.724914551979284,2.5178746320387853,3.1110982745316806,4.0986886
2.702702703,9.328866282155337,2.5178746320387853,3.2459364145023013,4.256065
0.696517413,-1.2776244444632185,2.2068407206666665,1.3030536107205695,1.2609377
1.477377655,6.941443415606221,1.9881655706798769,2.0383496677852797,1.7825602
2.397639248,7.343891636305168,2.7461001979055233,2.6613904234038195,3.557169
1.558073654,8.451675019830976,1.5101210100184002,1.8716751485093546,3.196713
3.623730625,9.483289984254021,2.7461001979055233,2.603471574753743,3.1158597
0.09007577,-12.020795306440439,0.13459101718574776,0.10378319470698508,-0.7303579
0.096123037,-10.629471494075611,0.13459101718574776,0.09596375592744277,-0.88727295
0.711462451,-1.6361604053909833,0.5777818220651505,0.6143841952256472,0.6279737
0.381775466,0.27148141029894024,0.5777818220651505,0.6143841952256472,1.0585816
0.072969567,-10.708215863151478,0.04617431509357285,0.059385094615214164,-0.48895723
1.484058794,6.279834798193587,1.7979294241638752,1.8487469310305054,2.2557511
0.34293465,-4.264375745329874,0.5777818220651505,0.529612000183618,-0.3640455
0.102052387,-9.499871992509872,0.12258205633333334,0.199440357984004,-0.706641
2.31271996,9.23204743216378,2.112239273,2.176231615554808,3.9993825
1.837897445,6.89847067306537,2.112239273,2.179468602547617,1.6618992
4.512635379,14.970494587637468,4.5087118167942135,4.527657486036455,6.082178
0.390015601,-6.5127749990752,0.13459101718574776,0.19033563444379506,0.09651882
1.358234295,0.8621195960536525,2.79352226720647,1.976994945948598,1.6451422
0.40850529,-4.752863533393112,0.13459101718574776,0.1432368864453438,0.24532561
9.394904459,12.235187127951953,7.666559150387347,7.330564758550146,6.2204022
4.518664047,12.441229758250355,4.5087118167942135,4.280444985406669,5.072244
5.673758865,9.681161085469054,3.6783960097777784,4.040763061517537,4.256711
0.952023049,-1.9327480260399845,1.264418811,1.2579184999330466,5.166614
2.272727273,7.581544917037723,1.7156748970650422,2.2146441424924963,6.638867
15.21035599,7.397071634685245,11.176922421555558,10.421129332892194,10.957202
7.086002718,-0.5190090942208894,4.215970293428385,6.537673144917502,5.961517
8.60063064,16.46904156712418,7.096717231421883,10.236528572881795,9.266278
7.671043538,5.012796765876987,8.814378282068123,9.149127437815347,8.036833
9.019607843,16.308980956364472,7.096717231421883,7.629018742700761,9.904954
13.01886792,15.105285900700379,25.188261349999998,17.39425011460222,10.302769
8.119458703,-0.8822238227835895,7.4213057518,6.481680082323058,5.108333
9.273450383,17.137441802984522,10.233116500333333,10.543425935269171,10.877484
7.407407407,13.883931601347507,7.096717231421883,7.6985913450491985,8.225466
1.406563965,-1.4328226323142417,1.847051199,2.955435469716313,3.057603
2.259887006,-0.3250392487884337,4.604245419333333,3.47180981594067,3.88555
14.51495259,16.66301141255663,13.621488976749998,13.592686858389543,10.801791
9.295254642,15.45114545988384,8.944227529223435,8.581723931680534,7.7500896
8.064516129,5.584475674988068,8.814378282068123,7.56157954621315,8.280855
11.26279863,7.723874022936922,10.99423832425,11.280433145276819,10.742405
10.87563452,17.33703008915313,10.233116500333333,10.434697339468935,11.431501
15.625,11.800627876590953,10.99423832425,11.872102193096893,13.629703
9.117647059,7.593991807034314,8.814378282068123,6.88636618333341,7.0058994
8.515116724,15.201224748225629,7.096717231421883,7.785256394225737,8.650415
5.17207473,4.070950434915673,8.814378282068123,6.967369905269435,7.215661
2.349336057,-0.05676242873851933,4.604245419333333,3.9619753788577805,4.3694654
10.44247788,6.678450703130063,11.936111276333333,11.919968100133996,10.587825
10.68877551,16.291606769346274,13.621488976749998,12.961478210473315,11.998162
8.345642541,15.823504849080738,10.233116500333333,10.35799091211757,10.97358
11.92517537,16.931288232606548,13.621488976749998,13.821492213446755,11.70074
5.80256217,-2.1752791510961558,4.522688311333334,5.071238970121088,4.8669715
14.4499179,7.585662218959895,8.814378282068123,8.887368279053831,10.5977
13.44,17.19881828517611,7.096717231421883,8.631283761121415,10.416886
32.77385159,9.725060566908748,16.442577787857143,15.52913629536116,17.625494
4.313443566,-4.865819829918232,5.587813874857143,5.28456440151709,2.1812122
3.424657534,2.5090747652106193,8.814378282068123,7.905387368203673,4.9770436
6.546107636,-1.4104584849224073,5.587813874857143,5.28456440151709,5.0627832
2.568218299,0.7289398630264463,4.01150518525,3.666147393437628,5.9742055
5.805742978,-1.8142183459872072,7.4213057518,6.13040199853526,4.9357076
4.347826087,0.3251800019616464,4.604245419333333,4.132863567660072,5.0501657
20.70063694,7.060393133830228,16.442577787857143,18.399500682187966,11.341502
6.898831827,5.115228361069469,8.814378282068123,7.645507887634572,8.204161
5.423501841,-2.3883386790842316,5.587813874857143,5.294787302545185,4.8669715
13.70481928,16.739110330209687,13.621488976749998,13.00999566153487,11.72715
16.97127937,10.990676145372618,16.442577787857143,16.303531524025217,12.988661
4.401502952,2.526417611831106,3.6684486376206897,2.599872569158033,5.170497
18.46846847,9.90131220695996,16.442577787857143,11.929735657546017,13.096044
20.85987261,9.133282890050172,20.361552094285717,12.89900466691487,13.390695
14.84716157,18.106757493006114,13.621488976749998,12.327485005797037,11.263614
3.596816073,-2.001805127030119,5.667376925249999,4.611208038819493,3.7931979
8.54717726,6.48087285162454,9.708765131953886,9.136743514048595,7.861753
6.712774614,0.6056951411842704,5.667376925249999,5.101801876497549,4.9615097
14.7440273,7.512487816047588,16.442577787857143,16.851846635336518,12.9388075
3.570575199,-0.3816836220522779,3.6684486376206897,3.995172770324548,3.8859375
4.509497207,1.7577147258965748,3.6684486376206897,4.0323650446898,4.4773755
4.515409048,2.3973961891568454,3.6684486376206897,4.289671735541267,5.0106363
15.22676927,9.132609321025429,16.442577787857143,16.421394537869347,12.565066
7.100591716,12.588981139194955,7.096717231421883,7.163725615520313,6.6719775
2.07835764,-1.8167982226517871,3.6684486376206897,3.412657586976816,2.9466114
4.423963134,14.703150518427739,7.096717231421883,6.648858686599942,5.970771
11.1875,7.229392800160382,16.442577787857143,15.841606013952891,11.840059
1.364713574,0.7357752809746492,3.6684486376206897,4.01528893778212,3.4268107
6.971559412,0.6886771867976149,5.093675333999999,4.940029753086564,5.1529865
9.508055236,6.955788398400661,12.75162763,11.86039387825344,9.792152
16.26891281,8.063571781926468,9.708765131953886,12.63889711219737,13.616432
6.031424227,16.568944464616873,7.096717231421883,7.957781959448027,8.376404
11.62196679,17.676727848142683,8.944227529223435,9.125889123036195,12.348902
1.540832049,15.021691410688835,4.013218253138888,4.096095896299456,5.292929
2.562492866,5.357026361121347,2.2492468564094086,3.0692038933227566,4.517588
6.179775281,7.496424709070202,3.5593702884999994,4.158993692267827,6.9083734
5.199306759,7.028322788804666,3.5593702884999994,4.141579435389171,6.879001
1.536961593,-3.049074559205927,1.4009931660000001,1.2796770511111657,0.9872766
1.078547252,-3.5171764794714644,1.4009931660000001,1.237381722856891,0.9579041
2.444376714,3.8577181156573888,2.2492468564094086,3.2728359167092025,4.499878
2.037845706,3.3781635937458425,2.2492468564094086,2.9896114896112813,3.51618
5.550049554,14.234284963766981,4.013218253138888,4.518221177117152,6.1877546
0.765999506,-6.8731532317894,0.5848995763859467,0.8518223457165108,0.6469324
2.872884691,12.893977240764787,4.013218253138888,4.240234363269761,2.4590178
3.194888179,16.30860244025741,4.013218253138888,4.1689821282652435,6.3024855
4.715353652,14.912554170433465,5.745083400373199,5.05481871064706,6.0919595
3.980099502,4.306063443814909,3.2867210604999997,4.412239184338879,6.3921485
2.849851127,-0.9294328033650894,1.6158833609999999,1.4603181062951522,2.2548935
3.416435826,12.525131303884349,3.513957982166667,3.6587249636950308,4.313906
1.842837274,-1.683839546251594,1.6158833609999999,1.439501578767642,2.197741
5.006616674,5.051373585616988,4.096519074795512,4.262597187541936,5.5934806
2.98782737,12.927579524583296,3.513957982166667,3.7417933558354446,4.0045543
4.645892351,14.035362908109104,3.513957982166667,4.2462724331456645,3.684419
4.831640834,15.06697787253215,5.989240821499999,4.214923631352667,4.876267
3.285420945,13.597771137141292,4.265039641875,4.146534529345682,4.4895234
2.228050654,-6.437107418162311,2.3814947608888892,2.733148759704173,1.813734
2.618657938,-0.9604844610077059,2.3814947608888892,2.642256258655573,2.5075932
4.05904059,14.85953262926189,3.442520962772187,3.441042686282326,4.332405
2.54619246,-5.045783605797485,2.3814947608888892,2.7247979841498595,1.7515811
2.769947297,2.9687924525916376,4.2939529965,3.7706682270557352,4.2148194
2.827763496,14.721346866756706,2.66891875527801,3.8259556262186076,4.2223005
3.003952569,3.9475274828871436,3.2867210604999997,3.544167066448297,5.762686
2.320020138,5.855169298577067,3.2867210604999997,3.500437477307601,5.265035
1.657940663,0.6196730513970694,1.6158833609999999,1.4258391161749722,2.4139833
3.436426117,7.994567646525922,4.096519074795512,4.186047940582905,6.5169063
3.026394345,-5.1245279748733505,2.786504693,2.73037770715818,2.0497859
2.687637577,11.863522686471715,3.603790222813906,3.5396089765462007,3.9446025
2.498864153,3.9216630479388206,1.8120416685285463,2.7405358556128805,3.7574747
2.974316487,13.534819114155031,2.28212470675,3.4928478225774784,4.4092712
4.347826087,3.112729843047334,3.0240615187040545,3.1076172256818073,4.1531324
2.376230022,1.3193121429482542,2.564287309333333,2.9759850251861093,3.6604283
0.786653816,-3.9161841042317445,1.0366312636292867,1.355304939931745,1.4336087
4.202898551,13.058499885518403,3.603790222813906,3.8915637507973804,4.214153
4.374057315,14.815735320441908,3.1808747780026123,3.831460998233494,5.914846
1.375095493,9.874658293129105,3.074424253589672,2.9293698797496734,2.67332
4.333694475,10.982441676654915,4.4074323096,3.4982154939416903,2.7159617
1.451414514,2.4009005748617485,1.8120416685285463,2.802075840673559,3.2146373
4.355816945,12.482158561343498,2.5386026785105424,3.6051874189650666,4.3304234
5.436337625,17.9466822077012,7.096717231421883,7.020318756960397,9.043528
4.151624549,20.554182475915596,13.621488976749998,9.985397747231032,9.46635
4.910714286,20.086080555650057,10.233116500333333,9.13056773569086,9.602867
3.636363636,21.193863939175866,13.621488976749998,10.993363418685899,9.70757
25.1572327,19.51816386664428,13.621488976749998,11.529898779271369,11.834994
7.60197775,6.313157377871062,8.814378282068123,9.055103970405746,9.119671
5.412599823,-1.6848882545257187,3.6684486376206897,4.116045012677456,5.42061
7.730177019,0.8308243548850145,6.336957812213664,5.235402243385793,4.9848685
7.643312102,17.81887501623008,7.096717231421883,6.852522097129178,7.6873207
2.554027505,18.024917646528483,3.293413174,8.348685247580267,8.359271
10.28368794,15.264848973747181,7.096717231421883,6.721229259112294,7.200642
20.89552239,16.379340172755406,3.6684486376206897,15.021584188914948,27.986343
23.09908556,3.6509398622381437,17.326658934,17.139384770021678,16.881645
23.71134021,11.665515920627268,18.776913874999998,18.1111546393246,13.948907
20.24793388,13.165232805315851,16.442577787857143,18.516492156980586,14.618894
0.145602796,-6.447245879522436,0.06675563621428572,0.0636158918499645,0.5868252
4.64281831,10.54080478182263,3.878868448426934,3.825089235250709,5.032816
3.497942387,7.95569481604596,3.878868448426934,3.8737916651398945,3.400138
4.592422503,9.27298796292408,3.878868448426934,3.99428796624556,4.6513414
5.178571429,10.363369984044727,6.272014888687501,6.0082349306045755,7.1328373
3.36,11.270581499874563,4.271683518714286,4.096644501563556,4.705684
0.123862018,-7.338695270223955,0.09576417325,0.09313037842636546,0.21288875
7.423580786,12.178520707704568,8.695652174,5.503862914589986,8.01935
0.07262028,-6.309920407353825,0.06675563621428572,0.09299698988083926,-0.24885982
0.344134078,-4.170522059404972,0.138886518875,0.23338610418817218,0.21306667
0.309039403,-3.530840596144701,0.138886518875,0.2346247307710362,-0.6021387
1.865454121,3.2043725357238815,1.3151237939305411,1.8759756034305257,5.801971
2.282333052,6.660744353893407,3.878868448426934,3.721998813131067,2.754954
0.319598219,-0.5712104241801992,0.5777818220651505,0.569872273396329,0.3734593
0.053623037,-8.977311344507475,0.030078666974498004,0.03842034628484988,-0.879199
4.558969277,8.306048178465435,6.272014888687501,5.174839315240198,3.7283914
0.038608846,-12.801390017090947,0.030078666974498004,0.03842034628484988,-1.4622864
2.311595565,10.380365654955863,3.878868448426934,3.6110704804840204,3.9514709
3.680276021,8.984317385131916,3.878868448426934,3.7132455593683096,3.8597043
3.23176362,6.596894518582801,4.14357428751869,3.5726574656467296,2.4252474
3.375138325,6.999342739281748,3.766278987150977,3.4600483875981816,4.9220366
1.78470255,8.107126122807557,2.1825034666912866,2.746828141480859,3.658379
5.163014431,9.138741087230603,4.220081778333333,4.210628860435566,5.6542597
5.646817248,7.6695343518397445,4.220081778333333,4.025863073547203,3.6902847
0.050336459,-12.365344203463858,0.06675563621428572,0.05847478537438218,-0.5092575
0.055537755,-10.974020391099033,0.06675563621428572,0.05858002324023338,-0.8007339
0.685111989,-1.9807093024144038,0.5777818220651505,0.609910903007079,0.63807887
0.70062091,-0.07306748672447938,0.5777818220651505,0.609910903007079,0.93830526
0.045698112,-11.052764760174897,0.06675563621428572,0.045888374448036916,-0.33889568
2.130227934,5.935285901170167,1.7861571781908718,2.0986139599021127,2.2310617
0.350612292,-4.608924642353292,0.5777818220651505,0.5268299234464803,-0.23002961
0.055278376,-9.844420889533291,0.138886518875,0.11956144250835603,-0.38914242
3.381731299,6.553921776041951,6.272014888687501,3.622498364168888,2.4528596
5.59566787,14.625945690614047,3.815261044,4.904171808118563,6.5542917
15.09433962,13.589927081342733,6.272014888687501,5.417884627997362,5.9207916
0.178066408,-5.097412430416533,0.07889172556064,0.0866119946081572,0.2124391
9.076433121,11.890638230928534,3.878868448426934,3.8068436815281324,4.3044558
6.679764244,12.096680861226936,8.383233533,5.904118580108514,6.6078653
4.964539007,9.336612188445635,3.878868448426934,3.799700167369267,4.1094913
0.313165477,-2.2772969230634033,1.264418811,1.1212630911369015,3.604378
1.033057851,7.2369960200143035,1.1751964410892088,1.9260798653756268,7.5592823
0.601824888,1.160045785636374,0.3430205166331706,0.32835764159521164,1.6191933
22.17027292,18.14809644698144,19.24628166477801,19.07035240997574,18.455975
23.77358491,16.784340780557642,24.04279631235294,21.56708391493563,18.475517
0.384288106,0.7968310570736739,0.5410405555,0.42309893978511665,0.90524554
28.15016005,18.816496682841787,23.694969160181063,24.597394256436257,22.38808
13.65740741,15.56298648120477,19.24628166477801,18.77264397985846,17.48161
6.692887361,7.263530554845332,6.155167462456548,5.846651352878379,4.9263945
9.897610922,9.402928902794185,9.706931377333333,6.734607548927633,6.8373203
31.34517766,19.016084969010397,23.694969160181063,24.69261094517316,25.138054
19.97703789,16.880279628082892,19.24628166477801,20.938864160564084,19.121042
26.04591837,17.97066164920354,28.538055655,24.990146071963057,20.502398
0.678221552,-0.49622427123889246,0.41621954154054047,0.4077551624623515,1.0494446
5.301430917,9.264717098817158,4.265910930527303,4.5071510407458195,6.5848675
17.2,18.87787316503337,19.24628166477801,19.287682347644097,18.765417
0.464482566,0.268596394934856,0.41621954154054047,0.40526105530852163,1.2452568
0.385001674,-0.7092837992269683,0.41621954154054047,0.4135039229355511,1.0494446
29.96987952,18.418165210066952,24.04279631235294,22.550610886470064,19.951189
6.919060052,12.669731025229883,7.904348719,7.230358545337733,8.940727
5.324813632,9.440968738868369,4.265910930527303,4.116620627477864,5.4627695
0.644122383,4.2054724916883695,0.4169016127619047,0.4531779865901571,2.3970873
7.657657658,11.580367086817223,4.949434229076923,4.866906547268428,9.2454815
24.01746725,19.785812372863376,24.04279631235294,21.106622428623144,20.07376
0.425658707,-0.3227502471728547,0.3430205166331706,0.3380741073288428,0.81715494
2.506908804,8.159927731481805,2.756166375790944,3.557145643258811,2.7095478
0.732302685,2.2847500210415337,0.8072373424705884,0.7357647167271376,1.0678376
9.897610922,9.19154269590485,9.706931377333333,7.302694822520513,8.780624
0.451651291,1.2973712578049854,0.3430205166331706,0.34374890546557496,1.1466854
1.117318436,3.4367696057538386,1.202685064,0.8438486256208287,1.5223234
1.03871577,4.076451069014109,1.202685064,0.8579229632117752,1.1845963
8.178850414,10.811664200882692,7.904348719,7.414186907506555,8.911726
16.14539307,14.268036019052218,19.24628166477801,18.870509232668134,17.023628
0.315056659,-0.13774334279452383,0.3430205166331706,0.3340932501019552,0.31308666
20.0921659,16.382205398285002,27.533971166353176,26.005244090349585,18.9928
12.5625,8.908447680017645,9.706931377333333,7.988011108383738,8.886889
0.277845877,2.4148301608319125,0.3430205166331706,0.3361017676388767,0.60934037
0.302787425,-0.2914466245121723,0.2751222211941842,0.2734270235623687,-0.036408983
10.16949153,16.7007462905461,17.13857786125,18.018176019294298,16.962128
4.993722178,7.0360812409786115,4.265910930527303,3.967780443014165,3.7253544
5.617977528,9.175479588927466,4.949434229076923,4.521778724041883,5.764713
0.364915213,-1.3700196793486636,0.2751222211941842,0.2772347453273335,0.10894596
17.4796748,14.54818216950227,19.24628166477801,18.73098714095041,16.974762
3.289665211,5.057218473603106,4.265910930527303,3.967780443014165,2.1800358
12.58671952,15.913339843624245,17.13857786125,16.87216630386323,15.71949
0.197677292,-5.194098351932137,0.2751222211941842,0.2772347453273335,-0.14995804
19.41364405,17.987657320114675,19.24628166477801,19.106052203011426,17.734041
26.04945371,16.591609050290728,19.24628166477801,19.494730194288294,17.891417
0.24898144,-1.857878191722218,0.3430205166331706,0.32839164689597666,0.80263
3.383084577,5.985118323672173,4.387648667631364,3.6917129357310534,4.0601683
4.617414248,5.517016403406636,5.0622170055573905,4.682348418472083,4.9874444
12.45465538,16.237955853148655,11.677253518427468,10.254678278956831,13.235093
1.105912378,0.7496220764921739,0.89765598575,0.9291144916366059,0.6587675
10.43397969,14.204186183741612,11.52581899992385,11.6639466636545,14.221784
2.933392148,6.730428465474251,2.8861468875030036,4.045512712565051,4.532902
13.29767613,14.606634404440559,12.479422316374901,15.53301400635518,15.910971
6.912181303,15.714417787966367,8.690752971482413,9.565392346979658,12.213775
14.62319615,16.74603275238941,12.479422316374901,15.53301400635518,16.104076
12.01232033,15.276826016998555,10.89385475,12.139303499980315,13.718793
0.246383723,-4.758052538305048,0.3430205166331706,0.31073473168337634,0.16073538
1.238562821,3.2565235200840754,1.9354894210723124,2.199414541656455,0.6086991
0.444236614,0.7185704188495574,0.3430205166331706,0.35374210941835044,1.0464845
15.49815498,16.538587509119154,13.618434049664966,13.535489557283258,14.981007
0.284096977,-3.366728725940222,0.3430205166331706,0.32058315125269315,0.18651241
4.268774704,5.626582362744407,2.8861468875030036,3.593487620707517,3.6023562
3.989763383,7.5342241784343305,4.00279933443658,3.6620428543862675,4.0695243
0.2911412,-3.4454730950160872,0.26500237870967736,0.26799571964001206,0.39693496
10.56593055,13.542577566328978,11.433093232935315,11.262047703795597,12.230709
3.898228078,5.600717927796084,3.27529243735469,3.4768526289948825,2.8603442
14.78873239,15.213873994012294,13.899307601666665,13.610614637569592,13.6687975
2.883762201,4.791784722904597,2.350666300112416,2.287267218551226,2.0632064
1.983390702,2.9983670228055175,2.350666300112416,2.290100917019804,2.0465655
0.250878784,-2.237129224374481,0.166421169375,0.280408836383554,0.20747738
18.26086957,14.737554765375666,13.899307601666665,11.544347527203518,12.148289
12.82051282,16.49479020029917,13.899307601666665,12.191865710220888,14.483807
11.61191749,11.55371317298637,10.059054275422355,12.028177574088467,11.561474
4.65872156,12.661496556512176,7.188330030116255,7.979751803955163,9.509078
3.419434194,4.079955454719012,3.27529243735469,3.249060270138416,1.8462727
10.88035288,14.161213441200761,13.899307601666665,10.74777847271626,11.813678
21.31616595,19.625737087558466,23.694969160181063,23.726227891271375,22.185915
17.8700361,22.233237355772857,24.04279631235294,20.868228362101583,19.606804
20.08928571,21.765135435507318,23.694969160181063,24.705510990508973,22.046934
16.36363636,22.87291881903313,18.924021883333335,18.51156014266027,17.756193
23.27044025,21.197218746501544,16.065251663545823,18.668611762090322,19.188272
6.489493201,7.992212257728325,4.265910930527303,3.859472721075294,5.5094743
2.114164905,5.9451197640537945,4.265910930527303,3.8192827258256057,3.7068393
10.25641026,15.55827583027001,17.29343285,15.815377949395215,16.415058
1.482059282,0.7499677690601905,1.2288135593220302,1.0449654834977546,1.2217094
7.470288625,8.124862364189044,7.077006103198736,6.623021346896102,5.317221
0.900806536,2.509879234742278,0.3430205166331706,0.45506259628198337,1.2448068
27.38853503,19.497929896087342,19.24628166477801,19.11127309387696,17.727613
23.1827112,19.703972526385748,24.04279631235294,21.552725557567214,19.055918
23.40425532,16.943903853604446,19.24628166477801,18.986622583887453,17.532648
2.487562189,18.05839505261267,0.3430205166331706,12.164741735830424,23.243814
1.252661907,5.3299947420954075,2.4782312304,2.3857110652604545,3.3813043
4.352806415,13.344570800484531,3.84183109338444,3.806412968885654,7.081427
5.371900826,14.844287685173114,5.4067102689999995,5.966071199996903,9.071063
16.18122977,12.65251287627847,10.84394364640684,10.9217657334686,11.943497
6.095903708,4.736432147372335,4.112575477125,5.108121690986286,5.375641
17.53832772,21.724482808717404,14.506429900667374,14.879255123279238,16.832521
12.30131306,10.268238007470213,10.84394364640684,12.255652080380289,10.267673
18.43137255,21.564422197957697,17.650675609834835,16.83767050483446,18.235025
11.46030886,9.247854191388807,10.84394364640684,11.064391345409874,10.708422
16.06581623,18.86101025760502,14.506429900667374,14.819759178012966,15.436451
18.67924528,20.360727142293605,20.76967378346939,24.300939795245412,20.391472
12.77777778,19.892625222028066,16.675392675384618,21.552084776940454,19.778208
6.546622382,4.373217418809634,5.261871963064516,5.550931107910705,5.063719
18.06188767,22.392883044577744,16.675392675384618,18.14074219324721,19.369358
12.31995885,19.13937284294073,15.487969702696748,15.168861012935213,15.154496
2.947086403,3.8226186092789827,3.37172449225,3.7803574485388998,3.452454
2.887633396,4.930401992804791,3.37172449225,3.929201477320803,4.1093316
18.96425966,21.918452654149856,20.76967378346939,19.7008603995582,18.647724
17.07025736,20.706586701477065,15.487969702696748,15.17229486768867,15.865775
9.03622422,10.839916916581293,9.057852717187497,9.844295395637685,9.967548
14.9032992,12.979315264530147,14.51435089,15.027784005318034,13.934463
17.51269036,22.592471330746356,16.675392675384618,17.956987702783447,19.284441
14.84375,17.056069118184176,16.491488418888892,15.730946299562984,15.85499
15.29411765,12.849433048627539,10.84394364640684,10.876384494061663,10.241581
15.86299273,20.456665989818852,17.650675609834835,16.644602664634895,16.692444
9.164208456,9.326391676508898,9.057852717187497,9.844149363925629,9.501276
5.413687436,5.1986788128547055,5.261871963064516,5.428447901990364,5.363377
15.92920354,11.933891944723287,16.491488418888892,16.858884881064014,14.954025
25.91836735,21.5470480109395,20.76967378346939,21.377856479815417,21.42372
24.37223043,21.078946090673963,16.675392675384618,18.88712182465083,20.391586
26.73421668,22.186729474199772,20.76967378346939,21.70604506638325,21.272808
6.518462698,3.0801620904970686,5.261871963064516,5.174821589802354,4.820333
11.21276097,12.84110346055312,10.84394364640684,10.837196168449994,12.425903
16.4,22.454259526769334,15.487969702696748,15.222227411684221,16.353271
19.61130742,14.980501808501973,16.491488418888892,17.205032411016692,20.957077
3.235082674,0.38962141167499276,5.261871963064516,4.957105795236483,2.076382
9.246575342,7.764516006803844,10.84394364640684,10.823881910901964,7.238525
5.790549328,3.844982756670817,7.866729099,6.57848407621551,5.5521936
4.966476285,3.3768808364052805,7.866729099,6.366919182382989,5.23642
16.04271511,21.472714881276154,15.487969702696748,15.286098398439151,16.134256
7.223113965,5.984381104619671,7.866729099,7.104728614703618,7.1918225
5.621301775,5.516279184354136,7.866729099,7.032783875067309,6.9274187
15.75,13.998957163008795,19.37556612,18.24475114060248,17.265738
8.129882813,9.134256468076545,9.057852717187497,9.83673316325463,9.975852
5.076102307,3.441222895606017,4.3535284265,5.001628927465476,4.6851044
4.166666667,5.580621243554871,4.3535284265,5.218093816742587,5.2469077
18.59076433,12.315834375423453,18.57582303,17.63131944448918,15.095483
10.82212916,10.370669602662693,9.057852717187497,9.973893550720222,10.283306
4.63675929,2.8671025625089928,5.261871963064516,4.495100230433436,4.820333
19.83805668,12.381395505586699,16.491488418888892,17.205032411016692,14.3741255
21.8373494,21.994551571802912,20.76967378346939,20.43308587907234,20.269857
13.27433628,14.106719039016989,15.597442751666668,19.91082828216988,15.893545
28.06788512,16.246117386965842,28.5771235042842,25.426806338770287,25.965498
8.732694356,13.01735510060433,14.713766628216248,12.04286618545686,11.209072
5.045625335,7.781858853424331,4.187592690306451,4.415522240185248,6.5945783
14.41441441,15.156753448553184,18.566899995,16.839756620702545,16.97216
24.12420382,14.388724131643396,18.566899995,17.334962913603757,16.980679
20.30567686,23.36219873459934,20.76967378346939,21.190242640423786,21.176586
3.754309794,3.2536361145631063,4.7272487907142855,4.323788851164684,4.2884245
11.11330438,11.736314093217764,10.84394364640684,11.64288312749615,11.188475
7.078925956,5.861136382777495,7.215824001666667,7.521964650244184,5.977263
16.72354949,12.767929057640812,20.907908407142855,21.738662523308907,17.30374
4.593818374,4.873757619540946,4.7272487907142855,4.42134166934368,5.2068696
7.508379888,7.0131559674898,7.215824001666667,7.560873164845994,7.0978656
7.202334964,7.65283743075007,7.215824001666667,7.5575074755386416,7.149207
22.42042672,14.388050562618654,20.907908407142855,21.798065616757693,19.461979
16.39898563,17.84442238078818,15.487969702696748,15.71703725038177,15.807778
3.511357284,3.438643018941437,3.6417649384999997,4.6185719160265934,4.347703
16.68202765,19.958591760020965,23.926490406165428,20.67573316178618,17.035023
26.875,12.484834041753606,28.5771235042842,25.420148151716468,24.571232
3.366838277,5.991216522567873,3.6417649384999997,4.8736743402107265,6.1878266
3.495692512,6.630897985828144,3.6417649384999997,4.843529261548186,6.5355554
8.69925435,7.662512950251192,9.050322801999998,8.31684031106036,9.350194
30.91976517,15.037407545380045,28.5771235042842,25.891410055015058,30.357237
39.22305764,25.75834699512206,31.953263553333333,31.262465783529105,35.021824
5.75439865,5.944118428390839,4.7272487907142855,4.436913950651289,5.239525
11.89585731,12.211229639993885,9.057852717187497,11.068096893361888,12.418985
15.70737794,13.319013023519693,10.84394364640684,12.203403392682079,15.411447
16.11758743,21.824385706210098,12.773004996875004,14.216014647118753,16.023935
20.62579821,22.932169089735908,15.487969702696748,16.601137428158584,19.340706
7.086614173,5.291905039193324,4.187592690306451,4.336785375670143,5.2582254
2.386677353,3.2849397372237887,2.6042241834,2.768218150311297,2.8114445
2.270678777,0.6815817227226031,2.6042241834,2.809794402721006,2.7780461
2.666405254,1.789365106248411,3.18892315475,3.0590590880185515,3.0992308
7.714285714,10.19587466580031,8.901136770125,8.167760223480053,9.437206
11.86440678,20.27713265228206,10.34482759,14.546997526572552,15.164503
12.55605381,20.91681411554233,10.34482759,14.486946201633609,14.665365
7.881520374,10.612467602714572,7.555986063391168,7.8765673228958555,8.30352
10.53370787,12.751865950663426,8.901136770125,8.296236471514133,11.240763
8.665511265,12.28376403039789,8.901136770125,8.225394466718067,10.979979
7.596318827,12.59037065611885,7.919454520100063,9.205885363856783,9.315265
15.68914956,15.837552387593512,12.394456848947366,13.022205093381771,14.708838
12.33766234,24.34292507028392,14.051082853333334,14.102049928673457,16.86481
2.883108743,2.2063666823872974,2.6042241834,2.865159346106511,3.0806935
2.491538172,1.7382647621217604,2.6042241834,2.8693421694503645,2.8295784
7.08320634,9.113159357250613,6.416436160666667,7.507684812821054,7.9290457
17.88617886,18.124568531238232,15.487969702696748,14.98935968521361,14.4086485
7.569141194,8.633604835339067,7.555986063391168,7.902977162538346,7.2848763
18.23587711,19.489726205360206,14.051082853333334,15.90863029468541,17.197573
1.620027181,-1.6177119901961756,1.6420327865,2.006623572778262,1.9147334
10.54702873,18.149418482358012,8.49958059,10.949919473452688,11.162383
3.237226277,5.21567448376584,3.18892315475,3.1828236261219938,4.2208834
14.62131178,21.564043681850634,15.487969702696748,15.179700719679465,15.833093
15.77429984,22.20372514511091,15.487969702696748,15.283787474793598,15.686014
5.130784708,6.247289448188889,4.187592690306451,4.418276664108415,4.072754
14.49108683,20.16799541202669,15.487969702696748,15.222119055895163,15.67644
3.32729742,1.7185081700137435,3.5082397972407398,3.495454834696992,4.045889
9.883913765,9.561504685408135,10.84394364640684,10.461011156976584,10.370873
10.48812665,9.093402765142597,9.057852717187497,9.727637956402464,10.295795
14.6311971,19.81434221488462,15.487969702696748,15.938360485548644,15.866803
4.891535517,4.3260084382281345,4.187592690306451,4.018417177361728,4.5866437
12.0,6.772322598511787,10.84394364640684,10.461011156976584,9.4537945
2.366412214,-5.4965039822341115,3.5082397972407398,3.5020877230397356,3.6807296
22.03389831,17.991014957170133,20.76967378346939,19.734082877313206,17.89066
15.78947368,17.780572545477575,15.487969702696748,16.881354733808184,15.288485
3.963838665,3.5716016953416303,4.187592690306451,3.808941450448781,4.4697833
14.07146008,10.306814827210212,12.394456848947366,12.371754276476086,12.629179
13.98008115,18.18302076617652,16.174332605326,14.935560603135498,13.763006
14.78753541,19.29080414970233,15.487969702696748,15.63047339749719,14.933919
18.98450027,20.322419114125374,16.675392675384618,17.517944794503766,17.539999
9.128978224,6.632556044303913,9.057852717187497,9.675585720858425,9.3358755
4.323308271,1.8651617173894497,4.187592690306451,4.731137552964194,4.2741027
16.22176591,18.85321237873452,20.76967378346939,19.4086238961942,17.95746
3.25862343,-1.1816661765690863,3.5082397972407398,3.469809059689668,3.686742
7.520642714,6.8329098818200364,10.84394364640684,10.521615642167706,8.820545
3.553892916,4.294956780585519,3.5082397972407398,3.649645223590281,4.937942
21.77121771,20.114973870855117,19.006791532331327,18.308350612741496,18.140766
3.268183275,0.2096576357957396,3.5082397972407398,3.533956677150539,3.8165205
7.586714058,8.224233694184862,10.84394364640684,9.92789397648213,9.351096
21.85089974,19.97678810834993,20.76967378346939,20.694853183812988,18.328009
10.27667984,9.202968724480368,10.84394364640684,10.56142296270847,10.1355915
3.494623656,0.6782862864143144,3.5082397972407398,3.532170811405817,4.4609833
20.08601062,19.848028061159475,13.878348248878645,15.147030986817445,16.618011
20.67876875,20.95581144468528,19.006791532331327,18.28311623472073,18.036186
15.11789182,13.48205372641792,12.394456848947366,12.558728937839888,15.601465
12.85450579,11.110610540170292,13.06684445519381,13.492768694846209,11.8140135
19.56773447,20.25566468612097,13.878348248878645,15.178948160891384,16.562685
5.061082024,5.875114292990293,4.187592690306451,4.517897500808865,5.777182
6.060606061,5.407012372724758,4.187592690306451,4.762826041910753,5.594823
3.985507246,6.514795756250564,4.187592690306451,4.460306856748063,5.762637
13.57388316,13.250008888119146,12.394456848947366,12.528876306442193,15.031461
20.44198895,22.39506303406982,20.90592334,19.54414680479316,20.684793
4.02511922,0.13091326671987424,3.5082397972407398,3.861508250968779,4.112997
15.09976567,17.11896392806494,15.487969702696748,16.68497031104689,16.709082
10.87687415,9.177104289532044,12.046251405,10.489905162425625,11.346122
19.46975973,18.790260355748256,16.675392675384618,17.955478608510244,19.31404
10.69210293,8.368171084640558,10.84394364640684,9.665215424650391,11.426099
7.472904324,6.574753384541479,10.84394364640684,9.589685710249498,9.1765175
2.255074271,1.3392571373614803,2.249922981,2.9949335220391657,3.750765
32.02898551,18.313941127111626,20.76967378346939,21.222394135198357,20.736856
5.915813424,1.5834090160014824,5.140830473,4.543353140609744,4.347143
4.597701149,3.7228073639503356,4.187592690306451,4.339717656967549,5.357461
28.20512821,20.071176562035134,28.188714075,26.354213755126292,22.962498
7.354466859,5.825514337478353,7.718594894290053,8.178091293793546,8.592345
12.7578304,15.13009953472233,12.773004996875004,13.048537826496297,12.468258
13.97616468,16.23788291824814,15.487969702696748,15.388125742296884,15.082018
8.413284133,7.656341816454972,8.395669255333333,9.563788155649485,9.500249
18.67303804,17.73759980293672,20.76967378346939,19.62923852383539,16.91992
16.88125894,23.202123449294426,12.773004996875004,15.263693376249186,17.192554
21.84115523,25.80962371750882,17.343910982,19.498059353331847,20.644115
18.30357143,25.34152179724328,24.64285714,19.87168403503809,19.802258
24.24242424,26.449305180769088,17.343910982,19.511959780722638,20.167112
38.99371069,24.773605108237504,20.76967378346939,19.875715722741035,25.796175
11.74289246,11.568598619464286,10.84394364640684,10.972947264853271,11.350511
3.815439219,3.5705529870675057,2.691363109142857,3.205846897450978,7.518497
12.64975335,9.521506125789756,10.84394364640684,10.675046916500655,9.444273
28.20512821,19.13466219200597,15.487969702696748,15.25390034224445,15.03473
1.716038731,-0.440311499032795,2.691363109142857,3.2050841775408507,3.6697037
5.242390079,6.934583096096057,10.84394364640684,10.667772024333193,8.189247
5.357142857,1.3868308425654163,10.84394364640684,10.475739724108058,8.020484
4.575163399,-3.8486654046145805,4.187592690306451,3.8186583696392167,3.969978
11.65919283,7.387874582985919,12.394456848947366,16.299546908955943,13.789115
3.992015968,1.999754685859589,4.187592690306451,3.8168973962304262,4.5263762
5.412371134,3.9950688508716223,4.187592690306451,3.8251513452253705,4.5234337
3.705148206,4.326354130796151,3.5082397972407398,3.5353635432537334,3.8716872
8.998302207,11.701248725925005,7.116503721333333,8.873598486167833,9.129867
6.735100031,6.086265596478238,3.5082397972407398,3.685659925080088,4.7672358
15.60509554,23.074316257823305,12.937050753895742,14.72069239398282,15.882764
7.9594478,11.814884042964215,7.116503721333333,8.342343654072073,8.617575
4.375,6.931989690036911,4.187592690306451,3.9196069007436525,4.1838417
10.35502959,13.199100901639957,12.394456848947366,11.025500639903926,12.786706
6.550218341,14.306884285165763,12.394456848947366,11.323110810900044,13.476269
14.73477407,23.280358888121704,17.343910982,16.62496829322436,18.673698
15.96638655,22.81225696785617,16.675392675384618,16.530748619493046,17.98704
23.04964539,20.520290215340406,15.11321552137875,15.01780487637738,16.03336
23.38308458,21.63478141434863,51.76470588,37.848360200101155,39.18418
20.9570337,8.906381103831368,37.845126884,38.17028232027888,23.369827
24.34135166,16.920957162220493,20.55987507,20.169870866666027,18.720692
26.44628099,18.420674046909078,26.456639135,24.307070856073988,25.271662
44.66019417,37.80050001077593,38.61386139,37.51497134673323,38.97847
4.448742747,31.125207297371638,9.547013420885321,9.767602491627981,12.344528
84.25531915,47.005474575190895,81.962190568,79.30305094658542,73.15819
17.76354106,29.88441928186979,15.972896344285715,17.360260238528134,17.38121
68.66369468,46.87246994321486,66.37976872846949,65.47206457187991,65.27011
6.306306306,32.023817629818645,9.547013420885321,9.462060104583559,17.097569
35.45266068,35.416225141967665,33.21058881505883,34.85777553902895,35.03622
72.94117647,46.71240933245515,66.37976872846949,66.26988488194289,67.08996
35.12598212,34.39584132588626,33.21058881505883,35.59712991488432,34.060596
61.69347384,44.00899739210247,60.93260425265575,63.83952803291549,62.57372
69.24528302,45.50871427679106,81.962190568,78.1349633149275,69.05557
68.33333333,45.04061235652552,81.962190568,77.68575828710934,67.53682
20.4715764,29.521204553307086,17.980792985,16.18257610363681,15.762603
73.30487923,47.5408701790752,73.49548816000001,73.24963465980566,70.49221
11.64383562,29.768716033462177,13.015138690899999,15.75199703979391,16.415932
59.1563786,44.287359977438186,66.37976872846949,63.9364424648485,60.475975
7.032819826,28.97060574377644,9.547013420885321,9.867330554824813,7.935233
6.842435656,30.078389127302245,9.547013420885321,10.509431850442152,9.442641
72.57476295,47.066439788647315,78.44867294846154,75.94365211138997,74.49487
66.02236942,45.85457383597452,68.13559999410846,66.52444042940607,68.0493
35.47726071,35.98790405107875,33.21058881505883,33.60152596775995,32.452805
45.05119454,38.127302399027606,40.982631783749994,42.9008205122572,42.474064
78.89593909,47.74045846524381,73.49548816000001,75.40902705917206,74.2106
43.40101523,39.596555984467244,46.659275424443365,40.07922011943302,38.90232
60.9375,42.20405625268163,40.982631783749994,43.36437690418205,51.888363
33.82352941,37.997420183124994,33.21058881505883,32.278025112327626,34.4877
68.14006889,45.60465312431631,66.37976872846949,65.41214011886171,64.798836
27.19764012,34.47437881100635,33.21058881505883,30.751878907062768,28.811903
8.478038815,30.346665947352157,9.547013420885321,9.79415336198167,10.508483
38.5840708,37.08187907922074,50.32650422642858,42.418596652766354,40.852825
76.53061224,46.695035145436954,75.94209082115384,76.54290796892602,72.31488
77.0310192,46.22693322517142,73.49548816000001,73.48207262728847,71.57386
76.26656274,47.33471660869723,78.44867294846154,77.9003226473176,75.628975
17.21929164,28.228149224994525,13.015138690899999,13.991997772951633,14.28938
38.18906873,37.98909059505058,33.21058881505883,34.96034992858284,39.081577
34.50051493,37.52098867478504,33.21058881505883,33.79660783212774,37.60467
64.64,47.60224666126679,63.08133316624999,64.394983635131,64.848694
64.75265018,40.12848894299943,61.18811881,59.97462340257506,58.61437
10.85549964,25.53760854617245,13.015138690899999,14.305352191789739,11.052669
23.40182648,32.9125031413013,33.21058881505883,34.246724069810845,30.265987
17.40880659,28.992969891168272,13.015138690899999,14.624354939679913,14.5745945
16.27762602,28.524867970902733,13.015138690899999,13.798806054196438,13.60561
65.32465938,46.62070201577361,64.44405223,65.41778415709786,68.287796
11.23595506,31.132368239117127,9.547013420885321,9.402685281348889,12.435425
10.65088757,30.66426631885159,9.547013420885321,9.298550130154318,11.875929
52.75,39.14694429750625,54.185342155,51.12104754723908,49.664967
30.32226563,34.282243602574,33.21058881505883,33.456024844298696,32.12016
14.2162247,28.589210030103473,15.904334747142856,14.637056611473694,13.675055
9.420289855,30.72860837805233,9.547013420885321,9.804742566207935,11.251844
53.02547771,37.463821509920905,50.32650422642858,49.364311333240174,47.146675
32.66475645,35.51865673716015,33.21058881505883,33.3406835843571,32.638107
29.95348837,33.57685471767348,33.21058881505883,33.41807342590195,31.088482
7.8125,28.341358470493475,9.547013420885321,9.226396325984418,7.3946204
49.27007299,36.82403644914814,54.185342155,51.02039954098928,47.136864
66.76136364,46.43719251536435,78.44867294846154,69.88316198606728,72.51141
13.72614664,28.015089697006445,13.015138690899999,14.209517372073483,14.28938
49.79757085,37.52938264008415,50.32650422642858,48.37739040653579,46.58135
76.95783133,47.14253870630037,75.94209082115384,76.31358871034074,73.04266
40.0,39.25470617351444,45.33199037978035,41.48950014197934,42.158688
36.05633803,38.78660425324891,45.33199037978035,40.867642509186155,39.365
13.23529412,33.55110800606891,16.488383751290463,16.424701554900437,15.321536
58.48563969,41.3941045214633,54.641585905,56.15290208500815,56.47261
50.55865922,40.926002601197766,54.641585905,55.78414631781497,54.173172
65.44117647,42.03378598472357,58.983352018888894,56.847345493190915,59.23409
36.10223642,38.16534223510179,40.84466040654724,38.84059749999976,37.800983
11.27214171,32.92984598792179,9.547013420885321,9.125720868852833,11.572269
49.0990991,40.30474058305064,35.42857143,46.50348189045132,48.770374
60.98726115,39.536711266140856,58.983352018888894,51.14142335788797,53.91247
74.34497817,48.510185869096794,75.94209082115384,74.23047532013888,75.261
11.38211382,28.401623249060563,14.82025538142857,13.050080867878348,12.376774
34.84011054,36.88430122771522,43.743118705001145,39.23004404644269,36.86793
16.39544345,31.00912351727495,14.195275161142858,13.988282274043982,12.776198
45.80204778,37.91591619213827,54.641585905,55.78414631781497,48.65913
5.706101835,24.86220207096494,9.362716415800001,10.046004390329664,9.992696
23.31060136,32.2370966660938,40.84466040654724,36.422532246043644,30.113361
15.08487202,30.0217447540384,14.82025538142857,13.226039004601231,14.426268
17.21117318,32.16114310198726,14.195275161142858,14.002717633023874,13.588191
17.07442699,32.800824565247524,14.195275161142858,14.031656795588098,13.989314
56.00443045,39.53603769711611,54.641585905,56.16323640839447,53.953617
62.21470837,42.99240951528564,66.37976872846949,65.62632130167752,62.460773
10.14279181,28.58663015343889,11.145552716166668,12.612474786711628,12.327672
58.52534562,45.10657889451842,66.37976872846949,65.55476152440885,63.483734
51.875,37.63282117625106,54.641585905,55.759198612156645,50.037376
8.735801258,31.13920365706533,11.145552716166668,12.602474252576158,13.119331
9.128561962,31.778885120325597,11.145552716166668,12.576992948052926,14.207629
14.33305717,32.81050008474865,16.488383751290463,16.34195200339814,14.609004
60.46966732,40.185394679877504,54.641585905,56.149218307304146,53.996944
81.57894737,50.90633412961952,78.44867294846154,78.1786373124341,78.919395
18.76958303,31.092105562888293,14.82025538142857,13.562050046410492,15.05204
38.23360184,37.35921677449134,40.012288043094294,37.662901609193796,36.93333
46.73217907,38.46700015801715,51.0790431617264,41.981470990732426,44.913948
63.81145464,46.97237284070755,66.37976872846949,66.71465308773251,67.27659
69.41251596,48.08015622423336,72.52374830283031,69.66502565726024,71.35477
11.02362205,30.43989217369078,9.547013420885321,9.060812369505179,10.329143
8.371181762,28.432926871721243,8.821245249666667,8.726798709304056,8.3205385
8.753380018,25.82956885722006,8.821245249666667,8.509048961404016,7.8660455
7.796621246,26.937352240745867,8.821245249666667,8.626376224933423,8.101748
39.71428571,35.343861800297766,42.71376488,38.961893313464735,36.64474
57.31895223,45.42511978677952,55.17241379,62.03754467155941,61.377262
58.29596413,46.064801250039785,55.17241379,62.23875311924838,62.287262
36.7366739,35.76045473721203,33.21058881505883,33.42445225913433,36.129215
44.52247191,37.89985308516088,42.71376488,40.72530916683516,44.23008
37.95493934,37.431751164895346,42.71376488,40.20785193388522,42.147804
30.99571734,35.57023137512279,33.21058881505883,32.32584134383282,33.63485
5.753138075,30.334735127942793,6.855399629500001,6.224886947321282,7.3413134
38.66791452,37.738357790616305,42.2287411115564,35.46072315584922,35.892418
58.06451613,40.98553952209097,58.983352018888894,49.96334060731324,51.339813
67.53246753,49.490912204781374,70.89205849555555,69.87859281145343,71.81475
61.63849155,41.36939434332452,68.13559999410846,66.5114800553965,62.701565
9.657717887,27.354353816884753,8.821245249666667,8.814722704293226,9.251784
9.318755708,26.886251896619214,8.821245249666667,8.684764208571643,8.710235
34.83693996,34.261146491748065,33.21058881505883,32.78274527325663,32.1256
66.66666667,43.27255566573569,66.37976872846949,65.68247936953384,64.4016
29.37409025,33.78159196983652,33.21058881505883,31.503460780638825,30.80077
8.282828283,27.18156075824706,5.35910978128945,6.53062518795868,7.1060658
41.02259215,34.55645535337591,46.28530315454545,44.697607927173166,38.59095
45.8703939,35.664238736901716,58.983352018888894,47.89829890858638,43.727684
63.13181368,44.63771333985766,62.97974966,66.85563813048259,64.33242
5.470616094,23.530275144301278,5.482772991,7.201563127511796,6.2337356
49.7441952,43.29740561685547,46.44925931,54.159063350360015,49.086285
13.48905109,30.363661618263293,9.362716415800001,11.186982689930211,11.798641
66.00263108,46.71203081634809,66.37976872846949,66.32773262485091,65.74755
63.87973641,47.351712279608364,68.13559999410846,67.79417081011277,66.2951
10.36217304,31.395276582686343,9.547013420885321,9.072411126060741,10.507918
70.61529615,45.31598254652415,66.37976872846949,66.78336737801321,67.487885
9.755545496,26.866495304511197,7.6812947365,8.332962802206918,11.7041235
32.8358209,34.70949181990559,26.44461497,28.4596383905016,32.77252
32.18997361,34.241389899640055,26.44461497,28.52228616934506,30.559906
64.08706167,44.962329349382074,64.74413169934537,63.146269779859885,62.539288
13.52615908,29.473995572725592,9.547013420885321,10.16707589241142,11.612146
30.0,31.92030973300924,26.44461497,27.139334990096764,28.674356
31.73652695,31.4522078127437,26.44461497,27.254519128975645,26.600296
27.81954887,32.559991196269515,30.39019015752517,28.3869790268265,30.520788
11.18460613,26.216711565563706,9.547013420885321,9.40082982724913,9.167142
32.53968254,33.59160616069256,38.6763813,35.04763600892978,33.518665
43.88327722,34.69938954421836,36.704101994285715,37.99294539916941,38.010212
33.125,18.499834296159086,28.67078010666667,36.03385012405096,35.99891
6.488549618,19.651483152263342,7.6812947365,8.347080222189359,9.601455
27.83018868,31.386447677502517,26.44461497,27.275259332912302,28.029686
59.3220339,43.13900209166759,55.78755142125,58.02717364395893,57.4496
51.06186519,42.92855967997503,52.01049362714286,52.31729735114528,53.963024
9.075104312,28.719588829839083,9.547013420885321,9.305223925530992,9.534512
35.1786502,35.454801961707666,32.943383329999996,33.608164588316406,34.293507
53.04315751,43.331007900673974,52.01049362714286,52.760092042949324,54.328785
49.97167139,44.43879128419978,52.01049362714286,52.46149824086815,54.903965
59.25173704,45.47040624862283,60.521874015,58.14357858744839,58.27182
26.54941374,31.780543178801366,26.44461497,27.345565357190097,27.21708
7.330827068,27.013148851886903,9.547013420885321,8.751268723104157,9.0261545
57.49486653,44.001199513231974,55.78755142125,57.71894485911744,58.18936
9.389074339,23.966320957928367,9.6840889835,11.74586740222448,10.35086
21.0778844,31.980897016317492,30.39019015752517,28.037277145683348,27.080189
13.39724106,29.44294391508297,13.566607623684211,13.649463618393243,14.465719
11.88811189,31.582342263031826,9.547013420885321,9.269693178932567,12.38882
69.37269373,45.26296100535257,67.32735254751007,67.36366033548333,64.6712
10.87685571,25.35764477029319,10.84341841,12.482583521588051,10.535576
24.26767986,33.372220828682316,33.21058881505883,30.732416867893743,29.716785
56.12682091,45.124775242847385,59.247577145,63.342144538122604,61.037224
32.93807642,34.35095585897782,33.21058881505883,33.22008559997512,32.184086
11.29032258,25.826273420911768,13.566607623684211,12.694550271486923,12.45791
13.47826087,18.771394077569532,13.566607623684211,12.694550271486923,11.328391
69.238553,44.99601519565693,67.32735254751007,67.48095550688967,64.126854
68.37674296,46.10379857918274,67.32735254751007,67.5396215843326,65.19606
44.10540915,38.63004086091538,43.90901992,40.79779660011377,40.47977
36.91055546,36.25859767466775,38.29310524998734,37.657212649818696,37.385544
71.05364724,45.40365182061842,67.32735254751007,67.43644470590613,63.753067
9.598603839,31.023101427487745,9.547013420885321,9.269693178932567,11.662849
9.090909091,30.554999507222213,9.547013420885321,9.177751528765764,11.47791
10.14492754,31.66278289074802,9.547013420885321,9.61827004466877,11.863124
37.80068729,38.3979960226166,32.943383329999996,36.289855763371094,39.732132
71.27071823,47.54305016856728,73.49548816000001,70.50982619136053,69.46686
37.3015873,27.091077327674128,38.29310524998734,37.657212649818696,38.307255
19.49910555,31.612630569715336,18.35285131285119,21.97589423887691,22.351004
12.73134669,25.278900401217328,9.362716415800001,11.760371818976017,11.346915
49.96094582,42.2669510625624,52.578740638,51.29069797944982,52.078583
28.11449341,34.3250914240295,28.1176141622198,29.937242548592,28.716333
55.11184756,43.938247490245715,60.06020529124999,56.60849321659327,57.27566
29.01508429,33.51615821913801,40.94117647,30.9521496051562,31.239296
20.81280631,31.722740519038936,21.679533182857142,23.092297988396172,24.355057
4.868749291,26.487244271858934,4.864049901,6.304098288485842,6.3108163
63.1884058,43.46192826160908,60.06020529124999,56.323231856783885,57.432846
17.47440273,26.731396150498938,16.7839,14.047259187463064,12.064219
7.279693487,28.870794498447793,8.154599697375,6.519692687288142,9.535784
65.00754148,45.21916369653259,60.06020529124999,58.69659462745718,59.955982
20.04610951,30.97350147197581,21.679533182857142,20.520783089795856,21.388216
43.31550802,40.27808666921979,43.748604054999994,48.315539428072114,47.286583
43.98699892,41.385870052745595,43.748604054999994,48.06881142084376,46.67558
24.30504305,32.804328950952424,21.63597951908225,21.65263119838504,23.609911
53.15199412,42.88558693743418,51.642484281398744,52.88132404063156,53.557037
40.49295775,20.025786784282865,24.3902439,27.37718966395938,29.387886
68.38340486,48.35011058379188,66.37976872846949,68.83391851586863,68.13957
76.53429603,50.957610852006276,67.451233505,71.97459904901766,73.92847
69.64285714,50.48950893174074,67.451233505,70.51272813219738,71.47561
81.21212121,51.59729231526654,78.44867294846154,73.87153623095202,74.871735
7.939914163,30.32604131317551,9.362716415800001,10.34928664546788,11.628811
79.72027972,39.840334256253215,72.913716962,71.78235348022895,74.63105
88.67924528,49.92159224273496,75.94209082115384,75.91213611587847,78.208534
42.89245983,36.71658575396174,33.21058881505883,35.33124129200507,36.1923
15.43921917,28.718540121564963,9.362716415800001,9.529928705812893,15.481948
8.177905308,24.52522054111938,9.362716415800001,9.529928705812893,9.510822
28.47075405,34.66949326028721,27.273428425294114,29.24236165863856,30.293901
70.94017094,44.282649326503424,57.75349954,59.56006129311715,60.428196
10.15243026,24.70767563546466,9.362716415800001,9.5374267388102,10.587819
10.05822124,24.23957371519912,9.362716415800001,9.52913756316284,9.673068
27.95941375,32.08257023059351,27.273428425294114,29.194290239697594,29.92975
32.31939163,32.722251693853785,27.273428425294114,29.969570241450796,31.289928
54.36893204,41.227624376544185,57.75349954,60.01815655946928,60.843815
26.97368421,33.75386665827683,41.20118104714286,40.104825549741825,37.69984
43.04932735,34.86165004180263,41.20118104714286,40.85267000937581,42.176834
7.138777841,25.13104393960051,9.362716415800001,8.295473601462678,9.256997
28.5,22.08834349148526,27.273428425294114,29.506070056013122,31.168715
8.456279237,19.79960484519429,9.362716415800001,9.513750544801987,9.53681
23.46938776,26.534817977062872,27.273428425294114,27.864565492361812,27.895447
8.278867102,21.299321729882873,7.535936675836218,8.631641840418187,9.350688
32.73542601,32.53586171748337,54.641585905,50.44707510639357,42.88138
26.90972222,14.507437863796659,27.273428425294114,29.075326210334207,27.563274
7.778432528,24.540241552142653,9.362716415800001,9.521639530165531,10.010451
8.779546551,25.64802493566846,9.362716415800001,9.521639530165531,10.475667
10.57884232,27.14774182035704,7.535936675836218,8.711028556269378,9.202141
10.78717201,27.787423283617315,7.535936675836218,8.833293410108185,9.551078
40.57971014,34.05453449522036,41.20118104714286,40.13691014726405,37.30712
13.40206186,29.143055985369074,7.535936675836218,8.603099541936267,9.625727
5.347593583,26.82297376092515,7.535936675836218,8.629155282428727,9.495117
7.589285714,29.824892377289125,9.547013420885321,9.052640505466504,10.2662525
15.5226209,29.474341265293603,12.98799022875,14.729435266046682,14.166651
15.08553655,29.00623934502807,12.98799022875,14.540927545090238,13.084181
41.76570458,36.84923586042246,41.497975708502,40.79830293487492,40.59657
43.77682403,37.48891732368273,41.63687089728664,41.439518151233145,41.8114
15.25423729,31.145637692976926,9.547013420885321,8.942827292457494,11.262649
9.009009009,32.25342107650273,9.547013420885321,9.482218209507097,12.518484
27.24416047,31.23425273097569,12.98799022875,14.19824463563826,18.434464
73.08917197,48.22230339232076,66.37976872846949,66.23823573136012,66.96676
38.43830889,36.96287117746167,40.020156448896,40.17356011023934,39.248898
10.3125,32.07997682453436,9.547013420885321,9.315255730862269,11.45627
47.04142012,38.347088036137414,46.28530315454545,49.777801753331424,47.55878
60.26200873,39.45487141966322,51.84466019,51.887490877471,50.959507
78.38899804,48.428346022619166,75.94209082115384,76.33468112171629,74.93643
75.6302521,47.96024410235363,73.49548816000001,73.35059900109259,72.92743
42.85714286,39.11741185279787,45.3987730061349,43.15496664326796,43.68606
3.717135086,26.8837488116621,12.98799022875,14.067127311132097,12.182867
20.19704433,28.346520593388,12.98799022875,14.026363640776179,14.471724
73.75886525,45.668277349837865,66.37976872846949,65.7752994276258,66.26412
49.00497512,46.782768548846086,59.521623438000006,59.37053053246911,51.239635
46.31091069,34.05436823832882,55.396288152,55.06224043539816,46.032066
59.8510882,42.068944296717945,51.02414036166667,52.97829535538489,53.133537
61.57024793,43.56866118140653,57.95230521333334,56.621336299221255,59.568127
