Actual Prevalence,Predicted Prevalence,Residual
17.5732217573221,13.227513,4.3457084440286415
11.982742712423,10.041887,1.9408554290978053
22.4209007523446,20.064196,2.35670511941003
25.9515570934256,25.483906,0.4676513011892709
25.7894736842105,25.483906,0.3055678919741709
4.41176470588235,5.3349137,-0.9231490247389882
3.15024232633279,5.07012,-1.9198775314552958
9.50920245398773,10.810621,-1.3014188076089503
5.81092801387684,5.9409537,-0.13002571766002546
2.32134729176149,1.9840117,0.3373356416760407
2.32246538633318,2.1298018,0.19266363615007442
26.3656227239621,30.012348,-3.646725451086727
0.87466202115883,0.885723,-0.011060973645552363
5.29137529137529,5.5690584,-0.27768312689863617
10.2955674673387,9.782454,0.5131139303513947
17.3434367460668,12.359227,4.984209565585843
1.13350125944584,1.1673896,-0.03388837182552229
10.2398232881035,9.722668,0.5171555940117027
16.3207955036748,12.519381,3.8014149342167904
23.8838883888388,24.924778,-1.0408895957803423
17.3312541768768,13.447529,3.8837253377654726
40.034926871862,37.78802,2.246905784215514
0.79608825668794,0.50018454,0.2959037207077154
0.83701831964624,0.47081223,0.3662060883439786
1.71034145745525,1.8867145,-0.17637300101032616
1.67107350608143,1.6681173,0.0029562213066496312
6.71799198481333,8.224797,-1.506805264027002
8.86563876651982,9.463524,-0.5978850982262731
0.36874202240816,-1.0534025,1.422144565476092
24.919935948759,25.146526,-0.226590387910921
20.0,18.675673,1.3243274688720703
1.92703615251585,1.8867145,0.04032169405027375
21.6797293245963,21.769789,-0.09005941746913138
0.74889867841409,0.20381717,0.5450815045754746
3.06818181818181,4.677816,-1.6096340959722428
10.9174311926605,9.516039,1.4013922980071793
7.53942181340341,8.439502,-0.9000799489867264
7.90603687799949,6.6325965,1.2734403852321563
10.3565365025466,9.146359,1.2101770588820493
9.68586387434555,9.23676,0.44910373488021804
11.7171006333567,9.544049,2.1730513703562124
2.38568588469184,4.062122,-1.676435983441705
3.37423312883435,3.9129767,-0.5387436129564214
11.5997229916897,8.684755,2.9149676663723163
10.8690269868779,9.350835,1.5181921403813181
13.2712686936713,11.343784,1.9274843613959085
31.2516422878164,29.271727,1.9799156795400314
3.0261348005502,4.3280573,-1.3019224885733354
31.0134132972206,28.93855,2.0748623481239186
1.44815601467464,1.667368,-0.21921203971531367
1.79640718562874,1.0034064,0.7930007801798264
1.63564579808234,2.303027,-0.6673811165142176
36.2724392819429,28.591694,7.680745403769073
36.11030478955,29.468744,6.641560511595898
1.16985376827896,2.128428,-0.9585742140513622
2.08909370199692,2.55997,-0.4708762000416544
20.0761179828734,13.860067,6.216050615319688
32.8200192492781,25.343811,7.476208214121847
29.1666666666666,26.427713,2.7389532725015613
29.6562749800159,26.2724,3.383875077672151
0.90576218924648,0.9613672,-0.05560500063770579
10.4060913705583,11.459114,-1.0530227041487308
26.3691683569979,22.19312,4.176049307925634
1.36196319018404,2.166071,-0.8041077479263115
1.5337614564499,2.456404,-0.9226425142684838
24.2338251986379,19.624195,4.609630099760945
29.5098534613441,23.987831,5.522022345621444
1.95576489862789,1.9486431,0.007121810287130659
1.27723516153268,1.7300467,-0.4528115875823102
27.0424836601307,26.263985,0.778498979954918
1.51285930408472,2.1358154,-0.6229560779190642
11.2367491166077,11.7138405,-0.4770913680114415
0.40183696900114,-0.0014862518,0.40332322083033206
6.57995409334353,7.924838,-1.3448839727575441
3.4125449019066,2.165571,1.2469739275566245
7.89163722025913,9.405515,-1.5138774968429205
39.3671521848317,34.82963,4.537520379411781
1.08852364475201,0.5067983,0.5817253177828632
0.94890510948905,0.79463977,0.15426534327277197
6.52452025586354,7.5353794,-1.010859153926499
15.9074982480728,19.233963,-3.3264647646225125
1.001001001001,1.5596895,-0.5586885207885508
8.24742268041237,9.652831,-1.4054083971633133
13.4375997446536,11.691699,1.745900716638463
1.37844611528822,4.7890487,-3.410602556434192
1.16455696202531,1.254615,-0.09005798720106939
1.50442477876106,2.966096,-1.4616711456163813
12.4558303886925,15.293396,-2.8375656074012507
0.21036527060623,-0.6103688,0.8207340588485701
0.21823472356935,-0.49818173,0.7164164540781544
8.88111888111888,11.194325,-2.3132065659636396
3.32855436081242,5.6371136,-2.3085592103545722
4.3026706231454,7.160785,-2.8581145750662698
0.16583747927031,-0.27844086,0.44427834216436823
2.86944045911047,3.0864768,-0.21703634371545766
0.74733096085409,0.77146804,-0.024137082473241533
24.4753910721098,22.858927,1.6164642990385119
0.20836341881047,-0.1033762,0.31173962109575976
0.22109400589584,-0.050917957,0.27201196287392265
0.9054895302773,3.368114,-2.4626244643210886
8.30753353973168,11.059552,-2.752018652956309
11.3430127041742,12.852908,-1.5098954302862495
0.89874176153385,1.0770596,-0.17831786504543468
1.05026256564141,2.0674508,-1.017188196153634
5.87463078437807,8.379107,-2.504476690902692
19.3320662503394,19.796013,-0.46394662807857046
3.35392762577228,4.9423356,-1.588407979849058
0.96979155055177,1.4456019,-0.4758103896032593
18.824360937684,19.510841,-0.6864804319449078
23.2495881383855,23.052618,0.19697011165210299
0.13666854742649,-0.7110919,0.8477604234564583
1.49193548387096,1.7355788,-0.2436432915349238
0.94345803577278,1.5091925,-0.5657344309630599
2.67204921184159,5.851228,-3.1791790253105097
18.7795524777542,16.234728,2.544824618257131
3.43213728549142,10.147711,-6.715573514679479
0.77469335054874,0.9074698,-0.13277645850658837
4.53865910223483,5.2016687,-0.6630096370840173
0.09874667679453,-0.8206103,0.9193569615998278
5.45722713864306,8.470614,-3.013387294645514
0.50496049426721,0.4312153,0.0737452080123272
1.46648044692737,3.2673347,-1.8008542527033673
1.18031404784487,1.2558799,-0.0755658311529328
2.28384991843393,3.1156645,-0.8318145636827694
13.8259833134684,17.65741,-3.8314263545003495
0.71958623791319,1.5961797,-0.876593485826434
6.35838150289017,8.779131,-2.4207494327787753
15.210355987055,13.271982,1.9383737940618353
7.03703703703703,12.787209,-5.750171520091876
0.41878423052252,-0.73887396,1.1576581891101665
1.22316311692755,3.5127368,-2.289573680405214
4.18668496911462,9.2800865,-5.093401548219364
13.6727272727272,16.800388,-3.1276610634544415
3.3765797740953,6.402735,-3.026155459211585
12.6016260162601,19.583824,-6.982198141454743
0.71572846228154,0.1608756,0.554852858724907
5.08305647840531,5.578993,-0.49593636522261964
9.95594713656387,6.950482,3.0054652449317896
16.2765078490773,10.990143,5.286365026811676
24.072265625,24.949322,-0.8770561218261719
17.3380035026269,18.90533,-1.5673271553320838
29.1370208859306,31.500338,-2.363316714777408
0.68716715341006,0.7065745,-0.01940734619702622
12.3893805309734,11.548668,0.8407126232585558
2.5230397340988,2.8634286,-0.340388858583085
1.19277707217405,0.76542896,0.4273481118507163
10.4568527918781,6.5356574,3.921195386024829
17.1597633136094,16.260733,0.8990306628525637
2.54345399457821,2.8634286,-0.3199745981036748
11.253622155717,9.320292,1.9333296828776447
1.76991150442477,2.2007797,-0.43086817201260796
1.12243581473358,1.2235597,-0.10112392247192536
23.953488372093,25.099909,-1.1464204566423533
10.9773515609059,9.357927,1.6194242385182047
7.47238466536712,8.762112,-1.289726998451239
1.242456514022,0.85294765,0.3895088616820648
0.82135523613963,1.3806641,-0.5593088740440858
7.64604810996563,7.3778753,0.26817278190166505
3.1675547661338,5.987377,-2.819822400614247
37.6,26.536755,11.063245391845705
23.076923076923,22.614365,0.462558452899561
0.92861288450377,0.6174748,0.3111380901159526
33.3333333333333,22.793428,10.539904912312792
28.6713286713286,24.272253,4.399075634829575
4.88997555012225,8.623822,-3.7338466620969886
3.83693045563549,5.1410093,-1.3040788751140218
7.77777777777777,15.38516,-7.6073826683892225
15.7894736842105,24.285278,-8.495804636102
8.71794871794871,7.7363553,0.9815934132306925
32.0588235294117,23.44787,8.610953274895095
19.5390436876505,15.70432,3.8347237337320443
24.2579908675799,18.58776,5.67022994228693
1.47013368364114,1.5907457,-0.12061200384360116
1.11362043454559,1.5424436,-0.4288231985339388
8.03331842576028,8.573757,-0.5404387458705795
30.2308685824991,31.91222,-1.6813514187216043
24.2009132420091,24.138426,0.06248741498273347
0.28161081385525,-0.21801725,0.49962806415470373
10.0,10.288049,-0.28804874420166016
6.63478780633592,8.544318,-1.9095303928217948
10.102385603655,8.693143,1.409242712724824
7.24002885705452,9.940209,-2.70018053167839
6.25,6.827721,-0.577721118927002
7.61245674740484,8.974183,-1.3617263351757263
6.71140939597315,5.567081,1.1443284213942926
3.91304347826087,6.827721,-2.914677640666132
8.42105263157894,8.974183,-0.5531304510016266
1.93861066235864,5.1076436,-3.1690329419199244
5.8282208588957,7.4328327,-1.6046118589998075
12.7906976744186,6.571497,6.219200710917624
3.25238508239375,4.978924,-1.726538715213672
4.00546199362767,5.455714,-1.4502522321413727
4.86824475212148,5.7752066,-0.906961813735454
7.13765477057538,9.129185,-1.9915299523250107
6.70876658137804,5.8753033,0.8334633129454225
6.58896658896659,5.1435375,1.4454290676042856
7.75121928925393,7.70509,0.04612924332497492
10.5270311597403,7.964768,2.5622632268484544
8.33333333333333,8.287865,0.04546864827473662
7.16084922634041,6.273899,0.8869501479712696
7.27358788261281,7.645303,-0.37171488990916224
10.2788586251621,8.124923,2.1539358727817284
6.61566156615661,8.842195,-2.2265329910333316
10.8108108108108,8.287865,2.522946125752206
5.75850642528085,3.8196216,1.9388848623230865
6.93909962738989,5.718205,1.2208946522617161
5.83700440528634,6.2734785,-0.43647410270926557
6.24499599679743,7.4547415,-1.2097454811688788
5.66581569628592,5.58159,0.08422552065725775
6.32193494578815,6.3259945,-0.0040595457889986974
4.52134377368022,3.6686156,0.8527281940751177
5.80645161290322,5.830089,-0.02363747935141891
6.15183246073298,6.1217546,0.03007781443171087
4.64461646727656,6.105226,-1.4606095726099149
7.45526838966202,7.5843906,-0.12912225059676885
5.12465373961218,5.54987,-0.425216274578494
6.78385739044318,5.9482627,0.8355946989453775
2.72358126176091,7.707279,-4.9836979435613555
4.62468249102216,6.8025904,-2.177907879156063
5.91471801925722,5.755641,0.15907703567567744
6.60346940091571,7.8193107,-1.2158412642149052
2.85769453562463,4.16194,-1.304245562184208
2.53164556962025,5.5180182,-2.9863726760767717
3.92548236859614,4.0050564,-0.07957401262944597
3.32769317540891,4.837302,-1.5096090325378673
4.4350580781415,7.2795978,-2.844539681105326
5.16690856313497,8.294165,-3.1272560944578034
5.53571428571428,6.2853594,-0.7496450969151143
3.91451068616423,3.5177274,0.39678331113371224
7.68049155145929,4.8650985,2.8153930750493776
9.46717411988582,7.233054,2.234119958814043
9.89399293286219,3.69145,6.202542813843635
13.9557266602502,8.129627,5.826099432466997
6.84931506849315,6.6112103,0.2381047222712258
6.1550759392486,8.54237,-2.387293903280697
2.67874349585662,2.751913,-0.07316957482209085
3.55329949238578,5.6801434,-2.126843863937462
4.86815415821501,7.1604652,-2.292311082263506
2.79141104294478,3.3320417,-0.5406306974727006
3.14234054492175,3.806981,-0.6646405418092072
5.84562996594778,8.277194,-2.431564057184544
6.51844365841334,9.191491,-2.67304746860082
5.91849272987917,5.1394362,0.7790564849145705
4.21809595363314,5.110064,-0.8919680760604631
9.16666666666666,9.0498,0.11686674753824278
5.64800806858295,4.8898764,0.7581317029213288
7.91519434628975,7.0762067,0.8389876621772014
3.90206579954093,5.7808332,-1.8787674447828007
2.48702422145328,2.4784021,0.008622083696932403
2.3941605839416,2.1753778,0.21878273817743965
2.98507462686567,4.858571,-1.8734964256855995
5.53608969866853,6.784778,-1.2486884194650152
3.3033033033033,4.5170755,-1.213772235331954
4.29553264604811,6.244831,-1.9492984391569683
6.58793488669007,7.254709,-0.6667738802471854
6.79012345679012,4.8898764,1.9002470911284988
5.19480519480519,6.6112103,-1.4164051514167335
2.25563909774436,3.9052057,-1.649566628879175
4.25316455696202,4.3582172,-0.10505268241786325
7.1113074204947,6.016856,1.09445122695222
1.64945496270797,2.2860873,-0.6366323118434216
1.25484966052376,2.422857,-1.1680073856035593
2.3076923076923,4.849728,-2.5420357997600926
4.69295101553166,4.468712,0.22423916250431652
6.97329376854599,5.0722537,1.9010400644749454
4.63819691577698,3.9653344,0.6728625003411892
2.91296185505332,2.5822153,0.33074654591025343
3.2631837536849,2.6887262,0.5744575669325807
1.78268251273344,3.0939486,-1.3112660899429516
3.19917440660474,4.63172,-1.4325456594658168
3.72050816696914,4.693142,-0.9726337702867194
5.8390979900866,4.7044063,1.1346917286425082
7.87119856887298,5.6334023,2.237796221308283
5.35362651788644,5.8653297,-0.5117032245452009
8.17268531088786,7.731369,0.44131629233317327
7.51560843444457,7.543819,-0.028210516208505787
1.00056422794809,1.4165294,-0.4159651890898739
0.70208728652751,1.6149174,-0.9128301109715745
0.57655768852781,1.6751114,-1.098553724474204
0.96116878123798,2.5721042,-1.6109354343839684
3.5444357571019,3.7063942,-0.16195843845474078
2.34009360374415,2.5092762,-0.16918254791295428
6.57054730650599,3.5483613,3.0221860050838707
4.26649288917851,2.8479087,1.4185841539032413
2.54262460642785,3.2815394,-0.7389148337271791
4.62640952682053,4.7570195,-0.13060999298537812
5.69603045133224,5.434738,0.2612922921525529
8.70083432657926,8.659231,0.0416031406661741
1.2310652785316,1.4914187,-0.26035344076008693
1.77914635189462,2.9900906,-1.2109442567021818
2.53946465339739,4.7440047,-2.204540073012522
3.81818181818181,5.5387936,-1.7206117456609635
3.62358809563778,4.558057,-0.9344687357220831
2.13840344252217,2.5066984,-0.36829492745768855
3.35548172757475,4.3220983,-0.9666165275827208
3.70044052863436,4.7581315,-1.057690975424478
7.43596805287799,6.2336187,1.2023493166109
8.349609375,7.821851,0.5277585983276367
7.18038528896672,7.6310754,-0.4506900932659459
11.9807206793665,8.691323,3.289397399032028
3.32778702163061,4.0913568,-0.7635697326723685
8.48484848484848,11.822338,-3.337489619399566
6.43878734330995,4.667568,1.7712191365228405
8.2741116751269,4.86049,3.413621829851021
5.91715976331361,6.433729,-0.5165694084393193
9.9027268378249,7.6328425,2.2698842970839337
9.00194765094295,6.622838,2.3791096306182435
5.17352599664559,6.224941,-1.0514147801793614
8.37209302325581,7.321621,1.0504720820937
8.26361966945521,6.2961464,1.9674732766329441
4.74333983105913,4.7064037,0.03693609875932502
6.04026845637584,5.069231,0.9710374230506451
3.43213728549142,4.5474606,-1.1153232705388536
6.03478878239261,5.7179604,0.31682842472659445
7.52908966461328,6.4206324,1.1084573022475572
5.41237113402061,5.385435,0.0269360296504928
6.63114268798105,7.3039436,-0.6728009460521527
10.4,8.891684,1.5083164215087894
1.3550135501355,3.8903527,-2.5353391758471657
6.99300699300699,6.1408486,0.8521583563797925
8.39160839160839,7.625271,0.7663375481025305
3.5756853396901,4.5177608,-0.9420754139414917
3.93939393939394,4.4807544,-0.5413604360638238
10.576923076923,5.4390655,5.137857620532619
7.17948717948718,6.1846323,0.9948548781566133
15.0,8.104757,6.895242691040039
4.85036119711042,6.0348268,-1.1844655584132617
5.30821917808219,6.429653,-1.1214339896424192
8.33590912603353,5.2110133,3.124895808925375
7.51499104431119,5.181641,2.3333499424740314
6.99165175909362,5.718168,1.273483977263786
8.80690991281885,8.227329,0.5795806586684602
11.8721461187214,7.491445,4.380701054176722
11.7752540346682,7.5870824,4.188171648651354
4.23478056137091,3.8278093,0.4069712275696409
12.7177161702566,9.025312,3.6924037465505446
9.47368421052631,8.213402,1.260282416092716
1.77797051170858,2.601671,-0.8237004687449112
0.59171597633136,1.3335905,-0.7418745311759642
10.5608157319737,9.533178,1.0276374025059258
0.31393470883916,0.48257476,-0.16864005207468885
1.97358197358197,2.0506175,-0.07703548285418726
3.71695513929604,3.9981394,-0.28118424211265136
5.21934146590098,4.4964414,0.72290010161265
0.41381792011514,0.81133467,-0.3975167494748563
3.7446092353003,3.9383523,-0.19374311111998788
5.33938607868569,4.656595,0.6827908485831511
13.055805580558,10.175354,2.8804515766517493
0.31924351410328,0.9076638,-0.5884203080707923
0.82462891698735,1.6351756,-0.8105466687594152
3.68942731277533,3.715354,-0.025926652983947474
10.7886309047237,8.429124,2.359507026244696
0.83175492053034,1.6351756,-0.8034206652164252
1.47727272727272,1.5420134,-0.06474067948082007
3.96997497914929,3.76787,0.2021050298084699
3.68779994948219,3.16351,0.5242898653299681
4.14261460101867,3.478685,0.6639296988275083
4.26929392446633,3.4031527,0.8661412202274388
1.19284294234592,1.8362776,-0.6434346617571685
3.80886426592797,3.1003463,0.7085179390999672
4.48130725427085,3.2099373,1.271369920210181
2.92165989897989,5.20289,-2.2812300203011158
9.28440045546115,8.312744,0.9716563148361494
8.41071774037531,8.423553,-0.012835726421565496
0.55995365900753,1.2593538,-0.699400097897072
0.66533599467731,1.0924647,-0.4271286907627535
1.01522842639593,1.712119,-0.6968905568728079
11.7271407837445,8.953752,2.773389219718622
6.8334937439846,8.162927,-1.3294329299045602
9.27258193445243,8.024432,1.248149752140419
0.50748377979058,0.123837665,0.3836461150671837
6.09137055837563,7.757642,-1.6662712339217336
4.46247464503042,8.347803,-3.885328470814307
0.1963190184049,0.17771004,0.01860897700112954
0.29927052808778,0.62989664,-0.3306261126898079
5.16458569807037,7.4388742,-2.2742885466195712
5.30570995452248,8.77224,-3.466529730536114
0.52221994675404,1.1156768,-0.5934568139194829
0.34345819469786,1.0724902,-0.7290320206036537
5.9313725490196,7.564889,-1.6335164051429976
2.37184391736801,2.526574,-0.1547299790400709
0.22347174163783,-0.25596744,0.4794391798588078
5.74632095304835,7.1697555,-1.4234345057834368
2.89818065751675,3.5469992,-0.648818558562962
4.50530035335689,5.5984774,-1.0931770102295362
0.09083954867087,-0.6077186,0.6985581355925619
0.24854510184287,-0.470949,0.7194940960025684
3.7062937062937,4.4845204,-0.7782267290395519
1.50059737156511,1.6157769,-0.11517952491163563
0.61289047054171,0.6009825,0.011907983340019301
0.20423741051719,-0.36419553,0.5684329361633997
0.26613167376351,-0.25658822,0.5227198943598235
0.59422750424448,0.90523565,-0.3110081439107324
6.75954592363261,4.6653914,2.0941544784726975
6.62431941923775,4.643944,1.9803756326166564
0.41396590228225,0.9953992,-0.5814332747921824
0.68959547579202,1.5059288,-0.8163332790144986
1.39071217591073,3.069523,-1.6788109201738648
6.55715449361933,8.122515,-1.5653602311121153
7.48026858287195,6.748707,0.7315617652449973
0.08526111215597,-0.72012603,0.8053871449852547
1.66271347248576,0.8566902,0.8060232445003779
0.95656161960296,0.85765636,0.09890525993041366
4.6712802768166,4.9577403,-0.28646003003764786
6.20276257492833,6.0929117,0.10985085465245081
4.36817472698908,4.7071323,-0.3389576124884588
0.52363532027831,0.7754242,-0.2517888621366986
3.17782803695327,2.0411143,1.136713706661522
3.39233038348082,4.02684,-0.6345098264801177
0.56139725539119,0.53186303,0.029534221619675116
0.15850890610351,-0.9444395,1.102948376871485
0.50466170558549,0.77655685,-0.27189514389418534
1.83024479524136,4.992331,-3.162086232743259
2.32727272727272,5.0476055,-2.720332787253647
1.05278304036068,1.7493821,-0.6965990978915784
0.241503468868,-0.25414562,0.495649091121418
1.19601328903654,1.444191,-0.24817768996736622
1.49779735682819,2.0117345,-0.5139371287980308
2.28587166069953,3.3638024,-1.077930772314386
6.494140625,7.116643,-0.622502326965332
6.04203152364273,7.8590136,-1.8169820337913523
6.34610970851503,8.127208,-1.7810980475274505
0.54116737533822,0.174917,0.366250377786302
4.11167512690355,2.1543589,1.9573162630729835
7.2189349112426,6.386611,0.8323239264403535
0.9408387816935,2.1750505,-1.2342117153615537
4.48434753693411,3.4281735,1.056173994911405
1.45385587863463,1.0863267,0.36752916030424676
0.60637337117791,0.78689253,-0.18051916212439711
9.06976744186046,8.740073,0.32969423781993257
3.13201387471944,3.2374663,-0.10545246057719071
2.1117608836907,1.6378785,0.4738823465126605
0.70997515086971,0.8249,-0.11492482061542797
0.62166962699822,1.320787,-0.6991173259741921
12.8,8.386718,4.413282203674317
8.39160839160839,7.09789,1.2937184914008704
10.3174603174603,7.2769547,3.040505666581394
9.42552459580323,6.749311,2.6762136254968336
8.73287671232876,7.007441,1.7254356684750007
0.66262267212734,1.3384045,-0.6757818641199134
0.57627910598863,1.3090323,-0.7327532149876274
3.70639534883721,2.9209971,0.7853982060454618
9.57378107846303,8.754527,0.8192539864830497
11.4155251141552,7.655623,3.7599021550182368
0.14508339113336,1.5303364,-1.3852529888715228
5.30787422265043,4.2864885,1.02138568963041
5.95537499193912,5.3884583,0.5669167399859951
4.1385948026949,3.38562,0.7529746855074002
4.62542565266742,5.0545216,-0.42909590800152575
4.01960784313725,4.2841434,-0.26453560473872617
4.3447792571829,4.144134,0.20064521253568302
2.06398348813209,2.1518278,-0.08784432406273401
2.20285074802685,3.1769798,-0.9741290321702936
0.03557874762808,0.09579325,-0.06021449959482039
14.2259414225941,16.761015,-2.5350735157603914
6.51411699575567,9.364788,-2.8506710596642515
13.9209522827991,18.290537,-4.369584597694065
13.1487889273356,19.746126,-6.597337247591158
0.89615181866104,0.81401604,0.08213577452117793
1.84563758389261,1.9940461,-0.14840850814077622
8.26086956521739,11.3392105,-3.0783409450365156
16.3157894736842,19.746126,-3.430336701242556
19.1176470588235,14.593101,4.524546511032973
15.3473344103392,13.545556,1.8017783419187907
31.5950920245398,29.21096,2.384131636356205
21.3790112749349,16.588257,4.7907544389974
5.02958579881656,3.3650808,1.6645049653815018
5.4935238945958,3.6273813,1.8661425698277334
7.5,7.008227,0.4917731285095215
14.6596858638743,16.199194,-1.5395080905934737
18.8612099644128,16.403385,2.457824802059285
22.9716981132075,18.68519,4.286507912401834
23.9483747609942,18.950275,4.9980993398516205
13.1099781500364,13.973304,-0.8633256448244406
0.59339103925091,0.6928737,-0.09948267710346015
3.77622377622377,6.4450045,-2.6687806869720307
7.48026612171347,8.363722,-0.8834557258207099
5.27982602195113,7.845891,-2.5660649768892023
0.55775458798128,0.49782512,0.05992947206216681
7.7048490585884,8.4166355,-0.7117864547172639
5.66904453091223,7.636682,-1.9676375026265882
16.4176417641764,16.432955,-0.015313024031609501
0.44047522831972,0.52449477,-0.08401953886930585
0.78797874289902,1.7196174,-0.9316386238917514
12.7702161729383,13.5888815,-0.8186653196764464
0.83999011776332,1.7196174,-0.8796272490274515
3.06818181818181,6.3663297,-3.2981478517705827
5.81317764804003,8.906035,-3.0928577752387785
3.20788077797423,5.772269,-2.564387994151014
4.82173174872665,8.262205,-3.440473375174717
9.85612635858941,9.256521,0.5996051336138244
1.39165009940357,4.6251454,-3.233495335929682
8.74307479224376,8.397227,0.3458475049512799
7.17999504827927,9.063307,-1.8833117601924094
7.82410617014955,11.016503,-3.19239716389586
18.7614960147149,18.80659,-0.04509311187201348
1.92572214580467,3.3243203,-1.3985981705100272
20.2892242213194,18.959291,1.3299327631895181
0.84958486194246,1.8958026,-1.0462177551305991
1.35363790186125,1.9502892,-0.5966513475589159
12.4604012671594,16.576902,-4.116501122366968
19.5936139332365,16.942053,2.6515610920499775
1.50731158605174,2.088076,-0.5807645286028009
1.78187403993855,1.9498897,-0.16801561994304182
12.5118934348239,11.575288,0.9366056159152087
28.2964388835418,23.338465,4.957974146603323
16.6666666666666,24.78826,-8.121592839558986
10.2739726027397,11.577764,-1.3037909546943816
27.498001598721,25.92653,1.571470760708305
0.91218603456028,0.3980507,0.5141353389025499
18.5279187817258,21.071344,-2.543425593884553
19.0669371196754,21.24971,-2.182772963332411
1.11656441717791,2.3473332,-1.2307687756474073
1.15343849367167,2.2145755,-1.0611370354268408
29.7956867196367,25.571873,4.223814008455058
29.3077311773623,28.300226,1.007504965814448
1.77657177964366,2.0072863,-0.23071453055226288
1.65289256198347,1.9972856,-0.3443930424934587
29.3300653594771,25.26259,4.067474951151905
1.36157337367624,2.3892164,-1.0276430493584279
13.4275618374558,11.819245,1.6083164990158583
0.95675468809797,1.5345749,-0.5778201781968908
10.4820198928844,12.322566,-1.8405461395252676
2.00331583310306,2.18864,-0.18532428454220362
15.906949352179,12.130792,3.7761576880554646
27.8854846810647,27.251062,0.6344222878762231
1.16782006920415,1.3882973,-0.2204772502080814
1.15328467153284,1.5836759,-0.4303911898258026
14.3710021321961,12.957481,1.4135207479187564
28.4512964260686,26.166422,2.2848745358098093
3.003003003003,2.1476803,0.8553227204102267
14.0320733104238,12.495879,1.5361941371449905
13.8397701883179,11.509212,2.3305586480957317
8.1453634085213,9.420734,-1.275370996996278
3.56962025316455,2.5160968,1.0535234227965078
0.61715696358773,0.17054364,0.4466133227357555
6.01769911504424,5.964356,0.05334316945708206
6.54761904761904,6.3252444,0.22237462089174542
15.3846153846153,18.01857,-2.6339545616737627
22.4150141643059,20.370352,2.0446623729240656
21.3339222614841,18.452324,2.8815983479098826
0.31554790590935,0.051192988,0.2643549181991125
0.3728176527643,0.11967518,0.2531424709582125
14.4055944055944,17.815393,-3.409799042281577
9.97132616487455,7.9023304,2.0689957663149805
6.82492581602374,8.306045,-1.4811187625285065
0.40150126560181,0.44518837,-0.04368710772544526
3.44332855093256,4.817473,-1.3741443837903402
1.37999209173586,1.2267839,0.1532082200851641
15.7764212132773,19.10129,-3.324868535868207
0.51781404080622,0.15035748,0.3674565559887151
0.55682934818211,0.10938087,0.4474484771245997
5.88568194680249,6.2171335,-0.3314515752312017
16.4602683178534,16.887411,-0.42714279970030944
12.9764065335753,17.502274,-4.525867025995012
1.48156217658913,1.6539919,-0.17242976104819907
2.74684055629291,2.5295894,0.2172511416963525
16.0854939284542,12.133562,3.951931840441503
35.4466467553624,26.69474,8.751906459952245
5.7369814651368,6.7974305,-1.0604490501525063
1.42681975253594,1.6959136,-0.269093800701975
19.5900577217575,19.743832,-0.15377391276398455
16.4538714991762,20.615442,-4.161570776824778
0.34229828850855,-0.24706446,0.5893627448522007
4.79364326375711,5.178397,-0.38475391489279254
6.77455284020179,5.4957514,1.2788014592813797
16.3687043444828,14.43848,1.930223967285535
16.106333072713,15.02151,1.0848229485064564
12.792511700468,13.298149,-0.5056374084187194
1.16204002582311,1.2881018,-0.1260617665124002
1.2723373838456,1.4095768,-0.13723938979789363
7.1874880208533,6.6233745,0.5641135587256141
5.81772956539763,6.4305983,-0.612868693574538
0.34941131788834,-0.33694953,0.6863608451519814
14.3067846607669,12.527879,1.7789058994753955
1.05744668211251,0.9278351,0.1296115752628395
9.30766161213088,6.3307824,2.9768791986482146
6.9238065128043,4.1435046,2.7803018932059116
5.43773790103317,4.120529,1.3172087262284826
44.4576877234803,41.998375,2.459312784515454
1.39419833595682,3.465182,-2.070983730006925
11.7052023121387,13.299259,-1.594056873652315
18.6084142394822,18.832378,-0.2239641479689709
14.074074074074,17.376421,-3.3023469006574455
1.12929886021611,0.81791186,0.31138699688908367
15.0543152852621,12.447574,2.6067416234579
29.64996568291,29.223442,0.4265236052732817
26.8363636363636,29.105242,-2.268878139149095
17.1418978872395,14.157531,2.984367102632568
2.19418960244648,2.3993535,-0.20516390173442822
29.2682926829268,25.829203,3.4390900309492594
1.12408887327654,1.5380808,-0.41399193822400937
14.8172757475083,14.626295,0.19098065778661955
14.5374449339207,14.711588,-0.17414297196308937
16.8273202974387,15.467248,1.3600723344870396
33.10546875,33.043354,0.062114715576171875
34.4133099824868,34.016895,0.39641468829734805
27.0828551755795,32.802193,-5.7193375124087815
0.67369816113534,0.1533019,0.5203962664705756
5.38071065989847,6.3935723,-1.0128616705763838
8.04733727810651,13.417354,-5.370016351959409
1.07638335193749,2.1897893,-1.1134059432590433
5.45817300840815,8.53448,-3.076307086501518
1.95954487989886,3.027448,-1.0679030590202074
0.70958585988904,0.9504959,-0.2409100388345623
12.6744186046511,16.303335,-3.628916585168236
8.63089165476433,8.373941,0.2569502332555409
3.31384015594542,6.207124,-2.8932840773004296
1.31345402910898,0.45694575,0.8565082819719103
0.82135523613963,1.0196309,-0.19827567282643443
3.09278350515464,6.2092557,-3.1164721901883774
3.87803433984606,6.451815,-2.573780788480356
15.2,20.08281,-4.882809448242188
8.91089108910891,7.489436,1.421454939511742
1.6260162601626,1.5313532,0.09466302491784906
12.5874125874125,19.132889,-6.545476206532813
9.32896890343699,9.527852,-0.19888315497365383
2.49564712710388,1.5031302,0.9925169295788554
20.6349206349206,19.132889,1.5020318409752882
13.9860139860139,17.983725,-3.9977106081023113
19.0709046454767,8.938176,10.132728490386366
15.819209039548,14.3582325,1.460976541379054
2.62216924910607,2.417527,0.20464228873314516
0.63880755922278,-0.3938009,1.0326084735103471
1.82815356489945,0.9511831,0.8769704842262322
19.109947643979,17.963617,1.1463303191499001
7.19424460431654,7.7848544,-0.5906098077623172
6.4516129032258,8.0572195,-1.6056066020842588
19.4444444444444,17.706503,1.7379415300156893
14.9773499433748,10.308718,4.668632215713668
12.1883656509695,6.803382,5.38498373110866
14.9230769230769,9.0936365,5.829440410320553
28.235294117647,18.408792,9.826501621919462
11.3175094599243,15.595603,-4.278093529272477
9.07534246575342,16.643532,-7.5681893335629855
1.15717487056641,1.6144155,-0.4572406558236657
1.23043376684058,1.6044148,-0.3739810538305015
5.70960047704233,7.9220824,-2.2124819471214883
11.2447529867613,18.691387,-7.446634189752372
16.2100456621004,17.849897,-1.6398517225431561
1.37989298789073,-0.06763942,1.4475324058370687
10.0,15.524017,-5.524017333984375
19.1273161984459,14.8626585,4.264657697774513
4.44413334945371,4.9615116,-0.5173782624847663
20.1355250953313,16.39062,3.744905817377198
12.8027681660899,15.157199,-2.3544307398549247
15.2631578947368,15.157199,0.10595898879197563
4.70588235294117,3.1431043,1.5627780381370933
6.7043618739903,4.4295444,2.274817425137761
27.6073619631901,14.7142725,12.893089464105628
3.55594102341717,3.5290952,0.026845850535090143
1.20619025944469,1.2658408,-0.059650509369396865
1.16123269316659,1.3647988,-0.2035660910893915
18.6453022578295,15.436224,3.2090782740648507
0.23953399749578,0.54423594,-0.30470194725214483
2.8049728049728,2.677568,0.1274048461410131
5.96553998028244,5.127448,0.838091898312225
2.53151653131265,5.0674076,-2.5358910767195764
0.13739594277863,0.31892657,-0.18153063002105263
0.30541811740272,1.1685436,-0.8631254597914939
14.5116092874299,14.081243,0.4303667260895683
0.312937494853,1.1685436,-0.8556060823412139
2.72727272727272,2.1301596,0.597113110802383
4.395329441201,4.8706794,-0.47534993730852104
5.62592853233247,4.649911,0.976017605513622
3.75692520775623,3.545505,0.21142016091174742
4.95196593047439,6.449647,-1.497681019293676
16.2739774021196,15.347511,0.9264661106156922
16.6715031921067,15.458321,1.2131825744309204
0.2703224560726,0.9491971,-0.6788746574413465
21.1611030478955,15.988521,5.172582425642084
0.31496062992125,0.89283377,-0.5778731394001917
0.5837173579109,1.0215105,-0.43779312392351166
4.09134157944814,6.455695,-2.364353572834575
18.6717998075072,15.626232,3.045567660290402
24.3804956035171,16.132893,8.247602994874523
0.20556305004175,0.32660452,-0.12104146527235218
22.0812182741116,16.189999,5.891219647402615
12.3732251521298,15.526674,-3.153449118500083
0.49079754601227,1.8021243,-1.311326715843809
0.46137539746867,1.8594569,-1.3980814993132513
22.6730987514188,17.297863,5.375235744827002
20.6164729661445,18.722324,1.8941485948066088
0.50686053655539,1.1526244,-0.6457638321122126
0.57958570355264,1.1232522,-0.5436664498439664
16.2254901960784,16.432095,-0.206604377896209
0.80685829551185,1.2169164,-0.4100581464055695
0.38270187523918,0.38709044,-0.004388569325639358
3.44299923488905,5.136128,-1.6931287138719364
0.41447913788339,1.1074001,-0.6929209218166221
7.90930506478209,5.543518,2.3657869983758397
12.4460070316423,16.601639,-4.155631762303013
0.54786620530565,0.13708094,0.41078526768167234
23.9663629992992,16.983456,6.982907341340216
6.01340568145547,6.0655046,-0.052098869478367504
2.5062656641604,2.6844482,-0.17818257802710002
0.48101265822784,0.66637313,-0.1853604754315228
7.95053003533569,10.583301,-2.632770555179447
0.21992732836106,-0.49556136,0.7154886896739262
0.16670708050436,-0.47302032,0.6397273956746481
8.67132867132867,10.267721,-1.596392504818791
3.35483870967742,2.8753467,0.47949204906340626
0.2007506328009,-0.0645832,0.2653338300369611
0.62171209947393,0.33269054,0.28902156249806943
0.38750494266508,0.20111726,0.18638768042085546
8.14574589851202,11.9476385,-3.8018926131456947
0.17329234831762,-0.32697806,0.5002704059405295
0.14739600393056,-0.33359918,0.480995183913699
2.74476513865308,1.61385,1.130915141132633
10.423116615067,10.734534,-0.3114176485438396
6.44283121597096,10.801648,-4.358816923982653
0.54469197668718,0.67405754,-0.12936556659056053
0.57995268047781,0.83143544,-0.2514827614930152
5.63669182802756,3.979807,1.6568849280031461
18.0966603312517,14.570945,3.5257155451799242
1.05913503971756,1.7031662,-0.6440312066966245
0.30096979155055,0.8932949,-0.592325079302874
12.6281069619507,13.203686,-0.5755787985473475
8.01070840197693,13.356617,-5.345908571900024
0.13541470754184,-0.7653812,0.9007959245447087
1.82400379506641,0.8284572,0.9955466183810768
2.43726659241302,1.1874639,1.249802712827754
10.8804306036139,10.362637,0.5177940374517913
11.0875311813544,10.349714,0.7378169021795955
6.70826833073323,8.766307,-2.058038546403001
0.41962556488056,0.34568253,0.07394303328532992
0.5218012866333,0.447786,0.0740152832820885
2.73699543834093,2.0439699,0.6930255687272826
1.55461894562288,1.9114044,-0.3567854256387166
4.86725663716814,7.6575785,-2.790321831154614
0.22871740034456,0.0024329796,0.22628442070121513
1.1908525661292,1.5810378,-0.3901851936516838
0.63893420337139,1.076421,-0.4374868190437712
24.1954707985697,18.42014,5.775331485825561
0.08758079636848,-0.723315,0.8108957969025377
3.51552476263792,2.4656806,1.0498441634252735
16.3349347975291,14.340916,1.9940191175974604
7.6,13.049688,-5.449688339233399
5.60684908510995,4.2641935,1.3426555502588755
12.1951219512195,12.021732,0.1733896208972343
0.16246596996575,0.28157762,-0.11911164696425794
4.31893687707641,4.1872,0.13173680764891937
2.99559471365638,4.5090055,-1.5134108329134444
2.86422473147893,5.4095335,-2.5453087691924567
21.923828125,15.849116,6.074711799621582
27.8458844133099,17.078894,10.766990751810877
13.3578150103282,15.774638,-2.4168231656361563
0.16566348224639,0.40587956,-0.24021607488633095
1.72588832487309,2.7132392,-0.9873508680895564
10.2958579881656,12.737895,-2.4420370237362548
0.28703556051666,2.047454,-1.7604185582119776
3.63878200560543,4.474545,-0.8357629963782127
1.07458912768647,-0.6041354,1.6787245217828446
0.37414527157786,0.38094905,-0.006803778610204592
11.3953488372093,12.959692,-1.564343164133474
2.72393389104264,3.8702133,-1.146279379144738
1.55945419103313,2.048843,-0.4893887159187742
0.65127294256956,1.2745291,-0.6232561568948565
13.6,14.830883,-1.2308830261230472
12.5874125874125,12.630236,-0.042823084584570736
11.1111111111111,12.668033,-1.5569215350680992
12.2222222222222,12.352054,-0.1298314200507491
13.5338345864661,14.4410925,-0.907257904683803
1.28205128205128,3.120904,-1.8388526867597552
7.64705882352941,13.473445,-5.826386115130258
11.9023047815617,12.671215,-0.7689102758113471
9.30365296803653,13.232325,-3.928671632183196
0.43080132910903,0.9189148,-0.488113465812845
0.5100848843548,0.8895425,-0.3794576356914341
3.54241204531902,4.088556,-0.5461437675166732
10.1630610268001,15.136346,-4.9732848365421845
13.4703196347032,14.180427,-0.7101069628920147
3.1679617453676,3.992362,-0.8244002770323022
0.94749635700695,1.524827,-0.5773306464720539
3.48088220138101,4.729556,-1.2486738822981893
1.25758889852558,1.5202745,-0.26268562139476903
0.75102412380518,1.179243,-0.4282188447540851
3.2774945375091,4.0781837,-0.8006891134613592
0.13972816520587,0.631989,-0.4922608370219132
0.4040404040404,0.18433575,0.21970465071875234
0.8833726161018,1.3551263,-0.47175364560932065
0.71765945156138,1.6148039,-0.8971444586940521
0.18325087044163,0.8887547,-0.7055038550146078
2.66212970376301,3.1413636,-0.4792339169950468
0.23058552252326,0.8887547,-0.6581692029329778
0.71726438698915,1.3284477,-0.611183312557664
1.16506372664008,1.3905236,-0.22545982625451222
1.07952857284341,3.19026,-2.11073136062827
3.57799772269422,4.219458,-0.6414603804857117
3.79022376991036,4.2425056,-0.45228178047416145
5.86357039187227,4.7727036,1.0908667442587445
6.25601539942252,4.2254076,2.0306077990196876
0.21198689535555,0.024749044,0.187237851026622
4.82233502538071,4.4094644,0.41287066609726253
3.24543610547667,4.897518,-1.6520820524823145
0.41104294478527,1.3462883,-0.9352453786171349
0.29303572541929,1.6612037,-1.3681680166079926
7.15096481271282,5.23863,1.9123349947501733
6.51844365841334,7.3279243,-0.8094805931430562
0.31230800737251,0.6464179,-0.3341099084485654
0.25759364602339,0.61704564,-0.35945199492204455
4.33006535947712,4.8116417,-0.48157633363811403
0.36043829296424,-0.109717466,0.4701557589013776
5.81639803784162,5.130052,0.6863459481504579
1.54484519629747,1.966354,-0.42150881619184877
1.56641604010025,0.6493754,0.9170406610147093
0.60759493670886,0.5833161,0.02427884898608168
3.75441696113074,2.2510204,1.5033965296121852
0.17211703958691,-0.5206961,0.6928131431597555
0.13942774005819,-0.38392642,0.5233541614620749
1.46853146853146,1.2082583,0.2602731973141139
1.0179211469534,0.17153408,0.846387070620354
0.19770660340055,-0.0477594,0.24546600221856604
0.096961194892,-0.4687433,0.5657044893694627
2.01238390092879,1.1037389,0.9086449969294614
0.39817646719372,0.90586627,-0.507689798103216
1.38660978011158,1.4339833,-0.04737354584667197
6.04127070323106,4.3961306,1.6451401414024467
2.19107079750265,2.9214268,-0.7303559755686391
0.10406871042567,-0.7830229,0.8870915909798692
0.4696394686907,-1.2775356,1.7471750264375872
0.60276485618816,-1.2173411,1.8201059215949593
2.12418300653594,1.0971205,1.0270624830831814
2.54663241371607,1.5249,1.021732454151861
0.23671185711211,0.32251194,-0.08580008408242429
0.70533215777973,-0.23336259,0.9386947430858976
0.1752509950692,-0.01901695,0.1942679445291104
0.08819756254008,-0.95590514,1.0441027019863385
0.43623299974339,-0.7082295,1.1444624819173097
2.2878059940517,2.1769586,0.11084743310809664
1.36363636363636,2.2322328,-0.8685964454304125
0.8129691359505,0.34035122,0.47261791200488235
0.20637569157811,-0.10744868,0.3138243737670977
0.96345514950166,0.6593855,0.3040696471632506
1.23348017621145,1.0954189,0.13806124615773907
0.90884053979619,1.5532575,-0.6444169255663589
3.90625,4.025218,-0.11896800994873047
4.90367775831874,4.6826854,0.22099238310511726
2.24852071005917,2.6784513,-0.4299305896081882
0.81231295425395,1.4155445,-0.6032315556337453
0.25803122177783,0.3656717,-0.10764047250088704
3.13953488372093,2.473054,0.6664809515309886
1.11201795551928,1.1515765,-0.03955856349317122
0.38484310242747,1.4972458,-1.1124026861467486
3.52941176470588,2.7349732,0.7944385724909142
1.75438596491228,2.4113855,-0.6569995712815677
1.71232876712328,2.7633364,-1.051007652935924
0.27432192257167,0.33485973,-0.0605378062415014
0.24530799781948,0.3054875,-0.06017951572269528
0.62984496124031,0.7153486,-0.08550364010093758
2.21989021633839,3.762774,-1.5428837742927137
5.85774058577405,6.650752,-0.7930114817918676
2.3970576070149,2.3095732,0.08748443349195067
7.52086983407193,7.80708,-0.2862099579507751
0.22758306781975,0.63655406,-0.4089709945467356
7.42898761835397,6.9115624,0.517425175574429
0.09617652929754,0.4982068,-0.40203026496439237
0.6060606060606,0.72487086,-0.11881025451602967
2.22834496582072,2.2188973,0.009447623138835404
2.50773046994461,2.4785757,0.029154763462676314
0.18935923278968,1.4907372,-1.3013779669936452
4.64371497197758,5.130154,-0.48643916086543726
0.28823190315408,0.9061772,-0.6179453195746493
2.3185988323603,2.0104856,0.30811318325141324
1.31722293750619,3.4756136,-2.1583906565489857
4.11228869230095,4.450142,-0.33785321443733096
4.46250080608757,4.560952,-0.09845138049690227
4.32510885341074,5.0911503,-0.766041430402737
4.04234841193455,3.8380246,0.204323795693095
0.11656441717791,0.24227235,-0.12570793003392777
0.12469605336991,0.5802823,-0.4555862175384457
2.92281498297389,3.479829,-0.5570140899783804
2.47599797877716,5.9540873,-3.4780892786080937
0.17919311898423,0.41211677,-0.23292364699172216
0.17172909734893,0.32143357,-0.14970447661232794
3.31699346405228,4.047859,-0.7308657278422515
0.13696655132641,-0.6915662,0.8285327801929872
3.78416257883672,4.3512373,-0.5670747182213853
1.66613469518033,2.4289994,-0.7628647288003829
1.41342756183745,1.1623003,0.25112721355558976
0.09562057754828,-0.73087865,0.8264992286904004
0.06971387002909,-0.5941089,0.6638227495952826
0.9090909090909,1.8538269,-0.9447359713641171
0.88172043010752,0.2775137,0.604206717462943
0.13048635824436,-0.3050439,0.43553026421779445
0.05157510366595,-0.5908411,0.6424162181869766
1.18679050567595,1.1414077,0.045382777480759584
0.14715217265854,0.62771237,-0.48056019630660896
0.37742041352149,1.2859155,-0.9084950804436589
3.50257941895194,4.510025,-1.0074456054621224
2.54446931322888,2.6805985,-0.13612918416186703
0.04137671619334,-0.96295005,1.004326767024181
0.33681214421252,-0.8277762,1.1645883378312945
0.32758959575443,-0.76758236,1.095171952684209
1.89350249903883,2.3640854,-0.4705829368284795
2.01794556759373,2.5904098,-0.5724641881130572
0.15422136145183,-0.082098715,0.23632007645913514
0.46383256027906,-0.096893646,0.5607262061020619
2.06489675516224,0.5264353,1.5384614395532616
0.03564427018356,-0.39928278,0.4349270534534422
0.03577243795332,-1.0405117,1.0762841652863888
0.16251817637498,-0.26374462,0.42626279884392837
1.28117135666895,3.177241,-1.8960697302908889
0.94545454545454,3.2325156,-2.287061028047047
0.44125758411472,0.4519514,-0.010693830231974955
3.466796875,4.7207675,-1.2539706230163574
0.11044232149759,0.31474534,-0.20430301527342137
1.11675126903553,0.9744865,0.14226479881305676
4.14201183431952,3.1364996,1.0055121909937146
0.2471695104449,1.6709479,-1.4237783989102635
1.76713695311386,1.7008991,0.06623782896835229
0.12901561088891,-0.03631617,0.1653317821774003
3.60465116279069,2.471893,1.132758090662394
0.45484080571799,0.06078614,0.3940546664979907
3.92156862745098,2.9702737,0.9512948943119417
4.05251141552511,4.0182133,0.03429814343038373
0.16613862916312,0.44285992,-0.2767212887159846
0.15185733198349,0.41348767,-0.26163034082229614
0.84600477042337,1.1015428,-0.25553806004385415
4.33484016790442,5.2579293,-0.9230891571993398
4.10958904109589,3.485461,0.6241280444680823
3.76569037656903,5.7930007,-2.0273103215205697
10.344191255544,8.451302,1.8928896808369693
5.44676904050293,6.8885427,-1.4417736116271973
6.81818181818182,8.034251,-1.2160693948919103
8.30449826989619,7.1071787,1.1973195818468731
7.21476510067114,5.721162,1.4936032583249483
7.53623188405797,8.034251,-0.4980193290157606
6.84210526315789,7.1071787,-0.26507342489142616
3.32271279016841,4.656746,-1.3340331204761213
11.6533139111434,7.8958254,3.7574885250960364
4.71083528408369,5.7907605,-1.079925233036671
5.41569541569541,6.526559,-1.1108634603421876
10.3993784399626,9.172622,1.226756712972854
14.4510516837133,9.810924,4.64012810735832
10.2564102564102,11.538436,-1.2820256795639207
16.6666666666666,11.538436,5.128230730692479
3.5803766265255,4.7710896,-1.1907129273075077
7.87978742899028,8.64851,-0.7687225502577668
8.97577092511013,8.654609,0.3211621986086648
6.08486789431545,6.8251657,-0.7402978542807412
10.0551758214609,8.357935,1.697240869678673
9.52460383653044,8.901844,0.6227598118722373
6.46627936347562,6.2779493,0.1883300302847024
8.86247877758913,8.337444,0.5250344721692084
8.37696335078534,8.462944,-0.08598067997637848
8.53467823911173,8.626855,-0.09217665743367931
10.4373757455268,8.185058,2.252318105451117
10.0069252077562,8.698699,1.308226210258642
9.9282000495172,8.372973,1.5552266074395629
15.0143607011983,10.688728,4.325632368678768
8.70193570990628,8.21469,0.4872455014712216
9.62861072902338,7.4800515,2.148559211536808
9.14586960727413,8.187458,0.9584115689440527
6.34920634920635,10.360582,-4.011376002478221
6.55737704918032,5.8718624,0.6855146376812966
12.6142595978062,8.383993,4.230266449002489
6.4105039582931,6.0962286,0.3142753587447604
14.3851508120649,10.348314,4.03683652678658
8.0168776371308,7.110681,0.9061965801544822
6.12109115103127,5.3543377,0.7667534587705278
7.44500846023688,6.471065,0.9739434158338041
7.91974656810982,7.995194,-0.07544739017265112
9.69521044992743,8.717656,0.9775543143683478
10.3571428571428,8.476852,1.8802904401506133
3.037120359955,3.3401494,-0.30302904266340835
6.26728110599078,5.9835086,0.28377251910723533
10.4662226450999,9.695761,0.7704619181711898
8.12720848056537,4.996053,3.1311552617238174
6.06352261790183,7.4244094,-1.3608867715940196
7.4074074074074,7.6250343,-0.2176269248679903
10.958904109589,8.624913,2.3339908939517926
5.35571542765787,7.469722,-2.114006366470548
5.07483779790582,4.5302205,0.5446172893303807
6.34517766497462,5.887972,0.45720578692286207
7.5050709939148,7.406325,0.09874613048096226
2.06134969325153,4.163061,-2.1017114487162436
2.74954797680653,4.6092496,-1.8597016150208625
7.9455164585698,8.117986,-0.17246926683303165
9.24709449216776,9.202197,0.044897417277622864
4.62318246979316,5.6043296,-0.9811471162358929
4.08929913062144,5.3431377,-1.2538386104674268
7.6797385620915,8.3445835,-0.6648449492610391
4.63943519919314,5.49355,-0.8541146245678464
6.1973986228003,7.357639,-1.1602402131066825
2.47260668973471,2.738067,-0.2654602219626776
2.08759124087591,2.489925,-0.4023336668084161
8.18763326226012,7.220509,0.967124209983508
5.74632095304835,6.836947,-1.0906260112155657
4.1041041041041,5.170475,-1.0663709019994156
6.47193585337915,8.448247,-1.9763111024924322
14.7973188637089,11.229141,3.568177628357338
2.5062656641604,4.5047474,-1.9984817265866703
3.24050632911392,3.9689183,-0.7284119944029257
3.22438162544169,3.6698105,-0.4454289080818694
0.6980302161025,1.4060972,-0.7080669575882959
1.21241513094083,1.6741399,-0.4617247263513453
2.72727272727272,2.3083298,0.4189429066397854
3.34289127837515,5.2328954,-1.8900040959229458
5.04451038575667,5.516564,-0.47205350660783196
3.85132463424278,3.3904886,0.46083600967002614
1.71023043756318,1.564185,0.14604541425537976
2.3706190632165,1.8030648,0.5675542400658653
0.56593095642331,3.7695825,-3.2036515535711967
1.90918472652218,2.5733192,-0.6641344701788698
2.35934664246823,2.044438,0.3149087571838063
3.50236941009859,3.8484871,-0.3461177286495789
4.0876428319001,5.2906337,-1.2029908465361796
0.6871042567864,0.96978676,-0.2826825064048232
1.11480075901328,2.756802,-1.6420013230484876
0.66173098342396,2.816997,-2.1552660678150537
1.39369473279507,1.8808529,-0.4871582049032943
5.45813321419263,3.128995,2.329138272481204
2.80811232449297,2.181057,0.6270553481746108
5.1179972742271,3.5019252,1.6160720442008545
3.883160194733,4.0258517,-0.1426915317989823
3.41293887007663,3.4418597,-0.02892085206082129
0.78822716731632,0.586729,0.20149817723834762
0.66717988196048,3.3669713,-2.699791372388275
1.28117135666895,2.959891,-1.6787197241873733
1.6,3.3631163,-1.7631162643432616
2.65234178277656,4.7959604,-2.1436186435540066
1.65978747694739,1.1922752,0.4675123104358543
4.38538205980066,4.7626286,-0.37724649549719125
6.43171806167401,5.423487,1.0082308752421252
6.08647755439273,6.915305,-0.828827583241547
5.078125,6.556662,-1.4785370826721191
3.59019264448336,5.957795,-2.3676024986440813
5.06082166628414,6.0693555,-1.0085338215393467
7.05596107055961,7.9927516,-0.9367905277985447
4.65890183028286,5.504452,-0.8455503982632822
12.1212121212121,13.5132885,-1.392076376712705
11.5688331768733,4.4606614,7.108171765587899
11.2690355329949,6.9159293,4.353106215520535
7.10059171597633,5.255966,1.8446255294528928
19.6539626853771,10.412183,9.241779877454736
12.1181891596598,8.772358,3.345831218985971
7.40549606502386,7.1654773,0.2400187891754717
8.48837209302325,6.4168863,2.0714857633723707
9.00836563966537,8.502348,0.5060176934983787
6.40025990903184,6.969807,-0.5695472389478962
7.38255033557047,7.20154,0.18101034228433743
6.55226209048362,7.452232,-0.8999697935190651
7.13525026624068,7.1014266,0.03382366483076815
6.98151950718686,7.373503,-0.3919837009735403
6.70103092783505,7.0061283,-0.3050973833221766
8.82178804026051,8.785371,0.03641721353931793
12.0,7.648199,4.351800918579102
1.8970189701897,4.312992,-2.4159731257575654
9.79020979020979,4.9456167,4.844593068102856
11.8881118881118,6.6319337,5.256178198994368
3.69487485101311,3.0239856,0.6708892266997557
5.92734225621414,7.765336,-1.837993780467989
9.77443609022556,6.6449556,3.1294804551547593
3.12820512820512,7.2236333,-4.095428161132038
3.23529411764705,6.103253,-2.86795877007878
4.54076367389061,4.988899,-0.44813555706642116
5.82191780821917,4.9540143,0.867903506919121
11.4133374546016,6.694996,4.718341574474646
7.92773148508683,6.433804,1.4939274499000623
7.85442754919499,7.765336,0.08909151251286129
6.88569583467872,6.226932,0.6587637858811126
5.70776255707762,6.498108,-0.7903453530786297
5.02092050209205,5.6424656,-0.6215450893386141
1.02512869787656,1.8116785,-0.7865498309091457
4.33886426878285,6.2402515,-1.901387272354845
1.3009540329575,1.472822,-0.17186791795497558
0.2730996813837,0.6463391,-0.3732394370969824
4.44282592862345,4.2745814,0.16824449628092086
0.03447837842742,0.18079071,-0.14631232904156652
0.41181041181041,0.19170795,0.22010245799971817
1.05639090380836,1.1825929,-0.12620196499657155
0.81959971456726,1.3787718,-0.5591720673541267
0.10995052226498,0.8533077,-0.7433572017340434
2.88230584467574,3.1924467,-0.3101408640034591
0.09058716956271,0.8533077,-0.7627205544363135
1.06962464098247,3.2998137,-2.230189106423536
5.20276780239993,4.462238,0.7405299674695103
4.4689495066744,4.573048,-0.10409860810221172
5.74746008708272,4.880277,0.867182930252886
4.90856592877767,3.8453918,1.0631741784419768
0.06748466257668,0.67143464,-0.6039499783077195
0.07481763202194,0.8363016,-0.7614839927529928
6.46992054483541,4.952925,1.516995339604697
5.00252652854977,8.610178,-3.6076514652246443
0.19967233258242,0.5872002,-0.38752789181714664
0.17172909734893,0.213446,-0.0417169088299259
5.55555555555555,4.204975,1.350580427381722
0.14417531718569,-0.31228638,0.456461694138815
4.90539593552908,4.565716,0.3396801457341585
4.81448763250883,2.5541556,2.2603320443588055
0.07908264136022,-0.22822566,0.30730830466454895
0.06189012439915,-0.5232847,0.5851747980899459
0.04913200131018,-0.6661483,0.71528030624945
0.42444821731748,-0.4333026,0.8577508284300746
2.218782249742,1.6629543,0.5558279192976641
1.4519056261343,2.3262274,-0.8743218003946307
0.11983223487118,-0.15550458,0.27533681918361896
0.11829880547059,0.24595475,-0.12765594649779377
0.90252707581227,0.9359057,-0.033378619149277866
3.76052131414607,5.4025397,-1.6420184159259517
3.01566733419719,3.037598,-0.021930560471389082
0.32732447817836,-0.58456475,0.911889223604538
0.06814432250197,0.090256415,-0.02211209280555182
0.44083259861233,0.13373998,0.3070926205373025
0.04455533772945,-0.22966819,0.2742235228443105
0.02405388069275,-1.3422576,1.3663114995968637
0.35069711744076,-0.687534,1.038231092088282
2.5623427133379,3.9112115,-1.3488687772932035
1.43636363636363,3.4365294,-2.0001657616008472
0.541979423967,-0.030505462,0.5724848855853043
0.49833887043189,0.95578414,-0.4574452715854745
3.564453125,4.3244066,-0.759953498840332
1.65680473372781,3.166591,-1.509786195303562
0.7600589045651,1.5250983,-0.7650394192569215
0.1419171719778,-0.024693578,0.16661075045947418
2.32558139534883,2.529316,-0.20373455313749833
0.87737196490512,1.3039856,-0.42661363079800496
2.94117647058823,2.911117,0.030059393714450877
2.54557963536291,2.967766,-0.422186411161138
2.45433789954337,4.237861,-1.7835232569202533
0.1178425160343,0.3185046,-0.20066208568269522
0.12849466552449,0.0068774875,0.12161717799914609
0.51990161001788,0.8439942,-0.32409259021176473
2.46206005812076,4.873019,-2.4109591603240643
3.19634703196347,3.3059726,-0.1096255441778875
22.115959354453,19.036528,3.0794317207860082
5.22363841146413,5.5338497,-0.3102113047223938
22.7687313202102,20.125435,2.643296444721919
15.2249134948096,17.637337,-2.412423236147431
0.3690036900369,0.40750608,-0.038502388444774216
16.8421052631578,17.637337,-0.7952314677992298
5.88235294117647,3.6511028,2.2312501598806938
7.10823909531502,4.78226,2.325979154213946
32.8220858895705,19.056185,13.765901120893744
4.55333911535125,4.037094,0.5162449991403122
1.34274010013654,1.3241165,0.018623631706974564
1.16123269316659,1.1128551,0.04837761637673399
21.4129643117261,17.916357,3.4966072713208263
0.27219772442702,1.0609938,-0.7887960661995059
3.1080031080031,3.2081208,-0.10011771490339427
6.74836611975477,5.718679,1.0296871684913427
3.21383669169866,4.329053,-1.1152162334112035
0.16972439990301,0.6328076,-0.4630832125161184
0.4153686396677,1.4577684,-1.042399800578882
16.4931945556445,16.689745,-0.1965503936963202
0.40352466441571,1.4577684,-1.054243775830872
3.06818181818181,2.2675116,0.8006702119653792
5.02919099249374,5.1456876,-0.11649658761490223
6.34920634920635,4.924919,1.424287220788381
4.65720221606648,3.8684936,0.7887086590901617
5.71456868376745,6.724655,-1.0100864675997379
19.5059998248226,18.419285,1.0867150042659581
19.4783001225253,18.530096,0.9482040684481525
0.38617493724657,1.0112668,-0.6250918903367431
0.66533599467731,0.27019423,0.3951417622134733
24.5863570391872,18.688013,5.898343962404972
0.35995500562429,0.7847802,-0.42482519867182206
0.61443932411674,0.75943387,-0.14499454143044022
4.75737392959086,5.6002803,-0.8429063552907321
20.7892204042348,17.58686,3.2023597474965193
27.1782573940847,18.478704,8.699552941570051
0.25052996723838,0.21845375,0.03207621722407489
23.6040609137055,21.33804,2.26602151551214
13.1845841784989,16.748655,-3.564071140714967
0.52760736196319,1.8266683,-1.2990609005184994
0.52995822682212,1.5166597,-0.9867015098111808
25.9931895573212,19.507038,6.486151440866124
22.9408792319353,19.815102,3.125777608400142
0.67581404874052,1.2154318,-0.539617760684834
0.71911559514865,1.3889357,-0.6698200900091259
19.3300653594771,18.507034,0.8230310577192874
0.90771558245083,1.2145602,-0.30684456864932874
0.44010715652506,0.6299303,-0.189823160876826
3.82555470543228,5.4194226,-1.5938679210630813
0.62171870682508,0.7589549,-0.13723617579668512
8.66313309776207,6.7875094,1.8756236563863382
14.6659969864389,16.667261,-2.0012641372183264
0.67762399077277,0.2705171,0.40710687994818506
26.7694463910301,19.666668,7.102778452797679
6.81774656878391,6.510655,0.30709164248386145
3.57142857142857,3.5622091,0.009219442095073749
0.53164556962025,0.55286515,-0.021219577970387205
2.38938053097345,1.4119748,0.977405743261353
11.7491166077738,13.577688,-1.8285716093892859
0.24861350162554,-0.272575,0.5211884926133177
0.18489330746847,-0.5929689,0.7778621885986885
10.1398601398601,11.0289345,-0.8890743388996665
4.20549581839904,3.6592526,0.546243174813835
0.25312036309679,0.28900573,-0.03588536347906146
0.71736011477761,0.2897577,0.4276024160032722
0.46263345195729,0.33111376,0.1315196962543176
10.1678748569248,11.914908,-1.7470335521938516
0.22486745198357,-0.33358046,0.5584479161082496
0.1842450049132,-0.38580132,0.5700463202208172
3.08432371250707,1.8937446,1.1905791246088158
12.125902992776,12.450788,-0.32488455147448825
7.53176043557169,11.031983,-3.5002229399776263
0.64818345225774,0.68821394,-0.04003049217737964
0.67516879219804,1.0006938,-0.3255250058671455
6.31768953068592,4.872968,1.4447213338170233
20.1873472712462,16.817272,3.370075084966903
1.32391879964695,1.843722,-0.5198031861700056
0.36785196745067,0.6607027,-0.2928507379326308
14.7838379078807,15.0965395,-0.31270158949478777
9.80230642504118,12.742829,-2.9405228977737607
0.14043006708043,-0.64281243,0.783242497939042
2.08728652751423,0.84516245,1.2421240762469874
2.88934023455415,1.2696075,1.6197326906088376
13.7254901960784,11.297851,2.427639587252717
13.0272906660709,10.675516,2.3517745375308614
8.26833073322933,10.145799,-1.8774679499371736
0.48059680080338,0.39818016,0.08241664385719777
0.59328091493924,0.5456983,0.04758262983639572
3.07049488250852,2.3112783,0.7592165393078365
1.78262972431424,1.7872112,-0.004581455419036429
0.09115077857956,-0.69694555,0.7880963266371162
5.89970501474926,8.805309,-2.9056042809050373
0.27327273807402,0.0603508,0.21292193627829897
2.86312849162011,1.9219179,0.9412105762758718
1.28569923068816,2.1882489,-0.902549642068798
0.73409461663947,1.2935015,-0.5594068796755325
26.9368295589988,23.09041,3.8464193264548534
0.1097843785464,-0.915504,1.025288357275648
3.78923958600633,2.6088057,1.1804339295732245
18.0736673530084,17.985565,0.08810216746152477
8.81818181818182,13.730677,-4.912494832819156
5.98335691503393,4.4708266,1.5125302892099555
0.35168195718654,0.23828535,0.11339660936721169
14.6341463414634,14.345298,0.28884852804787187
0.19759374725564,0.21055749,-0.012963743331594502
4.61794019933554,4.647579,-0.029638993779694367
3.08370044052863,4.3285437,-1.2448432224962724
3.35995593500413,4.659522,-1.29956612157546
23.876953125,18.356121,5.520832061767578
29.6847635726795,20.840576,8.8441874008045
14.8611429882947,16.122387,-1.2612439440783465
0.19879617869567,0.070125125,0.12867105334710205
1.97969543147208,2.6550317,-0.675336249588711
11.3609467455621,14.986347,-3.6254004529242287
0.44649976080369,1.9474728,-1.5009730499415492
4.28008170633224,4.9499407,-0.6698589751252797
1.32743362831858,-0.21658504,1.5440186684110482
0.49025932137788,0.37730837,0.11295095269501865
13.1395348837209,14.022231,-0.8826962182688458
3.44827586206896,4.2956014,-0.8473255058814795
1.81936322287199,2.9700413,-1.150678052152424
0.82889283599763,0.65365225,0.17524058523087582
18.4,16.971182,1.4288181304931626
3.36633663366336,0.7827094,2.5836272139360346
12.5874125874125,14.835657,-2.248244532338477
13.4920634920634,15.014722,-1.5226583783589636
12.7777777777777,14.694529,-1.9167508019342137
13.5338345864661,16.807413,-3.2735785147301897
1.79487179487179,3.0132704,-1.218398583241003
9.70588235294117,15.570938,-5.865055757410392
13.656690746474,15.01369,-1.3569992483380116
10.958904109589,13.929188,-2.9702836650692035
0.53125724441696,0.9038736,-0.37261637800048997
0.61521688342029,1.0773774,-0.46216055512493703
3.93559928443649,4.249744,-0.3141446540095547
11.8582499192767,15.0108595,-3.152609570164218
15.296803652968,16.66056,-1.363756954942156
0.28161081385525,-0.16666646,0.4482772768727137
14.7368421052631,17.541008,-2.804165890342368
9.14524805738195,13.435191,-4.28994309709803
10.1526557260214,10.378563,-0.2259072012246932
10.7518293311347,14.587377,-3.835547263408756
8.23863636363636,10.383122,-2.1444860805164723
14.5328719723183,16.068062,-1.5351898562949806
5.53691275167785,5.6827073,-0.1457945580450506
10.7246376811594,10.383122,0.3415152370065684
12.1052631578947,16.068062,-3.9627986707185805
3.39256865912762,7.09439,-3.7018212563386887
9.20245398773006,13.049032,-3.846578223573651
5.81092801387684,5.9494166,-0.13848862354381453
3.73236231224396,4.6995277,-0.9671654282345554
3.3497096918267,4.913205,-1.5634954549628506
17.6984705025491,16.17838,1.520091443711209
3.85431977788665,3.920887,-0.06656721552155309
6.68997668997669,7.4641256,-0.7741489432630564
10.0814165301019,10.707683,-0.6262660794562063
13.058547691053,11.548284,1.5102641140876685
6.41025641025641,6.472675,-0.062418436392760235
5.70349046419575,4.5584497,1.1450407190175271
10.2871568318081,10.647897,-0.3607399348544984
13.3214440121054,11.632013,1.6894306911825492
12.6372637263726,14.839396,-2.2021327503730053
14.9253731343283,12.756834,2.168539104176933
17.5725824055883,17.669725,-0.09714301250252078
6.75675675675675,6.472675,0.28408191010758
3.01058756970823,3.7935522,-0.7829645905548315
2.50315855969677,3.6328816,-1.1297230816911696
5.49752611324903,6.3963623,-0.8988361914384697
4.16710735060814,6.14978,-1.9826724459922014
7.38240877452014,10.338065,-2.955656372879762
11.6740088105726,10.867366,0.8066429734754319
2.7797475535385,2.0207179,0.7590296942703114
12.3899119295436,15.239019,-2.8491074643772976
10.3225806451612,13.984493,-3.661912610454035
6.97521205632875,6.3963623,0.5788497516412496
12.6001113538053,14.846274,-2.2461630221102276
3.03964757709251,3.341056,-0.30140853138222123
6.36363636363636,7.134759,-0.7711225856434254
11.976647206005,11.017859,0.9587877470816597
11.0381077529566,10.43381,0.6042975188867761
7.88077797423591,8.264925,-0.38414702881584795
11.8166383701188,10.568284,1.2483543353897968
12.3036649214659,10.612552,1.6911132323179512
10.1884431933693,10.329171,-0.14072798735579717
7.15705765407554,6.7247996,0.43225802104941735
10.7513850415512,9.704515,1.0468695843978804
11.6365436989353,10.471829,1.1647142845676246
12.3303951668812,12.516932,-0.18653636693227682
15.7221686958045,16.31683,-0.5946609855919842
7.42778541953232,7.206468,0.22131731421615797
12.5819500627702,11.346883,1.235067242640806
16.3764751402592,16.42764,-0.05116577465779315
11.4285714285714,13.617705,-2.189133916582408
6.55737704918032,5.350889,1.2064878432477029
9.87202925045703,10.336831,-0.46480184237744204
5.13612666537941,5.5035253,-0.3673985917311855
10.6728538283062,10.074123,0.5987304457378411
7.59493670886076,6.490655,1.1042817634872248
5.78842315369261,5.0294313,0.7589918106139963
6.71178793006204,6.0280194,0.6837685018088662
17.8986272439281,15.863478,2.0351495370189205
5.49783549783549,5.598256,-0.10042061330952912
17.2541743970315,15.327193,1.9269811368386272
21.1901306240928,16.957834,4.232296380318385
10.1785714285714,11.051286,-0.8727143151419785
5.08436445444319,5.6458273,-0.5614628389528065
7.09677419354838,6.08778,1.008994194769083
16.2702188392007,13.637984,2.6322345633828306
4.59363957597173,4.3217435,0.27189608765996276
22.3291626564003,16.975739,5.353424131009675
16.2037037037037,17.456022,-1.2523185588695434
9.58904109589041,13.040385,-3.4513441503864453
16.7066346922462,17.300709,-0.5940740785057521
4.31682405087685,4.449561,-0.13273706820274
13.4517766497461,14.966756,-1.5149792172582952
18.4584178498985,16.642672,1.8157462648154912
5.14110429447852,7.4019074,-2.260803149521724
5.70484444167342,7.250933,-1.5460887286451834
36.8615209988649,24.205887,12.655634158044585
38.9590702374936,27.184378,11.774692567205513
6.01576899447061,6.4627333,-0.44696427426718266
5.09820757754642,6.6906567,-1.5924490844408847
25.7516339869281,21.499073,4.252560958363645
6.65658093797277,5.9583225,0.6982584129483556
15.547703180212,13.140386,2.4073175524654182
3.38691159586682,4.145639,-0.758727346851686
12.6243305279265,14.063528,-1.4391975329865865
7.18430505664548,6.31772,0.86658512027463
12.5088339222614,12.858143,-0.34930893052180245
19.5580110497237,18.564127,0.9938840813399104
4.77220299884659,5.5359106,-0.763707607537687
4.77372262773722,5.950886,-1.1771631449678583
22.2601279317697,19.357239,2.9028891622384485
30.8339173090399,23.007347,7.826570202106307
7.1071071071071,6.015887,1.0912203235072466
13.4020618556701,13.406948,-0.004886233929509487
15.0335142036386,13.401459,1.6320554634042246
11.1528822055137,10.887675,0.2652069201743448
4.88607594936708,5.481008,-0.5949321034588477
2.36576836041966,3.0151837,-0.649415326790423
7.61061946902655,7.0129013,0.5977181628742061
7.58928571428571,7.786419,-0.1971332005092119
16.4102564102564,13.183139,3.2271175629053275
19.228045325779,14.561438,4.666607718967477
16.916961130742,14.960485,1.9564756723679757
1.69726525148211,2.6651552,-0.9678899208659124
1.97623666343356,2.9643152,-0.9880785125765719
13.6363636363636,14.380721,-0.7443574558605217
10.2007168458781,9.553353,0.6473635362467522
10.2373887240356,9.937244,0.3001443087523974
1.85039713712141,2.9578311,-1.1074340072114757
5.16499282639885,6.2187443,-1.053751451555252
4.66982997232107,4.8313346,-0.16150461859079535
15.623807706982,14.715177,0.9086311246455736
2.2445485115425,2.8936512,-0.6491027354820362
2.49344906649197,3.0975978,-0.6041487709561499
6.31013016411997,6.890192,-0.5800618677403815
18.8338493292053,13.912333,4.921516794415261
19.9637023593466,14.117538,5.846163907198161
5.2018083773626,4.9666047,0.23520366773735546
6.31600207744243,6.0649962,0.251005834919237
13.0374138496882,11.402641,1.634772553301481
19.6307358131957,16.149532,3.4812034950804644
9.53221535745807,8.33402,1.1981956965083622
7.13409876267974,5.8720345,1.2620642129666049
14.7013782542113,16.27403,-1.5726524312135055
15.2182866556836,16.261187,-1.0428999440478446
1.60867657200175,2.256054,-0.6473773525587969
5.6831119544592,7.133536,-1.4504239075097942
5.68695538229705,6.972865,-1.2859097223782427
13.8119953863898,13.382096,0.4298990958014208
21.1921516065378,16.671728,4.520423472382525
18.4087363494539,14.651901,3.7568351043367123
5.36905530449752,5.0228157,0.3462396001518169
4.4674767691208,4.8498106,-0.38233383115996133
11.7683137194771,10.108828,1.6594861285347164
11.7943757341256,10.532699,1.2616771028389788
1.70148120015191,1.9989902,-0.2975089779563054
13.5693215339233,12.397603,1.1717184989501561
4.23869779599596,4.427301,-0.1886031340272334
8.24022346368715,8.54324,-0.30301612981870996
4.13109916745705,4.9608345,-0.8297353357167783
6.29418162044589,6.361022,-0.06684037509854335
15.3754469606674,15.102716,0.27273051474454846
2.58601304250056,7.042754,-4.456741130778249
14.4508670520231,16.430668,-1.9798008251741663
21.5210355987055,21.810827,-0.28979165654352457
18.5185185185185,18.326431,0.19208724410443878
2.07973553066561,2.1215816,-0.041846023747231786
5.14070652638782,6.040544,-0.8998375066627169
8.99107755662319,12.002414,-3.0113361930716334
11.490909090909,13.514915,-2.024006375399594
7.12966737811458,7.924406,-0.7947386735211621
1.98012232415902,3.3722095,-1.3920872247911753
16.260162601626,13.921481,2.3386814691186757
3.03416176341442,3.0516536,-0.01749186016651283
9.40199335548172,7.7889147,1.6130786750007626
11.8942731277533,8.530659,3.3636144058294715
12.7788488019829,10.896572,1.8822766889457903
14.16015625,16.262491,-2.102334976196289
12.3467600700525,14.993023,-2.6462628486486715
14.9759008492081,16.028917,-1.0530164634139698
11.9221411192214,10.151761,1.7703800642287248
3.32778702163061,5.4548316,-2.127044578558599
10.3030303030303,15.918643,-5.6156126947114
6.14059307526644,3.8789084,2.2616846794992282
10.7106598984771,8.279738,2.4309214722686043
13.3727810650887,14.337238,-0.9644572466788777
10.2934141285281,6.8890142,3.4043998844485106
13.0920146311339,10.742217,2.349797567230091
6.875,6.9159713,-0.04097127914428711
9.1254752851711,10.353659,-1.2281833909763602
4.99367888748419,5.948285,-0.9546062153600481
4.59295574764546,5.1175823,-0.5246265735215321
14.5348837209302,15.082065,-0.5471809076708745
12.1607835135686,10.653673,1.5071103415715292
9.74658869395711,10.241493,-0.49490453114054667
6.04026845637584,5.675899,0.36436942759776425
9.3603744149766,10.229406,-0.8690319418349226
2.3264540337711,2.597498,-0.2710439062923764
8.30945558739255,6.3592744,1.9501812000329313
5.14731984380546,5.5214324,-0.37411255594429615
4.24366872005475,5.435646,-1.1919773370741567
10.7388316151202,9.921525,0.8173066135943206
8.07453416149068,6.5909896,1.4835445717995182
7.19360568383659,7.6586647,-0.4650590195325508
16.8,16.317347,0.48265342712402415
2.84552845528455,4.79017,-1.944641737433956
13.9860139860139,15.193106,-1.2070917116179363
7.85597381342062,9.682048,-1.8260740305124852
4.00464306442251,4.79017,-0.7855271282959961
21.4285714285714,15.278282,6.150289263044055
15.3846153846153,15.414057,-0.029441393338801802
11.2469437652811,9.818362,1.4285815292581514
10.9227871939736,9.517602,1.4051852271156893
3.21811680572109,3.9815557,-0.763438894581034
1.51716795315411,2.2892687,-0.7721007789168128
3.43692870201096,4.403317,-0.9663882726289326
11.8673647469459,13.145673,-1.2783080512108391
5.75757575757575,4.688569,1.0690066886670584
8.63309352517985,7.5739207,1.0591727984037274
12.7777777777777,14.076422,-1.298643959893198
10.133843212237,9.938415,0.19542863856756654
9.77443609022556,15.427078,-5.6526421568447525
6.1025641025641,8.51739,-2.4148261485955675
15.8823529411764,14.153969,1.7283841301412437
13.312693498452,14.009156,-0.6964627286598173
15.1255707762557,14.368912,0.756659033091637
6.95077660149911,5.3459845,1.6047921425757705
5.17872439841133,5.252389,-0.07366455575126807
10.176282051282,9.938415,0.237867477612566
15.3454956409428,15.403699,-0.05820328026081256
17.3515981735159,15.280231,2.0713666976858214
2.53449732469726,2.7371535,-0.20265620542358942
13.1578947368421,12.794727,0.36316741140264774
57.9796772265391,60.29365,-2.313974354271444
41.2679524788261,41.144093,0.12385991901165028
63.0603936926723,65.2886,-2.2282034142612943
30.3977272727272,40.22552,-9.827793814919286
61.2456747404844,66.04697,-4.801291812249978
7.7227200843437,10.765469,-3.0427485130684095
20.9731543624161,19.867443,1.105711277699303
35.3623188405797,40.22552,-4.863202247066788
62.6315789473684,66.30457,-3.6729941117136278
39.8058252427184,40.650253,-0.8444280531800388
35.2941176470588,29.634533,5.659584718592001
15.9478435305917,17.10131,-1.1534671993887695
27.4636510500807,28.84361,-1.3799597134691055
63.1901840490797,60.163944,3.0262398046949315
25.5813953488372,21.479795,4.101599892904584
34.9089332176929,30.304087,4.604846532512234
16.59080564406,17.73879,-1.1479848680249596
18.0884323358642,18.353155,-0.26472280024419703
16.875,22.962683,-6.087682723999023
26.1780104712041,28.77256,-2.594549648424806
29.5373665480427,31.32916,-1.7917941422649157
44.1037735849056,39.785805,4.317968836370447
44.9330783938814,41.841476,3.0916019534517147
20.933734939759,22.655348,-1.7216128843376808
27.6632302405498,27.436127,0.22710353156542595
39.618138424821,38.40882,1.2093173188639668
66.788055353241,66.90528,-0.11722571365352508
15.562451231241,15.614262,-0.0518103959562648
27.5291375291375,26.991879,0.5372590196160161
40.6984715629753,37.891624,2.806847112291706
45.9057392368072,39.85462,6.051117349600169
25.6410256410256,28.20112,-2.5600947355613144
42.0930232558139,39.88122,2.2118014845736624
20.1331414177761,18.229467,1.903674025808325
40.5438098243399,38.049606,2.494203501097715
45.6009511456982,40.183907,5.417044590522416
68.3933393339334,65.9671,2.4262372831521475
46.0904433058587,40.91541,5.175034217723933
70.8797205850251,69.1499,1.7298182412750975
32.4324324324324,28.4033,4.0291331007673605
12.8222743069587,12.256525,0.5657492672858488
11.7182564750473,11.000672,0.7175841346542331
20.5546393012033,23.353998,-2.799358883000803
17.7895293495505,20.718943,-2.9294132926614154
31.6705336426914,35.01494,-3.344404711800788
18.8524590163934,22.566023,-3.7135638565314046
34.2511013215859,36.708817,-2.457715206734413
9.82130194298681,8.077162,1.7441401540463808
15.3545673076923,17.53895,-2.1843826587383646
59.0872698158526,60.182198,-1.0949277549481806
45.8064516129032,47.19937,-1.3929197249874221
21.8809190480112,22.079256,-0.198337009728057
64.4010450126343,62.932236,1.4688092948608613
10.2202643171806,10.71495,-0.49468529066852085
20.6818181818181,23.11803,-2.4362123662776014
37.6313594662218,36.867054,0.7643054806260992
34.6419185282523,35.35258,-0.7106624959176244
29.1992927506946,34.356342,-5.1570495649792285
36.4346349745331,37.0076,-0.5729639024200281
35.9947643979057,36.857918,-0.8631533877388335
19.8113207547169,23.16158,-3.350258377363179
39.4675111423879,37.048153,2.4193582188039144
12.7840909090909,20.657255,-7.873164263638593
24.4532803180914,23.466274,0.9870060566167922
22.0858895705521,20.452477,1.6334130690872577
19.8924731182795,19.164202,0.7282713818293054
39.0408587257617,35.730534,3.310325125908186
41.837431693989,37.655586,4.181845451313215
67.5883794189709,66.73125,0.8571324707287147
9.34528163862472,10.058928,-0.7136458973860229
38.5243872245605,36.661465,1.8629225333983896
4.76190476190476,5.867843,-1.1059383891877692
9.01639344262295,10.042135,-1.0257417960245103
40.5367931068634,42.508118,-1.9713245689178507
12.975699220541,15.789343,-2.813643659708024
66.0550056932644,65.126755,0.9282509325222179
64.2584514721919,66.05555,-1.7970981493901377
12.8,14.680153,-1.8801528930664055
23.5213204951856,22.559599,0.9617215724561063
6.4516129032258,8.761983,-2.3103700145598447
33.3091857432628,34.674202,-1.3650162220692295
38.3697273836972,36.807304,1.5624230013729843
41.5539126795926,37.440296,4.113616506496896
68.0515251176887,65.31335,2.738178254895729
28.2539682539682,36.94634,-8.692370399596253
9.75160993560257,9.915053,-0.16344343201217626
16.8032786885245,17.139534,-0.336255308057531
36.1974405850091,35.910084,0.2873568142571443
17.6165803108808,20.900152,-3.283571895540099
14.92566132458,17.139534,-2.213872672002031
17.6042862610026,17.940414,-0.3361281677083383
38.2830626450116,37.530563,0.7524992905194097
18.9873417721519,18.07353,0.9138115750083458
15.0442477876106,18.449442,-3.4051941221794397
16.7664670658682,16.261,0.5054673863027688
9.72404730617608,8.90621,0.8178373604973697
18.6689227298364,18.11341,0.5555117801293683
30.2272727272727,32.53122,-2.3039467551491732
72.4920802534319,63.88867,8.603408378431894
19.0520160049245,16.090754,2.9612624496266484
61.2085769980506,65.96615,-4.757571378414241
15.7575757575757,14.9277115,0.8298642707592929
64.3784786641929,65.8109,-1.43241916295554
16.0,15.873303,0.12669658660888672
28.8571428571428,32.461895,-3.604752131870871
74.833091436865,65.67837,9.15472382211891
77.0802919708029,69.18496,7.89533255918181
37.1428571428571,38.230225,-1.0873674665178967
13.2508436445444,12.910152,0.3406912092416654
21.9662058371735,19.906488,2.059717418594399
49.7621313035204,43.86517,5.896961778373914
24.3816254416961,16.371628,8.009997634078914
73.9172281039461,67.38383,6.533400894473445
65.7407407407407,68.66933,-2.9285860414858575
40.0684931506849,41.157402,-1.0889088878893176
72.8217426059152,68.66901,4.152736258258955
12.7449091025888,11.597864,1.147044951587823
53.8071065989847,57.12508,-3.3179735096578753
58.2150101419878,58.493004,-0.27799370322704675
11.2453987730061,14.945821,-3.7004220354045447
12.581831785024,15.784823,-3.2029916326395735
77.8660612939841,70.56639,7.2996703027731655
78.4234461849419,73.66194,4.761504656621582
17.3202949006758,18.53372,-1.213425115803691
14.6077063432435,16.644297,-2.0365903028746644
70.9313725490196,68.94126,1.990111257515693
27.4193548387096,38.063065,-10.643709736485711
17.6500252143217,18.292925,-0.6428996666597442
43.6749116607773,41.6224,2.052513284312454
8.64906238040566,10.303255,-1.6541927007710981
33.5883703136954,35.18565,-1.5972795581307722
20.4614534401768,19.455826,1.005627634512738
40.7420494699646,39.302338,1.4397118234802235
72.2651933701657,69.46377,2.8014253647946106
11.2384659746251,11.2077675,0.030698488052834705
11.0510948905109,11.341663,-0.29056847008480347
45.5863539445629,38.63752,6.94883410813712
74.7021723896286,70.72317,3.9790049701950068
16.5165165165165,16.001566,0.5149505832889609
38.7743413516609,39.42013,-0.6457903316887084
22.9219143576826,28.499142,-5.577227335432635
46.0900095754867,42.01589,4.074121361375369
14.1975308641975,18.427845,-4.230314137023203
41.5584415584415,41.157402,0.4010395198672825
26.2531328320802,25.247517,1.005616200000123
15.5189873417721,15.313782,0.2052056034908496
5.94527874922855,8.272786,-2.327507391213344
17.8761061946902,20.88772,-3.0116139133420283
18.1547619047619,22.809155,-4.654392605736145
40.0,45.06041,-5.0604095458984375
54.6033994334277,54.134083,0.46931663923824374
53.6660777385159,52.28676,1.3793193156643397
5.56438791732909,5.992647,-0.4282592536914178
23.9699032604801,28.286654,-4.3167502581966595
25.352733686067,29.187262,-3.8345278953538973
50.4746835443038,53.046406,-2.5717222479325272
4.8431822528208,7.393401,-2.550218893114258
5.25885063045586,8.272786,-3.0139355099860348
41.4685314685314,46.95758,-5.489049097874847
30.3584229390681,29.899504,0.45891923118235667
32.1958456973293,33.092052,-0.8962067623875001
5.61228943004276,7.547766,-1.9354767786059215
15.4949784791965,19.970804,-4.475825735281038
14.3614076710162,15.492627,-1.1312194728436626
56.3143838229683,55.45371,0.8606751742866621
7.33810574959255,8.517568,-1.1794618849899692
8.40157222404192,9.164255,-0.7626829181699932
16.4402942840973,19.079487,-2.63919256282653
50.9803921568627,48.83291,2.1474835264916052
49.3647912885662,49.54148,-0.1766897295002039
15.7252573669589,14.615002,1.1102556884921029
21.5246119222113,19.313698,2.2109141072698932
39.3665900886117,38.327335,1.0392547309456859
70.4452891664404,64.07648,6.3688121156591535
24.2718446601941,24.74589,-0.4740450035021908
23.7320254152268,18.415577,5.3164484804123475
57.709977618094,59.12201,-1.4120316592497488
55.8484349258649,59.834904,-3.986468791176115
3.90571124067456,5.7950754,-1.8893641758903814
15.8135673624288,17.78034,-1.9667728322733478
16.8184498460328,18.339443,-1.5209933607543107
43.3583237216455,42.198868,1.159455923793935
57.5077255296176,51.73451,5.773217015213305
41.0296411856474,41.573204,-0.5435628548799443
17.2333405064199,14.75595,2.4773905323598413
15.5396711937097,12.892904,2.6467669120934882
30.6321156131406,27.304031,3.328084241070286
30.3599806536309,26.861164,3.498816560613321
6.793536040825,6.409585,0.3839510417405272
9.87841945288753,16.297155,-6.418735927361494
34.9206349206349,37.24037,-2.3197367834666593
13.2546652030735,11.890909,1.3637560081272113
3.79035320926699,6.1321883,-2.341835110892922
37.905604719764,37.874226,0.031379103308921685
11.2071526168835,13.11741,-1.910257089232223
22.9349561053471,22.001772,0.9331841784672186
5.43806646525679,17.384542,-11.946475999953172
18.0419433027716,17.466919,0.5750243574590996
21.7101685698749,20.489931,1.220237463307516
72.5864123957091,71.43693,1.1494846002989476
5.68922869350123,11.010634,-5.321405728801016
35.2601156069364,36.749283,-1.4891672299776602
52.4271844660194,45.79072,6.636462572708851
40.3703703703703,45.43592,-5.0655503449617285
5.62429071890265,6.486813,-0.8625223494872429
24.8738345736036,25.149288,-0.27545360388663553
50.0114390299702,55.048374,-5.0369351460551925
50.9818181818181,55.570526,-4.588707941228776
33.0583467229429,33.120857,-0.06251051582663081
6.72782874617737,9.051822,-2.323992962501829
59.3495934959349,56.523052,2.8265412803587253
8.35602002283305,8.831955,-0.4759349332216374
32.8903654485049,31.697327,1.1930387883486517
37.3568281938326,32.69522,4.661607246566973
44.8085926741944,39.309326,5.499266502319401
69.7265625,68.18033,1.546234130859375
67.4255691768826,67.98003,-0.5544570682345835
67.580904291944,66.68151,0.8993933666510259
29.92700729927,35.26917,-5.342161554489767
11.9800332778702,16.127373,-4.147339463829018
36.3636363636363,42.13172,-5.768085132945728
16.1312489263013,15.42009,0.7111592046216124
48.6725663716814,51.548042,-2.875475925681883
30.9110137483003,27.438267,3.472746994149908
21.4313324866088,17.22625,4.20508279178458
35.3807106598984,28.010042,7.37066846934664
49.585798816568,52.651157,-3.0653585625823894
33.5114016903205,27.438267,6.073134936170106
41.1334378414327,37.967094,3.1663434200459832
29.2307692307692,34.71165,-5.48088161761947
16.5625,20.804281,-4.241781234741211
33.4600760456273,34.71165,-1.2515748027613753
11.936550710436,9.780994,2.155556295152797
15.8027812895069,18.284582,-2.4818008485546237
17.5332215198038,20.822653,-3.2894312969686617
24.3258749282845,28.62844,-4.302565928649095
60.1162790697674,59.172733,0.9435457628826356
39.6857784125688,35.899277,3.786501679170364
16.4086687306501,15.252646,1.1560222844220718
28.1351526965562,33.30381,-5.168657423072705
17.4496644295302,20.541265,-3.0916010581407
27.4570982839313,33.40981,-5.95271082861753
10.0187617260788,8.849453,1.1693087536666908
10.6894370651486,9.883081,0.8063556289913727
18.9111747851002,19.199787,-0.28861235479237735
11.6666666666666,15.555946,-3.889279683431056
22.707423580786,20.16635,2.541074169775257
18.9563365282215,20.876122,-1.919784992774595
10.2316602316602,10.963031,-0.7313705834643116
18.9596167008898,20.426672,-1.4670552809217234
30.6701030927835,33.753098,-3.0829944413961883
21.7391304347826,24.056293,-2.3171630527662295
13.5198135198135,14.092749,-0.5729351221542736
24.3339253996447,26.782888,-2.4489630128308875
72.0,65.36019,6.639808654785156
15.5737704918032,10.285162,5.288608519757302
2.95964125560538,6.9369287,-3.9772874934790927
25.4777070063694,33.533615,-8.055908105935288
23.5643564356435,21.077694,2.4866624964345156
8.26558265582655,12.217233,-3.951650048336047
57.3426573426573,60.629524,-3.286866888299734
27.3322422258592,32.562813,-5.230570579316581
12.4782356355194,12.711587,-0.23335131669007225
66.6666666666666,60.80859,5.858076731363866
62.2377622377622,62.277424,-0.03966162088038061
36.1858190709046,34.76817,1.417649667828428
31.8267419962335,28.151964,3.674777808611431
13.5876042908224,15.28421,-1.6966059142557253
56.0538116591928,61.998066,-5.944254289293525
5.29677934522225,6.876309,-1.5795295727770178
12.2486288848263,13.672316,-1.4236867127078803
62.3036649214659,61.391884,0.9117810713682459
14.5454545454545,15.091933,-0.5464787049727455
24.4604316546762,24.257263,0.2031684710824493
24.8847926267281,25.603346,-0.71855324424358
45.0,52.065075,-7.065074920654297
40.2038505096262,35.575603,4.628247024518778
22.1153846153846,16.533567,5.581817186795732
24.1666666666666,24.550339,-0.38367207845058715
31.7399617590822,34.97093,-3.230966433056473
49.6240601503759,62.54327,-12.919209960708088
24.376731301939,23.768757,0.6079744354839214
19.5266272189349,22.3008,-2.7741731045514264
31.9487179487179,34.582626,-2.6339083940555383
26.1241970021413,32.937485,-6.8132877390696365
68.8235294117647,61.78127,7.042260338278368
56.578947368421,62.271427,-5.692479786120018
78.7234042553191,63.3564,15.367004719186284
55.2803577571379,53.606056,1.6743015437589932
55.4223744292237,54.340534,1.0818402190186234
25.0695464029055,20.164814,4.904732407544174
20.9134802585468,18.147055,2.7664255863055907
35.1874627310673,35.544704,-0.3572417061885602
61.8582499192767,64.05803,-2.199779255527986
6.28385698808234,6.921262,-0.6374047993322112
66.8949771689497,62.143597,4.751380519779772
6.30550621669627,9.320707,-3.015201104470722
9.18051253168121,8.361888,0.818624599857479
48.9473684210526,53.139168,-4.19179936459193
13.26860841,10.542888,2.725720722316895
1.164822365,1.9678316,-0.8030092466333008
29.61835381,26.086302,3.5320520064111314
10.08984105,8.323333,1.7665082634399418
36.07843137,30.547733,5.530698063115231
27.35849057,25.434177,1.92431317131836
1.430100738,1.6943041,-0.26420337061969
23.5037346,24.353445,-0.8497104531005846
24.79423868,27.890383,-3.0961440867236334
7.37704918,7.984972,-0.6079228201220701
8.987485779,10.812436,-1.8249503248208008
29.75888325,26.381136,3.3777473094482424
33.06544202,29.461346,3.604096347392577
34.00510204,32.9723,1.0328005568457002
1.281085154,1.6516107,-0.37052557807855235
12.2214403,10.730341,1.4910993423583978
26.8,28.7268,-1.9268009185791009
1.46776491,2.079307,-0.6115421693151855
1.088048209,1.6516107,-0.5635625230785521
34.03614458,32.106556,1.9295886412792953
10.53097345,10.476215,0.05475808745117128
12.40208877,14.057456,-1.6553672465405267
7.880724175,8.68337,-0.8026454615356444
0.751476114,2.8897846,-2.138308460508667
11.93693694,13.351853,-1.4149164306665032
28.930131,26.23507,2.6950617250976556
0.519303622,0.7770517,-0.25774806524060057
12.31741019,10.519928,1.7974822114843754
1.484947111,2.0236635,-0.5387164098129882
8.66894198,12.14322,-3.474277967814942
1.093989383,1.7037936,-0.6098042619050903
2.011173184,2.1561606,-0.1449874090328369
2.163275818,2.4915595,-0.3282836874626467
16.47429171,14.261504,2.2127875367211907
24.51394759,23.805323,0.7086249429052742
0.752070735,0.9610143,-0.2089435357824707
16.31336406,17.88209,-1.5687255548681627
10.3125,12.046395,-1.7338953018188477
0.759990194,2.111654,-1.3516638491976318
1.060304838,2.5033247,-1.4430199090855713
3.645401823,2.6033673,1.042034494356201
18.29745597,14.042086,4.255370322416994
34.21052632,35.71385,-1.5033217940136723
2.072788624,1.9895012,0.0832873861307375
6.199654776,8.585343,-2.385688584900879
17.90672282,16.946878,0.9598443867724598
16.67511404,18.829834,-2.1547199443749996
37.80332056,37.833748,-0.03042730376952818
0.293881913,0.16197653,0.13190538185204315
8.166409861,19.522669,-11.356258977500977
5.358977286,7.211662,-1.8526845296433105
0.533444758,0.43122545,0.102219309153183
17.4796748,19.219267,-1.7395920914794907
3.318777293,5.7326145,-2.413837224211914
13.28047572,18.92133,-5.6408537782910155
0.348509184,-0.36515385,0.7136630331249085
16.06840819,21.002361,-4.933953107607422
23.51926394,21.923178,1.5960862208837874
7.031509121,7.719243,-0.687733928621582
0.765631646,0.9135082,-0.14787653080358887
13.94275162,15.000706,-1.0579540989941414
6.528451698,7.024843,-0.49639151794238323
8.96348211,12.4921,-3.5286176519628913
16.71388102,19.723911,-3.010030265400392
9.053981828,12.72594,-3.671957922671387
14.16837782,13.861059,0.30731863115722646
0.33910878,-0.06598157,0.40509034690597534
1.05213935,1.7713294,-0.719190052923584
23.98523985,21.964018,2.021221981958007
0.431485635,0.35156226,0.07992337341857908
6.903820817,7.10398,-0.20015924739209012
6.355932203,8.390886,-2.0349541037626953
0.38548569,0.5549887,-0.16950299227005006
12.61805013,13.496263,-0.8782124203540036
2.962289868,4.1529517,-1.190661849376709
8.748964374,10.407792,-1.658827717369629
4.924578527,5.657333,-0.7327543701862789
2.79466148,4.133274,-1.3386125983691408
0.265052727,0.3463495,-0.08129678057026674
13.62318841,13.437241,0.18594780941406164
16.89291101,15.03533,1.857581191274413
12.68149237,12.602578,0.07891420685302819
11.73285199,25.364235,-13.631382934316406
13.83647799,27.248522,-13.41204381480957
10.07416564,9.471627,0.6025384045874027
0.976042591,3.6627364,-2.686693824863037
3.171247357,7.557203,-4.385955459009521
16.23931624,22.40475,-6.1654345839746085
0.450580002,0.46444464,-0.013864635298584005
6.03156708,6.578343,-0.5467758345812985
3.571428571,6.0242143,-2.4527856967307127
1.209048362,1.6063,-0.3972516343760375
9.73401245,8.729623,1.0043896091186522
1.916832513,1.8420485,0.0747839871897582
28.50318471,24.939396,3.5637888054589837
22.78978389,25.255775,-2.4659915616601573
29.43262411,23.891045,5.54157949330078
3.980099502,30.262854,-26.282754120436522
3.732932482,2.82311,0.9098223783928221
20.90492554,14.529658,6.375267222434083
18.28512397,14.037839,4.24728503414795
11.65048544,9.650216,2.000269337399903
5.455251407,5.703634,-0.2483823782478023
6.991410242,8.7885895,-1.7971792355390628
7.187284036,5.6069427,1.5803413823439945
5.490196078,8.000289,-2.510092885317871
6.41509434,8.424254,-2.009160077419434
7.326178255,4.735159,2.5910193347119144
6.25666893,8.156936,-1.900266761833496
6.172839506,6.807124,-0.6342846318784181
1.87541862,1.5062493,0.36916931141387943
1.31826742,2.055848,-0.7375804632244873
7.366885485,7.6563163,-0.28943079536499017
9.458138777,7.943722,1.514417005759766
4.868455843,5.5849886,-0.7165327510551762
5.574516496,6.0103307,-0.4358141810324705
7.258883249,8.125273,-0.866389501854492
7.8125,7.615734,0.19676589965820312
3.823529412,5.206117,-1.3825877411677245
6.027554535,7.461377,-1.4338226088598631
3.451327434,6.121723,-2.670395741048828
5.663265306,8.441819,-2.7785538849790035
4.483798041,4.390412,0.09338618720971681
2.979122684,7.5674915,-4.58836884737207
4.48,6.925178,-2.4451780509948726
2.875629044,1.7878855,1.087743497315735
3.424657534,2.3518713,1.0727862819400635
5.672880411,3.9149716,1.7579088209578861
1.605136437,2.9301932,-1.3250567488062743
2.906050955,6.502024,-3.5959732187365723
3.682624707,4.3720446,-0.689419856293457
5.572289157,8.116603,-2.544313740644043
7.610619469,6.5533,1.0573195651303715
6.396866841,8.155729,-1.7588624528232426
6.49627263,6.937565,-0.44129221985351563
1.395598497,4.090017,-2.694418344888428
7.207207207,9.078416,-1.8712086636665042
9.554140127,8.754796,0.7993440988627931
16.15720524,11.385717,4.771487848032226
3.196696888,3.9047456,-0.7080486907658692
5.645479668,4.7747445,0.8707351573493654
2.563059398,2.4699736,0.09308583385205083
4.57337884,6.9318433,-2.358464440792236
6.334831029,4.4182773,1.9165537653586426
4.044692737,2.8637416,1.180951100723755
4.369473775,2.868454,1.5010197955078128
8.563600326,8.053159,0.5104415659291988
6.001690617,7.153463,-1.1517722698103023
3.750190558,3.7037978,0.04639274076977529
5.898617512,6.662703,-0.7640855252619625
4.0625,7.0348167,-2.9723167419433594
3.432213778,4.076376,-0.644162183303711
6.748614124,5.101146,1.6474679028391117
4.027617952,6.097838,-2.0702199729572754
8.734986742,8.260163,0.47482343481005884
6.132792701,8.518846,-2.3860528571665043
10.79182631,10.721792,0.07003408893066343
2.244189153,2.8200457,-0.5758565566099851
6.933744222,5.6771293,1.2566149533537594
5.433169729,5.1124787,0.32069099593725614
6.460674157,5.5209436,0.939730515337402
5.372616984,5.262892,0.10972521459082074
3.041192242,3.0892947,-0.048102430012328945
2.946865094,3.0599225,-0.11305736274133293
3.858579701,4.5139365,-0.6553568186228027
4.471544715,6.641866,-2.1703214921228025
2.707423581,3.2691715,-0.5617478953641357
12.98315164,6.431577,6.551574434342042
1.625175027,2.5256376,-0.9004625996479492
4.643841007,4.6717,-0.027858993762939654
6.48540146,4.567892,1.9175093854150393
8.175155046,7.9173937,0.2577613616127934
9.472817133,8.08891,1.3839070301557612
2.615694165,2.7051246,-0.08943045162292496
7.705577918,7.8032856,-0.09770768075488245
3.531009507,4.0943127,-0.5633031608466799
4.444444444,5.553194,-1.1087496020205077
2.968337731,5.674406,-2.706068320635742
8.222490931,7.426661,0.7958299164431146
2.254359847,2.3195045,-0.06514465243542489
6.278855032,6.0815396,0.19731540111010748
1.877607789,2.0604506,-0.18284276489404294
4.918394354,4.1774125,0.7409818440817872
6.60272962,5.8349233,0.7678063526354979
7.110481586,6.1759615,0.9345200915541989
7.172634955,5.706325,1.4663099008312992
9.137577002,6.0727134,3.0648636269084477
3.361945637,3.641544,-0.2795984666224367
3.202410176,4.123587,-0.9211769555002443
5.611409867,5.4849687,0.126441204738037
10.70110701,8.225914,2.4751930085351557
4.524190964,3.6324887,0.8917022364304197
4.41230543,3.8015368,0.6107686315228271
2.999143102,6.0076637,-3.0085206248066405
7.167325428,5.262349,1.9049762992768553
8.06982039,7.6948504,0.3749699452062991
11.10234149,8.360644,2.741697149484864
5.825242718,6.7372384,-0.9119956891350096
6.209095486,6.121825,0.08727026779931624
2.356020942,2.9349103,-0.578889355393799
4.12371134,5.9176297,-1.7939183787805177
5.596544633,3.232236,2.364308724491699
4.21430093,3.8718667,0.342434226966553
2.089959109,2.1315663,-0.041607177087036096
3.686826843,4.193621,-0.5067943155998536
4.525288376,4.106335,0.4189532128835447
2.083200041,2.4152474,-0.33204739933813476
0.80791473,0.989935,-0.1820202508692932
1.884057971,3.2974806,-1.413422612190918
4.927099045,4.953994,-0.026894752302245806
1.145912911,3.315517,-2.1696040376999512
1.73347779,2.9736602,-1.2401824406365967
0.836408364,1.3640218,-0.5276134141066895
2.297371807,3.468367,-1.1709952927619627
10.37195994,11.573209,-1.2012488688989258
13.89891697,10.8320675,3.0668494803759767
9.375,10.8273,-1.4523000717163086
16.96969697,12.107309,4.862387628569337
8.03461063,7.2135243,0.8210862884167476
6.654835847,5.815736,0.8391000300444338
5.282331512,4.1888065,1.0935249781865233
6.087936866,5.8077292,0.280207621767822
6.43525741,5.4572415,0.9780158748132326
8.82852292,6.6466265,2.1818964475268547
14.59097099,8.097234,6.493737217722169
18.63057325,9.860282,8.770291305725099
3.731665229,6.262781,-2.5311159141884767
3.4375,3.2814617,0.1560382843017578
3.550295858,6.4255533,-2.8752574638383788
4.80349345,7.162896,-2.3594027063110348
9.823182711,9.129944,0.6932388633437494
11.34453782,9.331286,2.0132513896411126
9.574468085,8.869497,0.7049707858056635
18.90547264,31.783672,-12.878199692763673
17.57484655,12.846453,4.728393836987305
19.5303551,11.750405,7.779949788415529
14.25619835,11.382989,2.873209420251465
0.582411182,1.16452,-0.5821088432532959
11.30803523,9.734657,1.5733779424023435
3.93918452,3.2136538,0.7255307171282959
14.50980392,10.510894,3.998910098283691
8.461934156,8.158858,0.3030758567446288
10.29468044,8.688362,1.6063183184179692
3.097345133,5.5367575,-2.439412336177246
11.47959184,9.038179,2.4414124424169916
0.828937453,0.9017082,-0.07277073267276002
3.096410978,5.063103,-1.9666922210051268
7.28,8.556191,-1.2761914443969724
0.48925497,1.0975206,-0.6082656198284913
0.368262471,0.9017082,-0.53344571467276
3.930131004,7.041734,-3.111603214597412
0.427176566,0.32118627,0.10599029170991514
0.338738469,0.5050309,-0.16629240143762208
0.469273743,0.44200876,0.027264979448287985
0.489312387,0.44672123,0.042591161023056046
2.739885741,5.1738305,-2.433944768185791
9.636517329,7.7472157,1.8893015811667482
0.320138218,-0.068046086,0.3881843035364799
0.171610689,0.228208,-0.0565973164283142
0.115771663,-0.7300208,0.8457924840945129
1.244150211,1.9395449,-0.6953947051529541
0.204046102,-0.46077177,0.664817871285202
4.471544715,5.8129616,-1.3414168633691403
1.077147016,0.6449843,0.4321627110950623
2.576808722,3.8753622,-1.2985534358216553
0.12612223,-1.1332903,1.2594125208325195
5.299755685,6.9569793,-1.6572235897497558
5.117883841,6.7417665,-1.6238826117893064
1.92371476,2.0705779,-0.14686309987854007
3.23176362,5.6458087,-2.414045076746826
1.433612704,2.6426926,-1.2090798619179688
4.979712283,6.6776958,-1.697983468190186
4.33427762,6.1290264,-1.7947487929638672
5.366114377,5.6080976,-0.24198317625317411
3.388090349,4.1421866,-0.7540962926931152
0.347056642,-0.076534286,0.4235909281413956
0.374093991,0.7856355,-0.4115414803439941
9.594095941,6.8388014,2.755294557027833
0.320410125,-0.17569919,0.49610931430530547
2.503293808,2.1936812,0.3096125679182129
2.529786877,2.842189,-0.31240219656262225
0.332416914,0.14209814,0.19031877030321503
6.958744586,6.214582,0.7441626195998534
1.926397092,2.8800852,-0.9536881378736572
6.048053024,5.8213487,0.22670435685522428
2.085181899,2.64202,-0.5568380881063231
2.209881125,1.7944666,0.4154145102767943
0.229617871,-0.16241108,0.3920289498106918
7.971014493,5.5470295,2.4239849977607424
4.876822524,6.881393,-2.0045704317800297
5.20124977,5.0934014,0.10784833796264692
3.068592058,8.808572,-5.7399797574907225
2.781211372,3.7524743,-0.971262936013916
1.40944327,2.3713462,-0.9619029652752686
10.25641026,7.361097,2.8953134010217276
0.79606159,0.9767296,-0.18066798181930543
12.57961783,8.257588,4.322029443464356
5.500982318,7.3440137,-1.8430313729484862
7.446808511,7.9495707,-0.5027621448227535
0.851810096,5.356602,-4.5047920959250485
2.892561983,8.654438,-5.761876035798828
8.252691095,4.5796895,3.673001592283935
2.932098765,3.4282317,-0.49613295115600575
5.786026201,7.0404615,-1.2544353392221677
0.019677753,0.020561654,-0.0008839011206836708
0.268156425,0.87855273,-0.6103963098518372
0.206026268,0.5184437,-0.3124174356514282
0.851113443,4.024541,-3.173427458184082
3.369672944,3.7749414,-0.4052685003969727
1.841759068,3.085806,-1.244046824944336
1.051272593,5.4315305,-4.380257882616455
1.444759207,4.8356557,-3.3908964822395022
4.05130946,6.890726,-2.8394166294775394
0.012530128,-0.34973952,0.36226964974186704
1.675779308,2.0298758,-0.3540964473100585
0.060141525,0.10535693,-0.045215406686401366
0.051026193,-0.29065454,0.3416807330619507
20.2166065,7.724132,12.492474438995362
33.33333333,7.5028872,25.830446081007082
5.732484076,3.4708235,2.261660549617554
0.650359154,1.6365168,-0.986157655463501
14.25464825,15.658526,-1.403878170593261
3.593642018,8.095481,-4.501838900884277
15.8490566,20.491776,-4.642718912695312
0.730147402,1.657947,-0.9277995422367554
24.74536812,26.082027,-1.336659315302736
18.95576132,17.896246,1.0595153635791021
15.72374851,22.063938,-6.340189630869141
18.56104095,18.507023,0.05401809233398325
21.2755102,22.655506,-1.3799959340332038
0.678221552,1.5307719,-0.8525502995396118
7.342247244,10.965228,-3.6229808367495115
20.88,19.234365,1.645634536743163
0.829875519,1.7506964,-0.9208209016695557
0.820220957,1.5967741,-0.7765531442573242
24.84939759,24.566153,0.2832450173681629
10.3539823,10.571781,-0.21779885844726543
10.84507042,10.626122,0.2189479453295906
1.715686275,1.7187195,-0.0030332074218750726
17.23237598,15.613022,1.619354129414063
13.40782123,15.603021,-2.1951994380297855
20.58823529,16.272072,4.316163451621094
12.14057508,11.063381,1.0771938849316403
1.556629093,3.0442727,-1.4876435682091065
19.81981982,17.563274,2.2565454364550774
19.6656051,17.458418,2.207187207543946
32.20524017,30.568,1.637239376542972
0.783212021,0.9064434,-0.12323139607229616
5.566521911,8.057164,-2.4906422811997073
1.851098454,1.5084757,0.34262279272222895
12.15017065,14.276829,-2.126658115869141
0.629404892,1.3088336,-0.6794287070905761
7.377557347,7.825169,-0.44761173945629906
1.15161709,1.9000924,-0.7484752733575439
2.078212291,2.2748303,-0.1966180503391115
1.965833977,2.3571782,-0.39134423421215825
18.63705258,16.42664,2.2104130231152332
17.41335587,21.528288,-4.114932017573242
0.762233853,0.84358805,-0.08135420118014525
25.80645161,24.552801,1.2536504777978514
17.1875,14.93806,2.2494401931762695
0.57203563,1.0587019,-0.48666624282562254
0.596421471,1.468852,-0.8724305721518555
0.994200497,1.9366419,-0.9424414345338135
19.66731898,16.34084,3.326479594013673
33.45864662,30.735909,2.722738111699222
0.97011328,1.7730354,-0.8029221270663452
13.19044879,10.59984,2.5906086258154293
9.795663703,13.321779,-3.526115548098632
25.69690826,26.34555,-0.6486422771093743
23.69093231,28.83342,-5.142487489804687
2.342149791,1.7292237,0.6129260628200686
38.36671803,34.90908,3.4576375246289075
19.19872161,17.3846,1.8141219243310545
25.70224719,24.324661,1.3775859351171889
22.53032929,24.314661,-1.7843317360009756
22.57058181,19.67866,2.891922370913086
34.16422287,25.007692,9.15653053296387
44.80519481,44.392693,0.4125022440820345
2.123332985,1.9984721,0.12486089046417215
2.594960511,1.9884715,0.606489002973877
18.95763487,14.385326,4.572308484501953
34.95934959,31.209398,3.749951320346682
14.70160116,13.2649555,1.4366456393701164
1.515151515,1.6343411,-0.11918960571990977
14.98216409,17.659084,-2.67692023006836
19.88564168,18.077541,1.8081003286816397
26.26362735,26.545242,-0.28161495957031235
1.195329874,1.5716909,-0.37636104301507567
21.92050374,23.803911,-1.8834074691064444
1.627737226,2.2120836,-0.5843463521097412
33.47115204,31.688663,1.7824885573339841
28.50082372,32.643524,-4.142700449921875
2.012072435,2.1266472,-0.11457479896301281
36.68775158,32.57865,4.109100151777341
1.018560435,2.0057404,-0.9871799691290284
11.27694859,11.216996,0.05995239706787103
13.19261214,11.129629,2.0629830048681637
26.1185006,24.424885,1.6936158038574227
3.23266695,2.2793696,0.9532973573333741
12.33333333,9.014062,3.31927140220459
24.57627119,22.827557,1.748714579892578
21.42197599,18.868061,2.553914924326172
1.321279555,1.0033128,0.31796672884338384
11.71151301,11.289725,0.42178770635009677
21.56030985,20.254545,1.3057646382080073
14.47592068,19.999271,-5.523350712822266
24.22234099,25.216778,-0.9944368115136726
24.43531828,23.402304,1.0330145843212897
0.649075399,0.49188754,0.15718785937483215
3.671055568,6.522954,-2.851898419121582
1.309328969,2.0054114,-0.6960824174898681
32.47232472,25.054243,7.4180816322314485
0.779664637,0.67682046,0.10284418001834106
10.88274045,8.889341,1.9933990956298828
36.4027321,26.91166,9.491072859277345
28.12417785,25.196321,2.927856362573241
15.53398058,15.895898,-0.36191728529541045
13.26145326,12.0051155,1.2563377509667966
1.221640489,2.0402966,-0.8186560655654296
15.63573883,16.006021,-0.37028266963378975
0.643458905,0.9443618,-0.3009029009158325
15.93765533,15.439441,0.4982146027661134
9.42298955,8.298691,1.124298754101563
19.73487987,19.344362,0.3905176110888675
6.610470275,7.8300343,-1.2195639809814454
5.361552931,6.3481164,-0.9865634668576657
0.602392562,0.624717,-0.022324435146606425
15.94202899,17.481606,-1.5395765397851555
23.27802916,19.817122,3.4609076542626944
18.33460657,15.909726,2.4248804271166975
12.45937161,14.743225,-2.28385348765625
10.82410824,7.2818556,3.5422526568090813
20.10659805,17.856401,2.2501966065185535
33.11874106,29.0759,4.04284193585449
36.64259928,26.682436,9.960163290620116
29.91071429,26.580013,3.330701014853517
41.21212121,27.74405,13.468072137734374
11.94968553,23.93763,-11.987944169707031
14.40049444,11.726773,2.6737211779760734
1.242236025,4.110641,-2.8684049776550293
9.337561663,8.429076,0.9084854682368171
29.05982906,16.838373,12.221455875795897
1.543476177,1.5936092,-0.05013303682904047
14.09244645,9.537619,4.55482781291504
11.83673469,9.072206,2.7645291464819337
5.154639175,2.826821,2.3278180862091062
3.159126365,2.3086367,0.8504896996557618
20.20373514,17.014732,3.1890027791601554
1.717817115,1.3803359,0.3374811879904174
23.40764331,17.943357,5.464285842348634
44.00785855,33.855896,10.151962553906252
24.63054187,20.542046,4.0884962767382795
23.04964539,20.242401,2.8072442669531235
1.553300764,1.7575715,-0.20427069481652826
8.820160367,14.452284,-5.63212349225293
12.08677686,14.8306875,-2.743910662888183
0.475635799,1.3053122,-0.8296763576772461
19.34326411,15.975838,3.3674264024804685
19.81132075,15.9953785,3.815942255737305
0.3101754,1.0356894,-0.7255139539428711
24.1924532,18.37592,5.816533857958984
10.98251029,14.20896,-3.226449289467773
17.29812476,15.723127,1.5749973948876956
23.26530612,17.475288,5.7900177288867205
0.678221552,1.0398293,-0.3616077021503906
4.879193057,6.3098593,-1.430666218817871
15.36,15.590957,-0.23095668792724666
0.359199851,1.2356415,-0.8764416284921874
0.318044861,1.0398293,-0.7217843931503907
25.75301205,16.879416,8.873596537915038
6.005221932,8.434008,-2.42878571265332
4.685835996,5.1877613,-0.5019253107626955
20.19650655,17.593622,2.602884342358397
0.412888946,0.42809525,-0.015206305321792624
2.171338334,3.4450295,-1.2736911631466064
0.610252238,1.0582224,-0.44797017506304937
9.010238908,7.558799,1.4514401180219725
0.38840137,1.0355424,-0.647140998888855
0.902793296,1.4111803,-0.5083869617972412
0.806936218,1.3016639,-0.49472765757983395
7.036259764,8.330439,-1.2941788498916011
14.96196112,14.704012,0.25794920288574197
0.289648864,0.30347142,-0.013822552234970087
17.51152074,15.581568,1.9299529757177751
10.9375,7.819706,3.1177940368652344
0.261502002,0.5997253,-0.3382233040340881
0.2849764,0.08208116,0.20289523856058123
8.474576271,14.802415,-6.327838623104004
4.776851958,4.1026797,0.67417222853833
5.056179775,6.3650827,-1.308902965783691
0.317559804,0.56081796,-0.24325815292443848
15.85365854,14.522814,1.3308447430029293
3.144104803,2.4296708,0.714433992300537
8.919722498,13.60742,-4.687697469651367
0.164216292,0.26162195,-0.09740566005688475
18.02292802,14.894492,3.128435870646971
24.09430707,15.384414,8.709893350822753
0.226346763,0.65889686,-0.43255010046054077
3.084577114,3.5970936,-0.5125164681533203
4.221635884,4.3145766,-0.09294074182397427
11.00362757,13.245007,-2.241378991279296
0.978307103,0.6264975,0.3518095959046631
8.033240997,11.321774,-3.2885325320527343
2.139391266,4.3173075,-2.177916206229004
10.9738104,12.841062,-1.8672511921020511
5.552407932,11.805566,-6.25315790204541
10.99946553,12.454918,-1.4554523777148436
7.802874743,10.239536,-2.4366615424003903
0.203995125,-0.1436969,0.3476920291824341
0.397474866,0.902978,-0.5055031370250549
15.12915129,13.038878,2.0902728491430658
0.234967425,0.102593,0.13237442774705888
3.794466403,3.3435643,0.45090213107312005
3.444369861,3.5778036,-0.1334337507553709
0.250602552,0.31978104,-0.06917848318486025
9.067670241,10.486744,-1.419073686001953
3.107678328,2.999941,0.10773721738903808
11.88898094,12.602972,-0.7139910906396487
2.48447205,1.8682779,0.6161941426284789
1.704436397,1.6802005,0.024235939427063036
0.218278716,0.05115753,0.16712118560282327
14.05797101,10.927948,3.1300230119531243
10.55806938,13.263468,-2.70539840869629
10.08403361,10.459533,-0.37549912773193306
3.683640303,8.956363,-5.272722421304199
2.632226322,1.9858696,0.6463566759276125
8.288917478,10.593339,-2.304421488369629
19.67095851,18.547525,1.1234331041162093
14.2599278,17.226942,-2.96701426237793
16.51785714,18.412392,-1.894534522597656
12.72727273,17.980837,-5.2535641382861336
11.94968553,17.487696,-5.538010163969727
5.500618047,4.6361365,0.8644815151701657
1.404056162,1.2348675,0.16918870842486577
6.62139219,4.6715665,1.9498257036413573
0.743689117,1.2091924,-0.46550327821026616
21.65605096,15.247476,6.408575335915529
19.44990177,16.502466,2.9474355682177737
20.21276596,15.052513,5.160252837441405
1.064762621,2.283962,-1.2191993903372802
3.035509737,7.563909,-4.52839931680249
4.44214876,8.050967,-3.608818456491699
0.174723355,0.5371991,-0.36247572499038694
3.642492117,4.6427016,-1.0002095088239744
0.161949988,0.16864327,-0.006693277962600719
5.723154525,6.497067,-0.7739124496398926
2.777777778,3.1735756,-0.3957978617247315
3.386911596,4.227481,-0.8405692923666992
7.066326531,6.321199,0.7451275907229
0.914848698,3.0504723,-2.1356235615214842
3.28,4.375142,-1.0951420974731447
0.27868954,0.25436667,0.02432287392143251
0.251088048,0.058554385,0.19253366314258386
4.819277108,5.842384,-1.0231067535417484
3.002610966,5.336526,-2.3339149510532224
5.131004367,6.4134965,-1.2824921272932128
0.65093572,-0.13854884,0.7894845561120224
0.245971917,0.11804619,0.12792573013562394
0.643575419,0.3714104,0.2721650193246308
0.515065671,0.2437475,0.2713181684346161
2.24437449,5.0912876,-2.846913122915039
4.564666103,4.095161,0.46950514184887737
0.147365212,-0.6778031,0.825168311155426
0.171610689,-0.3815493,0.5531599877632751
2.157164869,3.1386757,-0.9815108206972658
0.684853327,0.44448337,0.24036995741114808
0.912921348,3.166782,-2.253860554313232
0.170618754,-0.72113395,0.8917527013724366
0.524017467,-0.9292746,1.4532920856256408
2.477700694,2.9253147,-0.4476139708406981
0.109134338,-1.1762639,1.2853982664133912
3.589550836,3.843896,-0.25434507617041024
4.772857964,3.7138133,1.059044659098877
1.227197347,1.1800406,0.047156749084350524
0.89323692,0.11689202,0.7763449025758934
2.770083102,2.266545,0.5035380447032471
0.926334363,2.3804781,-1.4541437806920166
2.600516415,3.0898478,-0.48933138811584476
1.388101983,2.5411787,-1.1530767203081054
3.944414751,3.537013,0.4074016971059571
4.31211499,2.4897223,1.8223927381079106
0.135113654,-0.48808315,0.623196807963089
0.117483712,-0.6142366,0.7317203052464599
0.843214756,0.36370048,0.47951427673097224
0.977513006,1.2812963,-0.3037832472043457
0.140042602,-0.10060931,0.24065191197133254
2.030817297,2.2202399,-0.18942258070080564
0.981372104,1.2720168,-0.2906446596871338
3.14001657,2.7397892,0.4002273224871824
0.582221142,-0.3542338,0.9364549433648987
0.154495975,-0.15947309,0.31396906636390687
3.770739065,4.341267,-0.5705280439172364
2.334129756,1.8727987,0.46133107474084456
7.439198856,9.317414,-1.8782154277524414
13.53790614,8.325747,5.212159603745118
11.16071429,8.596753,2.5639611695776363
15.15151515,8.935129,6.216385984350586
1.236093943,1.9750789,-0.7389849973915406
0.507020281,0.84210616,-0.33508588250173954
2.6032824,2.250474,0.352808423864746
0.356132817,0.07661934,0.27951347503050994
6.687898089,4.5008507,2.1870474115097656
11.78781925,6.9342365,4.853582723510742
5.673758865,4.3058863,1.3678725963842773
0.513591382,3.370555,-2.8569635420112305
1.652892562,5.637719,-3.9848265923579103
0.291205591,0.8591975,-0.5679919063678589
7.328476677,6.968448,0.36002851492114285
3.58490566,5.8583083,-2.2734026552770996
3.060699588,3.4376905,-0.3769909084447023
5.070799847,4.9486966,0.1221032336882324
4.489795918,5.6186376,-1.1288416437980953
1.079052311,3.3358264,-2.256774085942139
3.92,4.6528506,-0.73285062789917
0.185793027,0.24577539,-0.059982359691093445
4.819277108,5.347627,-0.52835005493335
5.349344978,6.163401,-0.8140561488615718
0.203417413,-0.12338209,0.3267995045222168
0.141960935,-0.19204912,0.334010050896225
0.437988827,0.074117266,0.3638715613583107
0.386299253,0.04152724,0.34477201153157044
1.97621546,5.04401,-3.067794702353516
3.888419273,3.0837634,0.8046559120228269
0.091468062,-0.83020455,0.9216726084515686
0.422326218,0.6421134,-0.2197871695846863
0.064069083,-0.7247434,0.7888125088460999
4.757185332,2.275283,2.4819022337791745
0.024194877,-1.3709075,1.3951024220897217
2.330389025,4.0986886,-1.7682995774475097
2.702702703,4.256065,-1.5533621888151856
0.696517413,1.2609377,-0.5644202777348633
1.477377655,1.7825602,-0.3051825743014527
2.397639248,3.557169,-1.1595297125712891
1.558073654,3.196713,-1.6386393167336426
3.623730625,3.1158597,0.5078708780670165
0.09007577,-0.7303579,0.8204336553607178
0.096123037,-0.88727295,0.9833959909871216
0.711462451,0.6279737,0.08348877527215581
0.381775466,1.0585816,-0.6768061246524658
0.072969567,-0.48895723,0.5619267932763977
1.484058794,2.2557511,-0.7716923389650878
0.34293465,-0.3640455,0.7069801507553101
0.102052387,-0.706641,0.8086934053906555
2.31271996,3.9993825,-1.686662535880127
1.837897445,1.6618992,0.1759982359774781
4.512635379,6.082178,-1.5695427368447268
0.390015601,0.09651882,0.29349677898566817
1.358234295,1.6451422,-0.28690790260894783
0.40850529,0.24532561,0.16317967995838167
9.394904459,6.2204022,3.1745022182468254
4.518664047,5.072244,-0.5535801203278812
5.673758865,4.256711,1.4170478588354491
0.952023049,5.166614,-4.214591006633545
2.272727273,6.638867,-4.366139628397705
15.21035599,10.957202,4.253154032297363
7.086002718,5.961517,1.1244858608527828
8.60063064,9.266278,-0.665647626906738
7.671043538,8.036833,-0.365789271448242
9.019607843,9.904954,-0.8853461136040046
13.01886792,10.302769,2.7160992127246093
8.119458703,5.108333,3.011125592190673
9.273450383,10.877484,-1.6040339385942382
7.407407407,8.225466,-0.8180583675361328
1.406563965,3.057603,-1.651038917385254
2.259887006,3.88555,-1.625663016125244
14.51495259,10.801791,3.713161398898926
9.295254642,7.7500896,1.5451649966142575
8.064516129,8.280855,-0.21633904983300845
11.26279863,10.742405,0.5203936922558601
10.87563452,11.431501,-0.5558668685498045
15.625,13.629703,1.9952974319458008
9.117647059,7.0058994,2.1117476296787103
8.515116724,8.650415,-0.13529869653222626
5.17207473,7.215661,-2.04358631888916
2.349336057,4.3694654,-2.0201292941047364
10.44247788,10.587825,-0.14534694147216776
10.68877551,11.998162,-1.309386759592286
8.345642541,10.97358,-2.6279378194125975
11.92517537,11.70074,0.22443550946533186
5.80256217,4.8669715,0.9355906772326659
14.4499179,10.5977,3.852217780981446
13.44,10.416886,3.0231136703491206
32.77385159,17.625494,15.148357586704101
4.313443566,2.1812122,2.1322313791866456
3.424657534,4.9770436,-1.552386094692627
6.546107636,5.0627832,1.4833243947280277
2.568218299,5.9742055,-3.4059871949270017
5.805742978,4.9357076,0.8700354088776852
4.347826087,5.0501657,-0.7023395662287601
20.70063694,11.341502,9.359134750363769
6.898831827,8.204161,-1.3053288633076168
5.423501841,4.8669715,0.5565303482326662
13.70481928,11.72715,1.9776693166210944
16.97127937,12.988661,3.9826185576220716
4.401502952,5.170497,-0.7689939886127926
18.46846847,13.096044,5.372424883269044
20.85987261,13.390695,7.469177991774902
14.84716157,11.263614,3.5835478691333016
3.596816073,3.7931979,-0.19638179725451677
8.54717726,7.861753,0.6854242730920408
6.712774614,4.9615097,1.751264909410156
14.7440273,12.9388075,1.8052198125122079
3.570575199,3.8859375,-0.3153622533162843
4.509497207,4.4773755,0.03212169964526357
4.515409048,5.0106363,-0.4952272816508785
15.22676927,12.565066,2.661702932414551
7.100591716,6.6719775,0.4286141960109866
2.07835764,2.9466114,-0.8682537644189452
4.423963134,5.970771,-1.5468077018764648
11.1875,11.840059,-0.6525592803955078
1.364713574,3.4268107,-2.0620971674245605
6.971559412,5.1529865,1.8185728855107426
9.508055236,9.792152,-0.2840971687851557
16.26891281,13.616432,2.6524806200585935
6.031424227,8.376404,-2.3449795815937504
11.62196679,12.348902,-0.7269349586572265
1.540832049,5.292929,-3.752097123515869
2.562492866,4.517588,-1.9550952725803223
6.179775281,6.9083734,-0.7285980748654781
5.199306759,6.879001,-1.6796943815944827
1.536961593,0.9872766,0.5496849792876892
1.078547252,0.9579041,0.12064315158190908
2.444376714,4.499878,-2.0555012156875
2.037845706,3.51618,-1.4783343324521483
5.550049554,6.1877546,-0.6377050770424804
0.765999506,0.6469324,0.11906708288522339
2.872884691,2.4590178,0.41386693739892566
3.194888179,6.3024855,-3.107597287003418
4.715353652,6.0919595,-1.3766058244709471
3.980099502,6.3921485,-2.412048992720459
2.849851127,2.2548935,0.5949575856639404
3.416435826,4.313906,-0.8974703667795412
1.842837274,2.197741,-0.35490375764672843
5.006616674,5.5934806,-0.5868639130056152
2.98782737,4.0045543,-1.0167269016979978
4.645892351,3.684419,0.9614734342977291
4.831640834,4.876267,-0.04462612232934582
3.285420945,4.4895234,-1.2041024657971193
2.228050654,1.813734,0.41431659943457033
2.618657938,2.5075932,0.11106478309277357
4.05904059,4.332405,-0.27336450033203086
2.54619246,1.7515811,0.7946113871926879
2.769947297,4.2148194,-1.4448721343049318
2.827763496,4.2223005,-1.3945370334799803
3.003952569,5.762686,-2.758733206756836
2.320020138,5.265035,-2.945015014435303
1.657940663,2.4139833,-0.7560426820317383
3.436426117,6.5169063,-3.080480144444092
3.026394345,2.0497859,0.976608492567749
2.687637577,3.9446025,-1.2569649124714357
2.498864153,3.7574747,-1.258610507873413
2.974316487,4.4092712,-1.4349547532343752
4.347826087,4.1531324,0.19469364834033165
2.376230022,3.6604283,-1.2841982635987548
0.786653816,1.4336087,-0.6469548351611939
4.202898551,4.214153,-0.011254261957764022
4.374057315,5.914846,-1.5407886284509278
1.375095493,2.67332,-1.2982245620079347
4.333694475,2.7159617,1.6177327802825925
1.451414514,3.2146373,-1.763222765510498
4.355816945,4.3304234,0.025393589897460878
5.436337625,9.043528,-3.607189978149414
4.151624549,9.46635,-5.314725052745605
4.910714286,9.602867,-4.692152840464844
3.636363636,9.70757,-6.071206439988769
25.1572327,11.834994,13.322238383898927
7.60197775,9.119671,-1.5176931179199222
5.412599823,5.42061,-0.008010128019287244
7.730177019,4.9848685,2.74530849254126
7.643312102,7.6873207,-0.044008607228515295
2.554027505,8.359271,-5.805243544499511
10.28368794,7.200642,3.0830458310827638
20.89552239,27.986343,-7.0908209937890625
23.09908556,16.881645,6.21744035736328
23.71134021,13.948907,9.762433311501464
20.24793388,14.618894,5.629040256647951
0.145602796,0.5868252,-0.44122239597463986
4.64281831,5.032816,-0.38999762322753906
3.497942387,3.400138,0.09780448569384781
4.592422503,4.6513414,-0.05891893529345715
5.178571429,7.1328373,-1.9542658665322268
3.36,4.705684,-1.3456841850280763
0.123862018,0.21288875,-0.08902672945368957
7.423580786,8.01935,-0.5957692658798832
0.07262028,-0.24885982,0.32148010275009153
0.344134078,0.21306667,0.1310674106816559
0.309039403,-0.6021387,0.9111781011010437
1.865454121,5.801971,-3.936516837709717
2.282333052,2.754954,-0.47262104765515156
0.319598219,0.3734593,-0.0538610903395233
0.053623037,-0.879199,0.9328220650151368
4.558969277,3.7283914,0.830577868079712
0.038608846,-1.4622864,1.5008951991112671
2.311595565,3.9514709,-1.6398752868981932
3.680276021,3.8597043,-0.1794282350577392
3.23176362,2.4252474,0.8065161891986086
3.375138325,4.9220366,-1.5468983227966309
1.78470255,3.658379,-1.873676527911377
5.163014431,5.6542597,-0.4912452507016605
5.646817248,3.6902847,1.9565325189960934
0.050336459,-0.5092575,0.5595939544032897
0.055537755,-0.8007339,0.8562716789120484
0.685111989,0.63807887,0.047033120610870394
0.70062091,0.93830526,-0.2376843487509155
0.045698112,-0.33889568,0.38459379052020265
2.130227934,2.2310617,-0.10083376300622549
0.350612292,-0.23002961,0.5806419047796173
0.055278376,-0.38914242,0.44442079986817934
3.381731299,2.4528596,0.9288716588785402
5.59566787,6.5542917,-0.9586238551586916
15.09433962,5.9207916,9.173547994023437
0.178066408,0.2124391,-0.03437269691466521
9.076433121,4.3044558,4.771977363858888
6.679764244,6.6078653,0.07189891044287133
4.964539007,4.1094913,0.8550476587333984
0.313165477,3.604378,-3.2912125080006103
1.033057851,7.5592823,-6.526224451856446
0.601824888,1.6191933,-1.0173684275059816
22.17027292,18.455975,3.7142983411425767
23.77358491,18.475517,5.2980676370507815
0.384288106,0.90524554,-0.520957436526245
28.15016005,22.38808,5.762079453076172
13.65740741,17.48161,-3.8242019344824225
6.692887361,4.9263945,1.7664928984145511
9.897610922,6.8373203,3.060290594241211
31.34517766,25.138054,6.207123765957032
19.97703789,19.121042,0.8559956384130842
26.04591837,20.502398,5.543520832768554
0.678221552,1.0494446,-0.3712230042362671
5.301430917,6.5848675,-1.283436560416992
17.2,18.765417,-1.5654170989990241
0.464482566,1.2452568,-0.7807742155780639
0.385001674,1.0494446,-0.6644428822362671
29.96987952,19.951189,10.018690478862304
6.919060052,8.940727,-2.021667181886719
5.324813632,5.4627695,-0.13795587636181672
0.644122383,2.3970873,-1.7529649525865478
7.657657658,9.2454815,-1.5878238330888674
24.01746725,20.07376,3.943708171020507
0.425658707,0.81715494,-0.39149623694302366
2.506908804,2.7095478,-0.20263895410241695
0.732302685,1.0678376,-0.3355349109396363
9.897610922,8.780624,1.1169865323515626
0.451651291,1.1466854,-0.6950340708621826
1.117318436,1.5223234,-0.4050049339798585
1.03871577,1.1845963,-0.14588053012512203
8.178850414,8.911726,-0.7328755839248053
16.14539307,17.023628,-0.8782351648632805
0.315056659,0.31308666,0.0019700002837982344
20.0921659,18.9928,1.0993661410888684
12.5625,8.886889,3.6756105422973633
0.277845877,0.60934037,-0.3314944927013855
0.302787425,-0.036408983,0.3391964081709862
10.16949153,16.962128,-6.792636155546875
4.993722178,3.7253544,1.2683677449403072
5.617977528,5.764713,-0.14673528251635748
0.364915213,0.10894596,0.2559692546836739
17.4796748,16.974762,0.5049128371093765
3.289665211,2.1800358,1.1096293814559326
12.58671952,15.71949,-3.1327705312695304
0.197677292,-0.14995804,0.3476353362905426
19.41364405,17.734041,1.6796028360107407
26.04945371,17.891417,8.158037160317384
0.24898144,0.80263,-0.5536485672669983
3.383084577,4.0601683,-0.6770836892963867
4.617414248,4.9874444,-0.3700301527873533
12.45465538,13.235093,-0.7804377367602537
1.105912378,0.6587675,0.4471448566186218
10.43397969,14.221784,-3.787803948000489
2.933392148,4.532902,-1.5995096159160158
13.29767613,15.910971,-2.6132945578662117
6.912181303,12.213775,-5.301593378091309
14.62319615,16.104076,-1.4808802354980468
12.01232033,13.718793,-1.7064725853442386
0.246383723,0.16073538,0.08564833937020111
1.238562821,0.6086991,0.6298637376717529
0.444236614,1.0464845,-0.6022478563674316
15.49815498,14.981007,0.5171483576855476
0.284096977,0.18651241,0.09758456635928342
4.268774704,3.6023562,0.666418508550171
3.989763383,4.0695243,-0.07976090517749013
0.2911412,0.39693496,-0.10579375631217958
10.56593055,12.230709,-1.6647785259277352
3.898228078,2.8603442,1.037883906475952
14.78873239,13.6687975,1.1199348970190428
2.883762201,2.0632064,0.8205557667501222
1.983390702,2.0465655,-0.06317483068432628
0.250878784,0.20747738,0.043401408135017416
18.26086957,12.148289,6.11258084319336
12.82051282,14.483807,-1.6632937901074225
11.61191749,11.561474,0.050443643564452856
4.65872156,9.509078,-4.850356465817871
3.419434194,1.8462727,1.5731614870145263
10.88035288,11.813678,-0.9333249077807615
21.31616595,22.185915,-0.8697490432861343
17.8700361,19.606804,-1.7367677940429687
20.08928571,22.046934,-1.9576484178076186
16.36363636,17.756193,-1.3925568010107412
23.27044025,19.188272,4.082167773803711
6.489493201,5.5094743,0.9800189235036623
2.114164905,3.7068393,-1.5926744180438233
10.25641026,16.415058,-6.158647875986329
1.482059282,1.2217094,0.2603499113869019
7.470288625,5.317221,2.153067460296631
0.900806536,1.2448068,-0.3440002305100097
27.38853503,17.727613,9.66092158090332
23.1827112,19.055918,4.126793460131836
23.40425532,17.532648,5.871607233452149
2.487562189,23.243814,-20.756252279383787
1.252661907,3.3813043,-2.1286423570686033
4.352806415,7.081427,-2.7286206823205568
5.371900826,9.071063,-3.6991622156870116
16.18122977,11.943497,4.237733065898439
6.095903708,5.375641,0.7202628388593748
17.53832772,16.832521,0.7058062814013688
12.30131306,10.267673,2.033640521242676
18.43137255,18.235025,0.1963471441162099
11.46030886,10.708422,0.7518871528466793
16.06581623,15.436451,0.6293652717480462
18.67924528,20.391472,-1.7122265827929688
12.77777778,19.778208,-7.000429998930665
6.546622382,5.063719,1.4829035862236326
18.06188767,19.369358,-1.3074703927441398
12.31995885,15.154496,-2.834537342932128
2.947086403,3.452454,-0.5053676871184081
2.887633396,4.1093316,-1.2216982118186035
18.96425966,18.647724,0.3165355083886716
17.07025736,15.865775,1.204482251662597
9.03622422,9.967548,-0.9313241503613288
14.9032992,13.934463,0.9688366526977532
17.51269036,19.284441,-1.7717506342626947
14.84375,15.85499,-1.011240005493164
15.29411765,10.241581,5.052536686865235
15.86299273,16.692444,-0.8294511176562498
9.164208456,9.501276,-0.3370675602353508
5.413687436,5.363377,0.05031034173120119
15.92920354,14.954025,0.9751782714453121
25.91836735,21.42372,4.494647943872071
24.37223043,20.391586,3.980644126289061
26.73421668,21.272808,5.4614086050488275
6.518462698,4.820333,1.6981296940021977
11.21276097,12.425903,-1.2131423503125003
16.4,16.353271,0.04672851562499858
19.61130742,20.957077,-1.3457696063671882
3.235082674,2.076382,1.1587007522318116
9.246575342,7.238525,2.008050428212158
5.790549328,5.5521936,0.23835568633740234
4.966476285,5.23642,-0.2699438695715335
16.04271511,16.134256,-0.09154125291503945
7.223113965,7.1918225,0.03129143616088825
5.621301775,6.9274187,-1.3061169338012695
15.75,17.265738,-1.515737533569336
8.129882813,9.975852,-1.8459691996342773
5.076102307,4.6851044,0.3909979368828127
4.166666667,5.2469077,-1.0802410440290524
18.59076433,15.095483,3.495281503767089
10.82212916,10.283306,0.5388230381738275
4.63675929,4.820333,-0.1835737139978031
19.83805668,14.3741255,5.463931199348146
21.8373494,20.269857,1.5674919933837899
13.27433628,15.893545,-2.619208870756836
28.06788512,25.965498,2.102387149418945
8.732694356,11.209072,-2.4763777570371097
5.045625335,6.5945783,-1.5489529311437984
14.41441441,16.97216,-2.5577459293554696
24.12420382,16.980679,7.143525261650392
20.30567686,21.176586,-0.8709092911230485
3.754309794,4.2884245,-0.5341146978823241
11.11330438,11.188475,-0.07517027515136654
7.078925956,5.977263,1.1016629822145996
16.72354949,17.30374,-0.5801900577294923
4.593818374,5.2068696,-0.6130512282033695
7.508379888,7.0978656,0.41051430648754916
7.202334964,7.149207,0.05312784882666044
22.42042672,19.461979,2.9584478076464826
16.39898563,15.807778,0.5912072715405259
3.511357284,4.347703,-0.8363456960415041
16.68202765,17.035023,-0.3529950855957047
26.875,24.571232,2.3037681579589844
3.366838277,6.1878266,-2.8209883564533693
3.495692512,6.5355554,-3.039862850701416
8.69925435,9.350194,-0.6509396273559567
30.91976517,30.357237,0.5625283078173844
39.22305764,35.021824,4.20123375694336
5.75439865,5.239525,0.514873808691406
11.89585731,12.418985,-0.5231280568212888
15.70737794,15.411447,0.295931368649903
16.11758743,16.023935,0.09365211200683632
20.62579821,19.340706,1.285092338417968
7.086614173,5.2582254,1.8283887320209962
2.386677353,2.8114445,-0.4247671679503173
2.270678777,2.7780461,-0.5073673541340331
2.666405254,3.0992308,-0.4328255122963869
7.714285714,9.437206,-1.722920554310547
11.86440678,15.164503,-3.30009631753418
12.55605381,14.665365,-2.109311409116211
7.881520374,8.30352,-0.4219998286367188
10.53370787,11.240763,-0.7070548405712884
8.665511265,10.979979,-2.314467296401368
7.596318827,9.315265,-1.7189458748432616
15.68914956,14.708838,0.9803110971704108
12.33766234,16.86481,-4.527148603603516
2.883108743,3.0806935,-0.19758474035266094
2.491538172,2.8295784,-0.3380402276582033
7.08320634,7.9290457,-0.8458393371850583
17.88617886,14.4086485,3.4775303690942394
7.569141194,7.2848763,0.2842648474118654
18.23587711,17.197573,1.0383044018701177
1.620027181,1.9147334,-0.2947062288815918
10.54702873,11.162383,-0.6153543495288094
3.237226277,4.2208834,-0.9836570924458008
14.62131178,15.833093,-1.211780909514161
15.77429984,15.686014,0.08828566458496034
5.130784708,4.072754,1.0580308017500002
14.49108683,15.67644,-1.1853534089526363
3.32729742,4.045889,-0.7185914807568361
9.883913765,10.370873,-0.4869596862329093
10.48812665,10.295795,0.19233120932617176
14.6311971,15.866803,-1.2356060692504887
4.891535517,4.5866437,0.3048918211687015
12.0,9.4537945,2.546205520629883
2.366412214,3.6807296,-1.314317413609253
22.03389831,17.89066,4.143238977724611
15.78947368,15.288485,0.5009891066357426
3.963838665,4.4697833,-0.5059446411218262
14.07146008,12.629179,1.4422810791455074
13.98008115,13.763006,0.21707493967285174
14.78753541,14.933919,-0.14638354294189426
18.98450027,17.539999,1.4445012618212907
9.128978224,9.3358755,-0.2068972871694328
4.323308271,4.2741027,0.04920558316430679
16.22176591,17.95746,-1.7356944934423844
3.25862343,3.686742,-0.42811863733703603
7.520642714,8.820545,-1.299902482533203
3.553892916,4.937942,-1.3840491120456542
21.77121771,18.140766,3.6304515662011703
3.268183275,3.8165205,-0.5483371774993895
7.586714058,9.351096,-1.7643820952592772
21.85089974,18.328009,3.5228910882666007
10.27667984,10.1355915,0.1410883330419921
3.494623656,4.4609833,-0.9663596203671876
20.08601062,16.618011,3.4679991453906247
20.67876875,18.036186,2.642582531738281
15.11789182,15.601465,-0.483573405219726
12.85450579,11.8140135,1.0404923088598625
19.56773447,16.562685,3.0050494571826185
5.061082024,5.777182,-0.7161000782033691
6.060606061,5.594823,0.4657831773940426
3.985507246,5.762637,-1.7771298923666992
13.57388316,15.031461,-1.4575776020239264
20.44198895,20.684793,-0.24280452229004013
4.02511922,4.112997,-0.08787783505371127
15.09976567,16.709082,-1.6093159797802734
10.87687415,11.346122,-0.46924763802490155
19.46975973,19.31404,0.15572049965332013
10.69210293,11.426099,-0.7339958935473625
7.472904324,9.1765175,-1.7036131625722657
2.255074271,3.750765,-1.4956908142203371
32.02898551,20.736856,11.29212904942871
5.915813424,4.347143,1.568670250782227
4.597701149,5.357461,-0.759759826646973
28.20512821,22.962498,5.242630498818361
7.354466859,8.592345,-1.2378783787319332
12.7578304,12.468258,0.2895724959472652
13.97616468,15.082018,-1.1058532185595702
8.413284133,9.500249,-1.0869647759965826
18.67303804,16.91992,1.7531180723486344
16.88125894,17.192554,-0.3112955338769545
21.84115523,20.644115,1.1970397820019514
18.30357143,19.802258,-1.4986861078417952
24.24242424,20.167112,4.075311889536131
38.99371069,25.796175,13.197535686948243
11.74289246,11.350511,0.3923818627709963
3.815439219,7.518497,-3.7030577712038575
12.64975335,9.444273,3.205480355004882
28.20512821,15.03473,13.170398252419435
1.716038731,3.6697037,-1.953664991000122
5.242390079,8.189247,-2.9468570523476565
5.357142857,8.020484,-2.6633411136420895
4.575163399,3.969978,0.6051853048990479
11.65919283,13.789115,-2.129922122087402
3.992015968,4.5263762,-0.5343602794060058
5.412371134,4.5234337,0.8889374486972654
3.705148206,3.8716872,-0.16653896784338373
8.998302207,9.129867,-0.13156439303662104
6.735100031,4.7672358,1.9678642750795898
15.60509554,15.882764,-0.27766832260986263
7.9594478,8.617575,-0.6581268917724605
4.375,4.1838417,0.19115829467773438
10.35502959,12.786706,-2.431676380764161
6.550218341,13.476269,-6.926050427310547
14.73477407,18.673698,-3.9389243552929685
15.96638655,17.98704,-2.0206530160400398
23.04964539,16.03336,7.016285862412108
23.38308458,39.18418,-15.801096633378908
20.9570337,23.369827,-2.4127935705078123
24.34135166,18.720692,5.620659979091798
26.44628099,25.271662,1.1746192315771502
44.66019417,38.97847,5.681724321367184
4.448742747,12.344528,-7.895785451242188
84.25531915,73.15819,11.097131283789068
17.76354106,17.38121,0.38233073285156394
68.66369468,65.27011,3.393583596015631
6.306306306,17.097569,-10.79126220596289
35.45266068,35.03622,0.41644012946289166
72.94117647,67.08996,5.851218279082033
35.12598212,34.060596,1.0653856539355502
61.69347384,62.57372,-0.8802451846582002
69.24528302,69.05557,0.18971051023437724
68.33333333,67.53682,0.7965138719921896
20.4715764,15.762603,4.708973593908691
73.30487923,70.49221,2.8126688418164036
11.64383562,16.415932,-4.772096081660155
59.1563786,60.475975,-1.3195964366210973
7.032819826,7.935233,-0.9024132901499025
6.842435656,9.442641,-2.600205602239746
72.57476295,74.49487,-1.9201100968750069
66.02236942,68.0493,-2.0269317274609335
35.47726071,32.452805,3.0244561445703155
45.05119454,42.474064,2.5771306667089817
78.89593909,74.2106,4.685337283359374
43.40101523,38.90232,4.4986943681835925
60.9375,51.888363,9.049137115478516
33.82352941,34.4877,-0.664172006015626
68.14006889,64.798836,3.3412331356054636
27.19764012,28.811903,-1.6142628798779306
8.478038815,10.508483,-2.030444118044434
38.5840708,40.852825,-2.2687543647949227
76.53061224,72.31488,4.215731868906246
77.0310192,71.57386,5.457159031542972
76.26656274,75.628975,0.6375878254492164
17.21929164,14.28938,2.9299115664526383
38.18906873,39.081577,-0.8925085710253882
34.50051493,37.60467,-3.104156548271483
64.64,64.848694,-0.20869384765624943
64.75265018,58.61437,6.1382817412793
10.85549964,11.052669,-0.1971689314721683
23.40182648,30.265987,-6.864160916240234
17.40880659,14.5745945,2.834212092319337
16.27762602,13.60561,2.6720161262011715
65.32465938,68.287796,-2.9631366405078126
11.23595506,12.435425,-1.1994697446874998
10.65088757,11.875929,-1.2250413087841796
52.75,49.664967,3.085033416748047
30.32226563,32.12016,-1.7978935191699215
14.2162247,13.675055,0.5411701498291013
9.420289855,11.251844,-1.8315545511279296
53.02547771,47.146675,5.878802600136716
32.66475645,32.638107,0.026649150195311222
29.95348837,31.088482,-1.1349935330761731
7.8125,7.3946204,0.417879581451416
49.27007299,47.136864,2.133209281503909
66.76136364,72.51141,-5.750049934218751
13.72614664,14.28938,-0.5632334335473637
49.79757085,46.58135,3.2162224308105465
76.95783133,73.04266,3.9151677557812548
40.0,42.158688,-2.1586875915527344
36.05633803,39.365,-3.3086636484667977
13.23529412,15.321536,-2.0862419441479485
58.48563969,56.47261,2.013029216367187
50.55865922,54.173172,-3.61451277707031
65.44117647,59.23409,6.207087572294924
36.10223642,37.800983,-1.6987470089550811
11.27214171,11.572269,-0.300127729697266
49.0990991,48.770374,0.32872480190429343
60.98726115,53.91247,7.0747893787597675
74.34497817,75.261,-0.916023416914058
11.38211382,12.376774,-0.9946600142285149
34.84011054,36.86793,-2.027820825966799
16.39544345,12.776198,3.6192450628540023
45.80204778,48.65913,-2.8570823164355446
5.706101835,9.992696,-4.286593973410644
23.31060136,30.113361,-6.802759998642578
15.08487202,14.426268,0.6586043960986334
17.21117318,13.588191,3.6229821475903314
17.07442699,13.989314,3.0851129107153312
56.00443045,53.953617,2.0508133540527353
62.21470837,62.460773,-0.24606509801758136
10.14279181,12.327672,-2.1848801946997067
58.52534562,63.483734,-4.958388510859372
51.875,50.037376,1.8376235961914062
8.735801258,13.119331,-4.383530101863281
9.128561962,14.207629,-5.079067241796388
14.33305717,14.609004,-0.27594685069091796
60.46966732,53.996944,6.472722892509765
81.57894737,78.919395,2.6595519232226508
18.76958303,15.05204,3.7175429299023435
38.23360184,36.93333,1.3002713041113267
46.73217907,44.913948,1.8182310109179696
63.81145464,67.27659,-3.4651337999414054
69.41251596,71.35477,-1.9422508857031318
11.02362205,10.329143,0.6944794795043947
8.371181762,8.3205385,0.05064324118701258
8.753380018,7.8660455,0.8873345429938961
7.796621246,8.101748,-0.30512722049169927
39.71428571,36.64474,3.0695446516503893
57.31895223,61.377262,-4.058309885478515
58.29596413,62.287262,-3.9912978328906235
36.7366739,36.129215,0.6074586595214839
44.52247191,44.23008,0.2923922591210939
37.95493934,42.147804,-4.1928649202539034
30.99571734,33.63485,-2.639132208339845
5.753138075,7.3413134,-1.5881752871215822
38.66791452,35.892418,2.7754966122851528
58.06451613,51.339813,6.724702897578126
67.53246753,71.81475,-4.2822831413867135
61.63849155,62.701565,-1.0630732388183617
9.657717887,9.251784,0.40593356235400435
9.318755708,8.710235,0.6085210659711908
34.83693996,32.1256,2.711341052529299
66.66666667,64.4016,2.265062971269529
29.37409025,30.80077,-1.4266795559082048
8.282828283,7.1060658,1.1767625328779303
41.02259215,38.59095,2.43164213779297
45.8703939,43.727684,2.1427098790039096
63.13181368,64.33242,-1.2006066691210933
5.470616094,6.2337356,-0.7631194673708492
49.7441952,49.086285,0.6579105625488282
13.48905109,11.798641,1.6904098851660159
66.00263108,65.74755,0.2550801156445317
63.87973641,66.2951,-2.415360941074219
10.36217304,10.507918,-0.14574531784912104
70.61529615,67.487885,3.127411628515631
9.755545496,11.7041235,-1.9485780010092775
32.8358209,32.77252,0.06330274204101727
32.18997361,30.559906,1.6300676041406277
64.08706167,62.539288,1.5477741028613252
13.52615908,11.612146,1.9140127024365228
30.0,28.674356,1.325643539428711
31.73652695,26.600296,5.136230929492186
27.81954887,30.520788,-2.701239322749025
11.18460613,9.167142,2.017464215632325
32.53968254,33.518665,-0.978982773720702
43.88327722,38.010212,5.873065275419918
33.125,35.99891,-2.8739089965820312
6.488549618,9.601455,-3.1129051168022457
27.83018868,28.029686,-0.19949729412109463
59.3220339,57.4496,1.8724336802734385
51.06186519,53.963024,-2.901158949404298
9.075104312,9.534512,-0.4594072541621088
35.1786502,34.293507,0.8851435776855467
53.04315751,54.328785,-1.2856274326269528
49.97167139,54.903965,-4.932293606337893
59.25173704,58.27182,0.9799169716406269
26.54941374,27.21708,-0.6676654225976577
7.330827068,9.0261545,-1.6953274501274418
57.49486653,58.18936,-0.694495042265622
9.389074339,10.35086,-0.9617853030288082
21.0778844,27.080189,-6.002304351220705
13.39724106,14.465719,-1.0684781630224602
11.88811189,12.38882,-0.5007078045190436
69.37269373,64.6712,4.701490116718745
10.87685571,10.535576,0.3412798433007804
24.26767986,29.716785,-5.449105570908202
56.12682091,61.037224,-4.9104029059179695
32.93807642,32.184086,0.753990574052736
11.29032258,12.45791,-1.1675870040454104
13.47826087,11.328391,2.1498697948657224
69.238553,64.126854,5.111699057128902
68.37674296,65.19606,3.180682779335939
44.10540915,40.47977,3.625638489599609
36.91055546,37.385544,-0.47498836324218985
71.05364724,63.753067,7.300580223398441
9.598603839,11.662849,-2.0642455872695304
9.090909091,11.47791,-2.3870009508090817
10.14492754,11.863124,-1.7181963537377936
37.80068729,39.732132,-1.9314446680078134
71.27071823,69.46686,1.80386031984375
37.3015873,38.307255,-1.0056674912597643
19.49910555,22.351004,-2.8518980968505865
12.73134669,11.346915,1.3844314449438482
49.96094582,52.078583,-2.117636943671876
28.11449341,28.716333,-0.6018399792822251
55.11184756,57.27566,-2.1638139085058583
29.01508429,31.239296,-2.2242116694726555
20.81280631,24.355057,-3.5422504526953134
4.868749291,6.3108163,-1.4420669969943845
63.1884058,57.432846,5.755559730664061
17.47440273,12.064219,5.410183255207521
7.279693487,9.535784,-2.256090280700195
65.00754148,59.955982,5.051559271748047
20.04610951,21.388216,-1.342106508676757
43.31550802,47.286583,-3.971074926777341
43.98699892,46.67558,-2.688580151044924
24.30504305,23.609911,0.695132085034178
53.15199412,53.557037,-0.4050432335156273
40.49295775,29.387886,11.105071702636721
68.38340486,68.13957,0.24383271644531135
76.53429603,73.92847,2.605829233124993
69.64285714,71.47561,-1.83275168568359
81.21212121,74.871735,6.3403865908593815
7.939914163,11.628811,-3.6888967195683593
79.72027972,74.63105,5.089229610136712
88.67924528,78.208534,10.470711039277347
42.89245983,36.1923,6.700160940839844
15.43921917,15.481948,-0.04272872886474666
8.177905308,9.510822,-1.3329169881425784
28.47075405,30.293901,-1.8231473934814453
70.94017094,60.428196,10.511974986630861
10.15243026,10.587819,-0.4353888394262704
10.05822124,9.673068,0.38515319343017573
27.95941375,29.92975,-1.9703366925048833
32.31939163,31.289928,1.0294631937207015
54.36893204,60.843815,-6.4748828098535185
26.97368421,37.69984,-10.726156335654299
43.04932735,42.176834,0.8724932435546862
7.138777841,9.256997,-2.118219267459473
28.5,31.168715,-2.6687145233154297
8.456279237,9.53681,-1.080530684264648
23.46938776,27.895447,-4.42605901734375
8.278867102,9.350688,-1.071820878651856
32.73542601,42.88138,-10.145952163828127
26.90972222,27.563274,-0.6535521635449228
7.778432528,10.010451,-2.2320187888334964
8.779546551,10.475667,-1.6961204488168953
10.57884232,9.202141,1.376701511894531
10.78717201,9.551078,1.2360941672875985
40.57971014,37.30712,3.2725888631445343
13.40206186,9.625727,3.7763351601708983
5.347593583,9.495117,-4.1475236045
7.589285714,10.2662525,-2.6769668037001955
15.5226209,14.166651,1.3559701279052732
15.08553655,13.084181,2.001355718090821
41.76570458,40.59657,1.1691355187207009
43.77682403,41.8114,1.9654226628125002
15.25423729,11.262649,3.9915887075415046
9.009009009,12.518484,-3.5094751066005863
27.24416047,18.434464,8.809696969023438
73.08917197,66.96676,6.122413241972652
38.43830889,39.248898,-0.8105886624902325
10.3125,11.45627,-1.1437702178955078
47.04142012,47.55878,-0.5173605501660177
60.26200873,50.959507,9.302501741474607
78.38899804,74.93643,3.452566155234379
75.6302521,72.92743,2.702822900781257
42.85714286,43.68606,-0.8289189991308561
3.717135086,12.182867,-8.4657319641709
20.19704433,14.471724,5.725320773481446
73.75886525,66.26412,7.494743240722656
49.00497512,51.239635,-2.2346603475292994
46.31091069,46.032066,0.2788443447851563
59.8510882,53.133537,6.717550907519531
61.57024793,59.568127,2.002121251533204
